"gender","condtn","wave","round","position","order","partner","match","int_corr","samerace","age_o","race_o","pf_o_att","pf_o_sin","pf_o_int","pf_o_fun","pf_o_amb","pf_o_sha","dec_o","attr_o","sinc_o","intel_o","fun_o","amb_o","shar_o","like_o","prob_o","met_o","age","field_cd","race","imprace","imprelig","goal","date","go_out","career_c","sports","tvsports","exercise","dining","museums","art","hiking","gaming","clubbing","reading","tv","theater","movies","concerts","music","shopping","yoga","exphappy","attr1_1","sinc1_1","intel1_1","fun1_1","amb1_1","shar1_1","attr2_1","sinc2_1","intel2_1","fun2_1","amb2_1","shar2_1","attr3_1","sinc3_1","fun3_1","intel3_1","amb3_1","dec","attr","sinc","intel","fun","amb","shar","like","prob","met","satis_2","length","numdat_2","attr1_2","sinc1_2","intel1_2","fun1_2","amb1_2","shar1_2","attr3_2","sinc3_2","intel3_2","fun3_2","amb3_2","you_call","them_cal","date_3","attr1_3","sinc1_3","intel1_3","fun1_3","amb1_3","shar1_3","attr3_3","sinc3_3","intel3_3","fun3_3","amb3_3"
0,1,1,10,6,3,1,0,-0.18,1,27,2,35,20,20,20,0,5,0,6,7,8,7,7,5,6,3,2,23,1,2,1,1,1,5,1,1,1,1,6,7,6,7,7,5,7,7,7,9,7,8,7,1,8,1,20,20,20,20,10,10,30,10,15,30,5,10,7,8,9,7,8,0,4,10,8,5,8,7,6,7,2,4,3,2,24.14,13.79,20.69,27.59,10.34,3.45,6,8,7,8,6,0,0,0,20,20,20,20,0,20,6,5,6,8,5
0,1,1,10,6,2,2,0,-0.18,1,22,2,60,0,0,40,0,0,0,6,5,10,6,6,5,6,3,1,23,1,2,1,1,1,5,1,1,1,1,6,7,6,7,7,5,7,7,7,9,7,8,7,1,8,1,20,20,20,20,10,10,30,10,15,30,5,10,7,8,9,7,8,0,8,7,8,10,7,8,8,1,1,4,3,2,24.14,13.79,20.69,27.59,10.34,3.45,6,8,7,8,6,0,0,0,20,20,20,20,0,20,6,5,6,8,5
0,1,1,10,6,4,4,1,-0.18,1,23,2,30,5,15,40,5,5,1,7,7,7,9,9,9,8,10,1,23,1,2,1,1,1,5,1,1,1,1,6,7,6,7,7,5,7,7,7,9,7,8,7,1,8,1,20,20,20,20,10,10,30,10,15,30,5,10,7,8,9,7,8,1,8,10,7,10,7,10,8,10,1,4,3,2,24.14,13.79,20.69,27.59,10.34,3.45,6,8,7,8,6,0,0,0,20,20,20,20,0,20,6,5,6,8,5
0,1,1,10,6,6,5,0,0.21,0,24,3,30,10,20,10,10,20,1,8,8,9,8,8,9,9,7,2,23,1,2,1,1,1,5,1,1,1,1,6,7,6,7,7,5,7,7,7,9,7,8,7,1,8,1,20,20,20,20,10,10,30,10,15,30,5,10,7,8,9,7,8,0,6,9,8,9,8,9,7,7,2,4,3,2,24.14,13.79,20.69,27.59,10.34,3.45,6,8,7,8,6,0,0,0,20,20,20,20,0,20,6,5,6,8,5
0,1,1,10,6,5,6,0,0.37,1,25,2,50,0,30,10,0,10,1,6,6,7,7,8,7,6,6,2,23,1,2,1,1,1,5,1,1,1,1,6,7,6,7,7,5,7,7,7,9,7,8,7,1,8,1,20,20,20,20,10,10,30,10,15,30,5,10,7,8,9,7,8,0,5,10,8,4,8,2,4,3,2,4,3,2,24.14,13.79,20.69,27.59,10.34,3.45,6,8,7,8,6,0,0,0,20,20,20,20,0,20,6,5,6,8,5
0,1,1,10,6,10,7,0,0.35,1,30,2,35,15,25,10,5,10,1,7,6,3,5,6,5,6,4,2,23,1,2,1,1,1,5,1,1,1,1,6,7,6,7,7,5,7,7,7,9,7,8,7,1,8,1,20,20,20,20,10,10,30,10,15,30,5,10,7,8,9,7,8,0,7,10,10,7,10,5,5,1,2,4,3,2,24.14,13.79,20.69,27.59,10.34,3.45,6,8,7,8,6,0,0,0,20,20,20,20,0,20,6,5,6,8,5
0,1,1,10,6,1,8,0,0.15,1,27,2,33.33,11.11,11.11,11.11,11.11,22.22,0,6,7,8,6,6,5,7,7,2,23,1,2,1,1,1,5,1,1,1,1,6,7,6,7,7,5,7,7,7,9,7,8,7,1,8,1,20,20,20,20,10,10,30,10,15,30,5,10,7,8,9,7,8,0,5,9,9,5,9,7,6,6,2,4,3,2,24.14,13.79,20.69,27.59,10.34,3.45,6,8,7,8,6,0,0,0,20,20,20,20,0,20,6,5,6,8,5
0,1,1,10,6,7,9,1,-0.47,1,28,2,50,0,25,10,0,15,1,7,7,7,10,9,10,8,8,2,23,1,2,1,1,1,5,1,1,1,1,6,7,6,7,7,5,7,7,7,9,7,8,7,1,8,1,20,20,20,20,10,10,30,10,15,30,5,10,7,8,9,7,8,1,9,8,10,10,7,8,8,8,2,4,3,2,24.14,13.79,20.69,27.59,10.34,3.45,6,8,7,8,6,0,0,0,20,20,20,20,0,20,6,5,6,8,5
0,1,1,10,6,8,10,0,-0.19,1,24,2,100,0,0,0,0,0,0,7,8,8,7,8,7,7,7,2,23,1,2,1,1,1,5,1,1,1,1,6,7,6,7,7,5,7,7,7,9,7,8,7,1,8,1,20,20,20,20,10,10,30,10,15,30,5,10,7,8,9,7,8,1,8,9,10,10,8,8,10,8,2,4,3,2,24.14,13.79,20.69,27.59,10.34,3.45,6,8,7,8,6,0,0,0,20,20,20,20,0,20,6,5,6,8,5
0,1,1,10,4,1,1,0,-0.43,1,27,2,35,20,20,20,0,5,0,6,8,8,8,7,6,6,5,2,21,1,2,8,1,2,4,1,1,7,4,7,7,6,8,6,6,8,6,8,6,6,3,7,8,3,7,20,5,25,25,10,15,50,10,10,20,5,5,6,3,6,10,8,0,5,8,8,2,2,2,7,5,2,7,2,2,15.79,13.16,18.42,15.79,15.79,21.05,6,6,9,9,9,0,0,0,30,10,20,20,10,10,4,5,10,6,10
0,1,1,10,4,10,2,0,0,1,22,2,60,0,0,40,0,0,0,6,7,10,7,6,5,7,4,1,21,1,2,8,1,2,4,1,1,7,4,7,7,6,8,6,6,8,6,8,6,6,3,7,8,3,7,20,5,25,25,10,15,50,10,10,20,5,5,6,3,6,10,8,0,8,6,6,5,5,5,6,4,1,7,2,2,15.79,13.16,18.42,15.79,15.79,21.05,6,6,9,9,9,0,0,0,30,10,20,20,10,10,4,5,10,6,10
0,1,1,10,4,7,3,0,-0.17,0,22,4,19,18,19,18,14,12,1,10,10,10,10,10,10,10,10,1,21,1,2,8,1,2,4,1,1,7,4,7,7,6,8,6,6,8,6,8,6,6,3,7,8,3,7,20,5,25,25,10,15,50,10,10,20,5,5,6,3,6,10,8,0,4,6,8,8,6,5,6,5,1,7,2,2,15.79,13.16,18.42,15.79,15.79,21.05,6,6,9,9,9,0,0,0,30,10,20,20,10,10,4,5,10,6,10
0,1,1,10,4,2,4,1,0.08,1,23,2,30,5,15,40,5,5,1,6,8,6,8,10,10,7,7,1,21,1,2,8,1,2,4,1,1,7,4,7,7,6,8,6,6,8,6,8,6,6,3,7,8,3,7,20,5,25,25,10,15,50,10,10,20,5,5,6,3,6,10,8,1,8,5,5,7,7,9,8,2,1,7,2,2,15.79,13.16,18.42,15.79,15.79,21.05,6,6,9,9,9,0,0,0,30,10,20,20,10,10,4,5,10,6,10
0,1,1,10,4,4,5,0,-0.16,0,24,3,30,10,20,10,10,20,0,5,9,9,7,9,5,5,7,2,21,1,2,8,1,2,4,1,1,7,4,7,7,6,8,6,6,8,6,8,6,6,3,7,8,3,7,20,5,25,25,10,15,50,10,10,20,5,5,6,3,6,10,8,0,6,7,7,5,4,8,7,4,2,7,2,2,15.79,13.16,18.42,15.79,15.79,21.05,6,6,9,9,9,0,0,0,30,10,20,20,10,10,4,5,10,6,10
0,1,1,10,4,3,6,0,0.06,1,25,2,50,0,30,10,0,10,0,5,8,7,7,7,7,6,7,2,21,1,2,8,1,2,4,1,1,7,4,7,7,6,8,6,6,8,6,8,6,6,3,7,8,3,7,20,5,25,25,10,15,50,10,10,20,5,5,6,3,6,10,8,1,5,6,7,5,7,8,7,3,2,7,2,2,15.79,13.16,18.42,15.79,15.79,21.05,6,6,9,9,9,0,0,0,30,10,20,20,10,10,4,5,10,6,10
0,1,1,10,4,8,7,0,-0.05,1,30,2,35,15,25,10,5,10,0,2,3,4,4,5,3,3,3,2,21,1,2,8,1,2,4,1,1,7,4,7,7,6,8,6,6,8,6,8,6,6,3,7,8,3,7,20,5,25,25,10,15,50,10,10,20,5,5,6,3,6,10,8,1,6,6,8,5,5,6,6,3,2,7,2,2,15.79,13.16,18.42,15.79,15.79,21.05,6,6,9,9,9,0,0,0,30,10,20,20,10,10,4,5,10,6,10
0,1,1,10,4,9,8,0,0.07,1,27,2,33.33,11.11,11.11,11.11,11.11,22.22,0,5,5,6,5,5,5,6,5,2,21,1,2,8,1,2,4,1,1,7,4,7,7,6,8,6,6,8,6,8,6,6,3,7,8,3,7,20,5,25,25,10,15,50,10,10,20,5,5,6,3,6,10,8,1,5,5,7,6,7,5,6,4,2,7,2,2,15.79,13.16,18.42,15.79,15.79,21.05,6,6,9,9,9,0,0,0,30,10,20,20,10,10,4,5,10,6,10
0,1,1,10,4,5,9,1,-0.13,1,28,2,50,0,25,10,0,15,1,5,9,9,9,9,6,7,7,2,21,1,2,8,1,2,4,1,1,7,4,7,7,6,8,6,6,8,6,8,6,6,3,7,8,3,7,20,5,25,25,10,15,50,10,10,20,5,5,6,3,6,10,8,1,7,5,7,8,7,9,9,4,2,7,2,2,15.79,13.16,18.42,15.79,15.79,21.05,6,6,9,9,9,0,0,0,30,10,20,20,10,10,4,5,10,6,10
0,1,1,10,4,6,10,0,-0.06,1,24,2,100,0,0,0,0,0,0,3,10,7,7,10,5,4,10,2,21,1,2,8,1,2,4,1,1,7,4,7,7,6,8,6,6,8,6,8,6,6,3,7,8,3,7,20,5,25,25,10,15,50,10,10,20,5,5,6,3,6,10,8,1,9,6,7,9,6,5,10,3,2,7,2,2,15.79,13.16,18.42,15.79,15.79,21.05,6,6,9,9,9,0,0,0,30,10,20,20,10,10,4,5,10,6,10
1,1,1,10,7,7,1,1,0.21,0,21,4,15,20,20,15,15,15,1,5,6,7,7,6,6,6,6,2,24,1,3,3,1,1,4,1,1,9,7,9,7,4,3,6,7,9,8,6,9,9,6,7,2,1,5,30,10,20,10,10,20,20,20,20,20,10,10,7,7,7,9,9,1,8,7,9,6,9,7,8,6,2,8,2,1,21.21,18.18,12.12,21.21,6.06,21.21,7,7,9,7,9,3,0,0,30,10,20,20,5,15,7,7,9,7,9
1,1,1,10,3,3,2,0,0.32,0,24,2,45,5,25,20,0,5,0,6,8,7,9,7,8,8,6,1,24,1,3,3,1,1,4,1,1,9,7,9,7,4,3,6,7,9,8,6,9,9,6,7,2,1,5,30,10,20,10,10,20,20,20,20,20,10,10,7,7,7,9,9,1,10,10,10,10,7,8,10,1,1,8,2,1,21.21,18.18,12.12,21.21,6.06,21.21,7,7,9,7,9,3,0,0,30,10,20,20,5,15,7,7,9,7,9
1,1,1,10,6,6,4,0,0.21,0,23,2,20,20,20,20,10,10,0,6,9,8,9,8,9,7,7,2,24,1,3,3,1,1,4,1,1,9,7,9,7,4,3,6,7,9,8,6,9,9,6,7,2,1,5,30,10,20,10,10,20,20,20,20,20,10,10,7,7,7,9,9,1,8,8,9,8,8,9,9,7,2,8,2,1,21.21,18.18,12.12,21.21,6.06,21.21,7,7,9,7,9,3,0,0,30,10,20,20,5,15,7,7,9,7,9
1,1,1,10,4,4,5,0,-0.16,0,21,2,20,5,25,25,10,15,0,6,7,7,5,4,8,7,4,2,24,1,3,3,1,1,4,1,1,9,7,9,7,4,3,6,7,9,8,6,9,9,6,7,2,1,5,30,10,20,10,10,20,20,20,20,20,10,10,7,7,7,9,9,0,5,9,9,7,9,5,5,7,2,8,2,1,21.21,18.18,12.12,21.21,6.06,21.21,7,7,9,7,9,3,0,0,30,10,20,20,5,15,7,7,9,7,9
1,1,1,10,8,8,6,0,0.35,0,23,4,10,25,20,25,5,15,0,5,4,8,8,4,2,4,3,1,24,1,3,3,1,1,4,1,1,9,7,9,7,4,3,6,7,9,8,6,9,9,6,7,2,1,5,30,10,20,10,10,20,20,20,20,20,10,10,7,7,7,9,9,1,9,7,9,7,9,6,9,2,1,8,2,1,21.21,18.18,12.12,21.21,6.06,21.21,7,7,9,7,9,3,0,0,30,10,20,20,5,15,7,7,9,7,9
1,1,1,10,5,5,7,0,-0.27,0,22,4,15,15,25,20,15,10,0,4,7,7,4,8,5,5,6,1,24,1,3,3,1,1,4,1,1,9,7,9,7,4,3,6,7,9,8,6,9,9,6,7,2,1,5,30,10,20,10,10,20,20,20,20,20,10,10,7,7,7,9,9,1,8,7,9,6,9,5,8,4,2,8,2,1,21.21,18.18,12.12,21.21,6.06,21.21,7,7,9,7,9,3,0,0,30,10,20,20,5,15,7,7,9,7,9
1,1,1,10,1,1,9,1,-0.01,0,26,6,20,10,20,30,10,10,1,5,10,8,8,5,5,5,5,2,24,1,3,3,1,1,4,1,1,9,7,9,7,4,3,6,7,9,8,6,9,9,6,7,2,1,5,30,10,20,10,10,20,20,20,20,20,10,10,7,7,7,9,9,1,7,9,8,9,7,7,7,8,2,8,2,1,21.21,18.18,12.12,21.21,6.06,21.21,7,7,9,7,9,3,0,0,30,10,20,20,5,15,7,7,9,7,9
1,1,1,10,7,6,1,0,0.25,0,21,4,15,20,20,15,15,15,0,4,9,7,4,6,4,6,5,2,25,8,2,9,2,1,5,1,7,7,2,6,7,7,7,5,5,5,8,3,7,8,7,8,6,1,7,50,0,30,10,0,10,50,5,30,5,5,5,6,6,8,8,6,1,7,7,8,8,7,7,7,6,2,7,2,1,19.51,14.63,17.07,17.07,14.63,17.07,6,7,8,8,7,0,0,0,50,0,20,10,10,10,6,6,8,8,8
1,1,1,10,3,2,2,0,0.73,1,24,2,45,5,25,20,0,5,0,8,7,8,3,6,2,6,5,2,25,8,2,9,2,1,5,1,7,7,2,6,7,7,7,5,5,5,8,3,7,8,7,8,6,1,7,50,0,30,10,0,10,50,5,30,5,5,5,6,6,8,8,6,1,7,8,7,5,7,7,7,5,2,7,2,1,19.51,14.63,17.07,17.07,14.63,17.07,6,7,8,8,7,0,0,0,50,0,20,10,10,10,6,6,8,8,8
1,1,1,10,6,5,4,0,0.37,1,23,2,20,20,20,20,10,10,0,5,10,8,4,8,2,4,3,2,25,8,2,9,2,1,5,1,7,7,2,6,7,7,7,5,5,5,8,3,7,8,7,8,6,1,7,50,0,30,10,0,10,50,5,30,5,5,5,6,6,8,8,6,1,6,6,7,7,8,7,6,6,2,7,2,1,19.51,14.63,17.07,17.07,14.63,17.07,6,7,8,8,7,0,0,0,50,0,20,10,10,10,6,6,8,8,8
1,1,1,10,4,3,5,0,0.06,1,21,2,20,5,25,25,10,15,1,5,6,7,5,7,8,7,3,2,25,8,2,9,2,1,5,1,7,7,2,6,7,7,7,5,5,5,8,3,7,8,7,8,6,1,7,50,0,30,10,0,10,50,5,30,5,5,5,6,6,8,8,6,0,5,8,7,7,7,7,6,7,2,7,2,1,19.51,14.63,17.07,17.07,14.63,17.07,6,7,8,8,7,0,0,0,50,0,20,10,10,10,6,6,8,8,8
1,1,1,10,8,7,6,0,0.19,0,23,4,10,25,20,25,5,15,0,3,7,6,1,1,1,2,2,2,25,8,2,9,2,1,5,1,7,7,2,6,7,7,7,5,5,5,8,3,7,8,7,8,6,1,7,50,0,30,10,0,10,50,5,30,5,5,5,6,6,8,8,6,1,6,6,8,8,8,7,6,6,2,7,2,1,19.51,14.63,17.07,17.07,14.63,17.07,6,7,8,8,7,0,0,0,50,0,20,10,10,10,6,6,8,8,8
1,1,1,10,5,4,7,0,0.59,0,22,4,15,15,25,20,15,10,0,4,8,7,4,5,4,5,5,2,25,8,2,9,2,1,5,1,7,7,2,6,7,7,7,5,5,5,8,3,7,8,7,8,6,1,7,50,0,30,10,0,10,50,5,30,5,5,5,6,6,8,8,6,1,8,8,8,6,6,6,7,7,2,7,2,1,19.51,14.63,17.07,17.07,14.63,17.07,6,7,8,8,7,0,0,0,50,0,20,10,10,10,6,6,8,8,8
1,1,1,10,10,9,8,1,0.28,1,25,2,9.09,18.18,27.27,18.18,18.18,9.09,1,6,8,8,5,6,7,6,5,2,25,8,2,9,2,1,5,1,7,7,2,6,7,7,7,5,5,5,8,3,7,8,7,8,6,1,7,50,0,30,10,0,10,50,5,30,5,5,5,6,6,8,8,6,1,8,7,7,7,8,7,7,6,2,7,2,1,19.51,14.63,17.07,17.07,14.63,17.07,6,7,8,8,7,0,0,0,50,0,20,10,10,10,6,6,8,8,8
1,1,1,10,1,10,9,1,0.42,0,26,6,20,10,20,30,10,10,1,8,9,9,7,6,5,6,5,2,25,8,2,9,2,1,5,1,7,7,2,6,7,7,7,5,5,5,8,3,7,8,7,8,6,1,7,50,0,30,10,0,10,50,5,30,5,5,5,6,6,8,8,6,1,6,6,7,8,7,7,6,5,2,7,2,1,19.51,14.63,17.07,17.07,14.63,17.07,6,7,8,8,7,0,0,0,50,0,20,10,10,10,6,6,8,8,8
1,1,1,10,7,1,1,0,0.34,0,21,4,15,20,20,15,15,15,1,7,6,7,4,6,7,6,5,2,30,13,2,1,1,3,3,2,2,8,2,9,7,7,5,4,2,6,4,2,7,9,7,7,2,2,4,35,15,25,10,5,10,25,20,20,20,10,5,7,7,6,8,4,0,3,6,7,5,8,7,2,1,2,5,3,2,30,16.67,20,20,6.67,6.67,6,7,8,5,7,1,1,0,40,20,25,5,5,5,7,8,8,6,6
1,1,1,10,3,7,2,0,0.6,1,24,2,45,5,25,20,0,5,1,7,5,9,6,7,9,8,7,2,30,13,2,1,1,3,3,2,2,8,2,9,7,7,5,4,2,6,4,2,7,9,7,7,2,2,4,35,15,25,10,5,10,25,20,20,20,10,5,7,7,6,8,4,0,5,3,4,3,5,3,4,3,2,5,3,2,30,16.67,20,20,6.67,6.67,6,7,8,5,7,1,1,0,40,20,25,5,5,5,7,8,8,6,6
1,1,1,10,9,3,3,0,-0.26,1,25,2,35,10,35,10,10,0,0,8,9,10,7,7,9,8,7,2,30,13,2,1,1,3,3,2,2,8,2,9,7,7,5,4,2,6,4,2,7,9,7,7,2,2,4,35,15,25,10,5,10,25,20,20,20,10,5,7,7,6,8,4,0,6,3,5,4,5,4,2,2,2,5,3,2,30,16.67,20,20,6.67,6.67,6,7,8,5,7,1,1,0,40,20,25,5,5,5,7,8,8,6,6
1,1,1,10,6,10,4,0,0.35,1,23,2,20,20,20,20,10,10,0,7,10,10,7,10,5,5,1,2,30,13,2,1,1,3,3,2,2,8,2,9,7,7,5,4,2,6,4,2,7,9,7,7,2,2,4,35,15,25,10,5,10,25,20,20,20,10,5,7,7,6,8,4,1,7,6,3,5,6,5,6,4,2,5,3,2,30,16.67,20,20,6.67,6.67,6,7,8,5,7,1,1,0,40,20,25,5,5,5,7,8,8,6,6
1,1,1,10,4,8,5,0,-0.05,1,21,2,20,5,25,25,10,15,1,6,6,8,5,5,6,6,3,2,30,13,2,1,1,3,3,2,2,8,2,9,7,7,5,4,2,6,4,2,7,9,7,7,2,2,4,35,15,25,10,5,10,25,20,20,20,10,5,7,7,6,8,4,0,2,3,4,4,5,3,3,3,2,5,3,2,30,16.67,20,20,6.67,6.67,6,7,8,5,7,1,1,0,40,20,25,5,5,5,7,8,8,6,6
1,1,1,10,8,2,6,0,0.47,0,23,4,10,25,20,25,5,15,1,8,8,8,8,3,4,8,7,2,30,13,2,1,1,3,3,2,2,8,2,9,7,7,5,4,2,6,4,2,7,9,7,7,2,2,4,35,15,25,10,5,10,25,20,20,20,10,5,7,7,6,8,4,0,5,6,8,4,5,4,3,3,2,5,3,2,30,16.67,20,20,6.67,6.67,6,7,8,5,7,1,1,0,40,20,25,5,5,5,7,8,8,6,6
1,1,1,10,5,9,7,0,0.31,0,22,4,15,15,25,20,15,10,1,7,7,8,7,7,7,8,7,2,30,13,2,1,1,3,3,2,2,8,2,9,7,7,5,4,2,6,4,2,7,9,7,7,2,2,4,35,15,25,10,5,10,25,20,20,20,10,5,7,7,6,8,4,0,7,6,5,4,4,3,5,4,2,5,3,2,30,16.67,20,20,6.67,6.67,6,7,8,5,7,1,1,0,40,20,25,5,5,5,7,8,8,6,6
1,1,1,10,10,4,8,0,0.05,1,25,2,9.09,18.18,27.27,18.18,18.18,9.09,1,6,7,8,5,7,7,6,6,2,30,13,2,1,1,3,3,2,2,8,2,9,7,7,5,4,2,6,4,2,7,9,7,7,2,2,4,35,15,25,10,5,10,25,20,20,20,10,5,7,7,6,8,4,0,6,4,7,5,6,4,4,4,2,5,3,2,30,16.67,20,20,6.67,6.67,6,7,8,5,7,1,1,0,40,20,25,5,5,5,7,8,8,6,6
1,1,1,10,1,5,9,1,0.21,0,26,6,20,10,20,30,10,10,1,6,8,9,6,6,6,7,5,2,30,13,2,1,1,3,3,2,2,8,2,9,7,7,5,4,2,6,4,2,7,9,7,7,2,2,4,35,15,25,10,5,10,25,20,20,20,10,5,7,7,6,8,4,1,8,6,7,8,6,5,8,4,2,5,3,2,30,16.67,20,20,6.67,6.67,6,7,8,5,7,1,1,0,40,20,25,5,5,5,7,8,8,6,6
1,1,1,10,3,8,2,0,0.07,1,24,2,45,5,25,20,0,5,0,5,8,7,5,9,5,5,6,2,27,8,2,8,8,1,6,1,7,5,5,5,9,4,3,4,4,2,6,9,3,9,3,6,2,1,5,33.33,11.11,11.11,11.11,11.11,22.22,10,10,20,25,25,10,6,8,6,8,9,1,7,7,7,7,7,5,7,6,2,5,2,1,24.39,12.2,17.07,14.63,14.63,17.07,6,8,8,6,9,1,0,0,35,10,15,15,15,10,6,7,8,6,9
1,1,1,10,9,4,3,0,0.29,1,25,2,35,10,35,10,10,0,0,7,9,9,8,9,7,8,7,2,27,8,2,8,8,1,6,1,7,5,5,5,9,4,3,4,4,2,6,9,3,9,3,6,2,1,5,33.33,11.11,11.11,11.11,11.11,22.22,10,10,20,25,25,10,6,8,6,8,9,0,4,5,6,4,6,4,5,1,2,5,2,1,24.39,12.2,17.07,14.63,14.63,17.07,6,8,8,6,9,1,0,0,35,10,15,15,15,10,6,7,8,6,9
1,1,1,10,6,1,4,0,0.15,1,23,2,20,20,20,20,10,10,0,5,9,9,5,9,7,6,6,2,27,8,2,8,8,1,6,1,7,5,5,5,9,4,3,4,4,2,6,9,3,9,3,6,2,1,5,33.33,11.11,11.11,11.11,11.11,22.22,10,10,20,25,25,10,6,8,6,8,9,0,6,7,8,6,6,5,7,7,2,5,2,1,24.39,12.2,17.07,14.63,14.63,17.07,6,8,8,6,9,1,0,0,35,10,15,15,15,10,6,7,8,6,9
1,1,1,10,4,9,5,0,0.07,1,21,2,20,5,25,25,10,15,1,5,5,7,6,7,5,6,4,2,27,8,2,8,8,1,6,1,7,5,5,5,9,4,3,4,4,2,6,9,3,9,3,6,2,1,5,33.33,11.11,11.11,11.11,11.11,22.22,10,10,20,25,25,10,6,8,6,8,9,0,5,5,6,5,5,5,6,5,2,5,2,1,24.39,12.2,17.07,14.63,14.63,17.07,6,8,8,6,9,1,0,0,35,10,15,15,15,10,6,7,8,6,9
1,1,1,10,8,3,6,0,0.03,0,23,4,10,25,20,25,5,15,0,4,8,9,2,8,3,5,5,2,27,8,2,8,8,1,6,1,7,5,5,5,9,4,3,4,4,2,6,9,3,9,3,6,2,1,5,33.33,11.11,11.11,11.11,11.11,22.22,10,10,20,25,25,10,6,8,6,8,9,0,6,7,8,7,8,5,7,6,2,5,2,1,24.39,12.2,17.07,14.63,14.63,17.07,6,8,8,6,9,1,0,0,35,10,15,15,15,10,6,7,8,6,9
1,1,1,10,5,10,7,0,0.08,0,22,4,15,15,25,20,15,10,0,5,7,8,5,9,5,5,7,2,27,8,2,8,8,1,6,1,7,5,5,5,9,4,3,4,4,2,6,9,3,9,3,6,2,1,5,33.33,11.11,11.11,11.11,11.11,22.22,10,10,20,25,25,10,6,8,6,8,9,1,8,7,6,7,7,5,7,5,2,5,2,1,24.39,12.2,17.07,14.63,14.63,17.07,6,8,8,6,9,1,0,0,35,10,15,15,15,10,6,7,8,6,9
1,1,1,10,10,5,8,1,0.17,1,25,2,9.09,18.18,27.27,18.18,18.18,9.09,1,5,6,7,4,5,6,5,4,2,27,8,2,8,8,1,6,1,7,5,5,5,9,4,3,4,4,2,6,9,3,9,3,6,2,1,5,33.33,11.11,11.11,11.11,11.11,22.22,10,10,20,25,25,10,6,8,6,8,9,1,9,8,8,8,7,5,7,5,2,5,2,1,24.39,12.2,17.07,14.63,14.63,17.07,6,8,8,6,9,1,0,0,35,10,15,15,15,10,6,7,8,6,9
1,1,1,10,1,6,9,0,0.1,0,26,6,20,10,20,30,10,10,1,6,7,8,7,9,6,7,5,2,27,8,2,8,8,1,6,1,7,5,5,5,9,4,3,4,4,2,6,9,3,9,3,6,2,1,5,33.33,11.11,11.11,11.11,11.11,22.22,10,10,20,25,25,10,6,8,6,8,9,0,7,7,7,7,6,5,7,5,2,5,2,1,24.39,12.2,17.07,14.63,14.63,17.07,6,8,8,6,9,1,0,0,35,10,15,15,15,10,6,7,8,6,9
0,2,2,16,5,6,1,0,-0.23,1,25,4,25,20,25,20,10,0,0,3,10,10,6,4,7,4,1,2,21,5,4,8,10,6,7,4,10,10,8,10,5,5,5,2,1,3,7,10,4,7,4,8,5,2,5,12,18,20,16,16,18,35,15,10,15,5,20,5,9,7,9,10,0,6,8,7,9,5,7,9,1,1,6,3,3,20,15,20,15,10,20,6,9,9,7,10,0,0,0,15,20,20,20,10,15,5,9,9,7,9
0,2,2,16,5,11,4,0,0.43,0,24,2,25,35,30,10,0,0,0,4,5,6,4,6,2,5,2,2,21,5,4,8,10,6,7,4,10,10,8,10,5,5,5,2,1,3,7,10,4,7,4,8,5,2,5,12,18,20,16,16,18,35,15,10,15,5,20,5,9,7,9,10,0,5,8,8,4,9,3,6,1,2,6,3,3,20,15,20,15,10,20,6,9,9,7,10,0,0,0,15,20,20,20,10,15,5,9,9,7,9
0,2,2,16,5,15,5,0,-0.4,0,24,2,25,15,25,25,15,15,1,6,7,8,6,7,7,8,8,2,21,5,4,8,10,6,7,4,10,10,8,10,5,5,5,2,1,3,7,10,4,7,4,8,5,2,5,12,18,20,16,16,18,35,15,10,15,5,20,5,9,7,9,10,0,7,7,8,5,7,2,6,1,2,6,3,3,20,15,20,15,10,20,6,9,9,7,10,0,0,0,15,20,20,20,10,15,5,9,9,7,9
0,2,2,16,5,2,6,0,0.01,0,28,2,25,15,25,15,0,20,1,7,8,8,7,9,6,7,7,2,21,5,4,8,10,6,7,4,10,10,8,10,5,5,5,2,1,3,7,10,4,7,4,8,5,2,5,12,18,20,16,16,18,35,15,10,15,5,20,5,9,7,9,10,0,6,8,8,6,8,4,5,2,2,6,3,3,20,15,20,15,10,20,6,9,9,7,10,0,0,0,15,20,20,20,10,15,5,9,9,7,9
0,2,2,16,5,5,7,0,0.22,0,26,2,20,35,20,10,10,5,0,6,7,10,8,9,8,8,6,2,21,5,4,8,10,6,7,4,10,10,8,10,5,5,5,2,1,3,7,10,4,7,4,8,5,2,5,12,18,20,16,16,18,35,15,10,15,5,20,5,9,7,9,10,0,6,8,8,6,8,5,8,2,2,6,3,3,20,15,20,15,10,20,6,9,9,7,10,0,0,0,15,20,20,20,10,15,5,9,9,7,9
0,2,2,16,5,12,8,0,-0.06,0,30,2,20,20,25,25,5,5,1,9,5,6,5,5,7,5,6,2,21,5,4,8,10,6,7,4,10,10,8,10,5,5,5,2,1,3,7,10,4,7,4,8,5,2,5,12,18,20,16,16,18,35,15,10,15,5,20,5,9,7,9,10,0,4,7,7,4,7,3,5,1,2,6,3,3,20,15,20,15,10,20,6,9,9,7,10,0,0,0,15,20,20,20,10,15,5,9,9,7,9
0,2,2,16,5,16,9,0,-0.08,0,22,2,30,15,25,25,5,0,0,3,8,5,5,8,3,4,2,2,21,5,4,8,10,6,7,4,10,10,8,10,5,5,5,2,1,3,7,10,4,7,4,8,5,2,5,12,18,20,16,16,18,35,15,10,15,5,20,5,9,7,9,10,0,7,7,7,5,6,3,6,1,2,6,3,3,20,15,20,15,10,20,6,9,9,7,10,0,0,0,15,20,20,20,10,15,5,9,9,7,9
0,2,2,16,5,3,10,0,0.28,1,25,4,20,20,20,20,5,15,0,6,7,8,4,6,4,6,6,2,21,5,4,8,10,6,7,4,10,10,8,10,5,5,5,2,1,3,7,10,4,7,4,8,5,2,5,12,18,20,16,16,18,35,15,10,15,5,20,5,9,7,9,10,1,9,9,10,9,9,8,9,5,2,6,3,3,20,15,20,15,10,20,6,9,9,7,10,0,0,0,15,20,20,20,10,15,5,9,9,7,9
0,2,2,16,5,13,12,0,0.44,0,23,2,25,10,35,15,0,15,0,2,8,8,3,2,2,5,3,2,21,5,4,8,10,6,7,4,10,10,8,10,5,5,5,2,1,3,7,10,4,7,4,8,5,2,5,12,18,20,16,16,18,35,15,10,15,5,20,5,9,7,9,10,0,7,4,6,4,4,2,2,1,2,6,3,3,20,15,20,15,10,20,6,9,9,7,10,0,0,0,15,20,20,20,10,15,5,9,9,7,9
0,2,2,16,5,14,13,0,0.62,0,21,2,15,20,15,30,5,15,0,6,6,8,6,7,6,6,3,2,21,5,4,8,10,6,7,4,10,10,8,10,5,5,5,2,1,3,7,10,4,7,4,8,5,2,5,12,18,20,16,16,18,35,15,10,15,5,20,5,9,7,9,10,0,5,8,8,5,8,2,6,1,2,6,3,3,20,15,20,15,10,20,6,9,9,7,10,0,0,0,15,20,20,20,10,15,5,9,9,7,9
0,2,2,16,5,9,14,0,-0.08,0,28,2,40,15,20,10,5,10,0,6,8,8,7,7,6,7,7,2,21,5,4,8,10,6,7,4,10,10,8,10,5,5,5,2,1,3,7,10,4,7,4,8,5,2,5,12,18,20,16,16,18,35,15,10,15,5,20,5,9,7,9,10,0,6,8,7,7,7,2,6,1,2,6,3,3,20,15,20,15,10,20,6,9,9,7,10,0,0,0,15,20,20,20,10,15,5,9,9,7,9
0,2,2,16,5,10,15,0,-0.2,0,28,2,40,20,20,20,0,0,0,5,7,7,7,7,5,5,5,2,21,5,4,8,10,6,7,4,10,10,8,10,5,5,5,2,1,3,7,10,4,7,4,8,5,2,5,12,18,20,16,16,18,35,15,10,15,5,20,5,9,7,9,10,0,6,8,7,6,8,2,6,1,2,6,3,3,20,15,20,15,10,20,6,9,9,7,10,0,0,0,15,20,20,20,10,15,5,9,9,7,9
0,2,2,16,5,1,16,0,0.39,0,23,1,20,25,25,10,10,10,0,5,8,10,7,9,5,6,6,2,21,5,4,8,10,6,7,4,10,10,8,10,5,5,5,2,1,3,7,10,4,7,4,8,5,2,5,12,18,20,16,16,18,35,15,10,15,5,20,5,9,7,9,10,0,5,9,9,8,9,5,8,3,2,6,3,3,20,15,20,15,10,20,6,9,9,7,10,0,0,0,15,20,20,20,10,15,5,9,9,7,9
0,2,2,16,7,8,1,0,0.29,0,25,4,25,20,25,20,10,0,0,4,10,8,8,6,4,3,1,2,27,9,1,1,2,1,6,2,5,1,2,2,8,8,8,1,2,6,8,8,8,9,7,7,8,8,4,20,20,20,10,10,20,50,10,10,10,10,10,7,8,7,8,7,0,5,7,7,6,7,5,6,4,2,6,3,3,20,20,10,20,10,20,6,7,7,7,7,0,0,0,15,15,20,15,15,20,7,8,8,7,6
0,2,2,16,7,10,3,0,0.44,0,23,4,20,25,20,15,10,10,0,3,6,8,5,5,1,2,1,2,27,9,1,1,2,1,6,2,5,1,2,2,8,8,8,1,2,6,8,8,8,9,7,7,8,8,4,20,20,20,10,10,20,50,10,10,10,10,10,7,8,7,8,7,0,5,6,6,5,6,3,3,2,2,6,3,3,20,20,10,20,10,20,6,7,7,7,7,0,0,0,15,15,20,15,15,20,7,8,8,7,6
0,2,2,16,7,13,4,0,-0.04,0,24,2,25,35,30,10,0,0,0,4,5,5,3,5,1,5,2,2,27,9,1,1,2,1,6,2,5,1,2,2,8,8,8,1,2,6,8,8,8,9,7,7,8,8,4,20,20,20,10,10,20,50,10,10,10,10,10,7,8,7,8,7,0,5,7,7,5,7,3,4,3,2,6,3,3,20,20,10,20,10,20,6,7,7,7,7,0,0,0,15,15,20,15,15,20,7,8,8,7,6
0,2,2,16,7,1,5,1,-0.21,0,24,2,25,15,25,25,15,15,1,6,7,6,6,8,5,6,5,2,27,9,1,1,2,1,6,2,5,1,2,2,8,8,8,1,2,6,8,8,8,9,7,7,8,8,4,20,20,20,10,10,20,50,10,10,10,10,10,7,8,7,8,7,1,6,8,8,7,7,6,6,6,2,6,3,3,20,20,10,20,10,20,6,7,7,7,7,0,0,0,15,15,20,15,15,20,7,8,8,7,6
0,2,2,16,7,4,6,1,-0.02,0,28,2,25,15,25,15,0,20,1,7,7,7,5,6,5,6,5,2,27,9,1,1,2,1,6,2,5,1,2,2,8,8,8,1,2,6,8,8,8,9,7,7,8,8,4,20,20,20,10,10,20,50,10,10,10,10,10,7,8,7,8,7,1,6,7,7,4,6,6,6,6,2,6,3,3,20,20,10,20,10,20,6,7,7,7,7,0,0,0,15,15,20,15,15,20,7,8,8,7,6
0,2,2,16,7,7,7,0,-0.33,0,26,2,20,35,20,10,10,5,0,5,8,5,5,6,5,5,5,2,27,9,1,1,2,1,6,2,5,1,2,2,8,8,8,1,2,6,8,8,8,9,7,7,8,8,4,20,20,20,10,10,20,50,10,10,10,10,10,7,8,7,8,7,1,8,7,7,7,6,7,7,4,2,6,3,3,20,20,10,20,10,20,6,7,7,7,7,0,0,0,15,15,20,15,15,20,7,8,8,7,6
0,2,2,16,7,15,12,0,-0.52,0,23,2,25,10,35,15,0,15,0,2,2,3,2,2,1,2,1,2,27,9,1,1,2,1,6,2,5,1,2,2,8,8,8,1,2,6,8,8,8,9,7,7,8,8,4,20,20,20,10,10,20,50,10,10,10,10,10,7,8,7,8,7,0,3,4,5,4,4,2,2,1,2,6,3,3,20,20,10,20,10,20,6,7,7,7,7,0,0,0,15,15,20,15,15,20,7,8,8,7,6
0,2,2,16,7,16,13,0,0.03,0,21,2,15,20,15,30,5,15,0,4,6,7,6,5,5,4,2,2,27,9,1,1,2,1,6,2,5,1,2,2,8,8,8,1,2,6,8,8,8,9,7,7,8,8,4,20,20,20,10,10,20,50,10,10,10,10,10,7,8,7,8,7,0,3,6,7,5,5,4,2,2,2,6,3,3,20,20,10,20,10,20,6,7,7,7,7,0,0,0,15,15,20,15,15,20,7,8,8,7,6
0,2,2,16,7,11,14,0,0.5,0,28,2,40,15,20,10,5,10,0,6,8,8,7,8,6,7,5,2,27,9,1,1,2,1,6,2,5,1,2,2,8,8,8,1,2,6,8,8,8,9,7,7,8,8,4,20,20,20,10,10,20,50,10,10,10,10,10,7,8,7,8,7,1,7,7,8,6,7,8,8,5,2,6,3,3,20,20,10,20,10,20,6,7,7,7,7,0,0,0,15,15,20,15,15,20,7,8,8,7,6
0,2,2,16,7,12,15,0,0.33,0,28,2,40,20,20,20,0,0,0,4,7,7,6,6,5,6,4,2,27,9,1,1,2,1,6,2,5,1,2,2,8,8,8,1,2,6,8,8,8,9,7,7,8,8,4,20,20,20,10,10,20,50,10,10,10,10,10,7,8,7,8,7,0,4,5,5,4,5,4,4,2,2,6,3,3,20,20,10,20,10,20,6,7,7,7,7,0,0,0,15,15,20,15,15,20,7,8,8,7,6
0,2,2,16,7,3,16,0,0.16,1,23,1,20,25,25,10,10,10,0,5,8,9,7,10,8,7,7,2,27,9,1,1,2,1,6,2,5,1,2,2,8,8,8,1,2,6,8,8,8,9,7,7,8,8,4,20,20,20,10,10,20,50,10,10,10,10,10,7,8,7,8,7,1,6,7,7,7,7,7,7,6,2,6,3,3,20,20,10,20,10,20,6,7,7,7,7,0,0,0,15,15,20,15,15,20,7,8,8,7,6
0,2,2,16,3,5,1,0,0.22,1,25,4,25,20,25,20,10,0,0,5,4,3,7,4,3,1,1,2,21,3,4,9,6,1,1,1,3,2,2,3,9,7,6,6,7,7,10,9,10,10,10,10,10,3,5,10,20,40,10,10,10,40,5,20,20,5,10,5,8,6,7,8,1,5,7,6,6,6,7,8,6,2,7,2,2,10,10,30,20,10,20,5,7,7,6,7,0,0,0,25,10,30,15,10,10,5,7,8,6,8
0,2,2,16,3,10,4,1,-0.35,0,24,2,25,35,30,10,0,0,1,4,6,5,4,3,2,6,4,1,21,3,4,9,6,1,1,1,3,2,2,3,9,7,6,6,7,7,10,9,10,10,10,10,10,3,5,10,20,40,10,10,10,40,5,20,20,5,10,5,8,6,7,8,1,5,7,8,6,6,7,7,6,2,7,2,2,10,10,30,20,10,20,5,7,7,6,7,0,0,0,25,10,30,15,10,10,5,7,8,6,8
0,2,2,16,3,14,5,1,-0.17,0,24,2,25,15,25,25,15,15,1,8,8,8,10,7,8,8,8,1,21,3,4,9,6,1,1,1,3,2,2,3,9,7,6,6,7,7,10,9,10,10,10,10,10,3,5,10,20,40,10,10,10,40,5,20,20,5,10,5,8,6,7,8,1,7,7,7,6,6,9,9,10,1,7,2,2,10,10,30,20,10,20,5,7,7,6,7,0,0,0,25,10,30,15,10,10,5,7,8,6,8
0,2,2,16,3,1,6,1,-0.1,0,28,2,25,15,25,15,0,20,1,7,8,7,6,6,6,7,7,2,21,3,4,9,6,1,1,1,3,2,2,3,9,7,6,6,7,7,10,9,10,10,10,10,10,3,5,10,20,40,10,10,10,40,5,20,20,5,10,5,8,6,7,8,1,6,7,7,6,7,5,7,5,2,7,2,2,10,10,30,20,10,20,5,7,7,6,7,0,0,0,25,10,30,15,10,10,5,7,8,6,8
0,2,2,16,3,4,7,0,-0.52,0,26,2,20,35,20,10,10,5,0,6,8,9,8,8,9,8,6,2,21,3,4,9,6,1,1,1,3,2,2,3,9,7,6,6,7,7,10,9,10,10,10,10,10,3,5,10,20,40,10,10,10,40,5,20,20,5,10,5,8,6,7,8,1,7,6,7,7,7,6,7,5,2,7,2,2,10,10,30,20,10,20,5,7,7,6,7,0,0,0,25,10,30,15,10,10,5,7,8,6,8
0,2,2,16,3,11,8,0,0.21,0,30,2,20,20,25,25,5,5,1,5,6,6,4,7,4,6,5,2,21,3,4,9,6,1,1,1,3,2,2,3,9,7,6,6,7,7,10,9,10,10,10,10,10,3,5,10,20,40,10,10,10,40,5,20,20,5,10,5,8,6,7,8,0,5,6,7,6,6,6,6,5,2,7,2,2,10,10,30,20,10,20,5,7,7,6,7,0,0,0,25,10,30,15,10,10,5,7,8,6,8
0,2,2,16,3,15,9,0,0.58,0,22,2,30,15,25,25,5,0,0,4,6,6,4,3,3,3,2,2,21,3,4,9,6,1,1,1,3,2,2,3,9,7,6,6,7,7,10,9,10,10,10,10,10,3,5,10,20,40,10,10,10,40,5,20,20,5,10,5,8,6,7,8,0,6,6,6,8,6,5,6,5,2,7,2,2,10,10,30,20,10,20,5,7,7,6,7,0,0,0,25,10,30,15,10,10,5,7,8,6,8
0,2,2,16,3,2,10,0,-0.23,1,25,4,20,20,20,20,5,15,0,7,8,8,6,7,3,6,5,2,21,3,4,9,6,1,1,1,3,2,2,3,9,7,6,6,7,7,10,9,10,10,10,10,10,3,5,10,20,40,10,10,10,40,5,20,20,5,10,5,8,6,7,8,1,7,7,6,7,6,7,8,6,2,7,2,2,10,10,30,20,10,20,5,7,7,6,7,0,0,0,25,10,30,15,10,10,5,7,8,6,8
0,2,2,16,3,12,12,0,-0.57,0,23,2,25,10,35,15,0,15,0,4,6,4,1,1,1,2,5,2,21,3,4,9,6,1,1,1,3,2,2,3,9,7,6,6,7,7,10,9,10,10,10,10,10,3,5,10,20,40,10,10,10,40,5,20,20,5,10,5,8,6,7,8,0,7,6,5,4,4,4,6,4,2,7,2,2,10,10,30,20,10,20,5,7,7,6,7,0,0,0,25,10,30,15,10,10,5,7,8,6,8
0,2,2,16,3,13,13,0,-0.13,0,21,2,15,20,15,30,5,15,0,7,7,6,6,6,5,5,2,2,21,3,4,9,6,1,1,1,3,2,2,3,9,7,6,6,7,7,10,9,10,10,10,10,10,3,5,10,20,40,10,10,10,40,5,20,20,5,10,5,8,6,7,8,0,6,6,5,7,5,6,6,5,2,7,2,2,10,10,30,20,10,20,5,7,7,6,7,0,0,0,25,10,30,15,10,10,5,7,8,6,8
0,2,2,16,3,9,15,0,0.35,0,28,2,40,20,20,20,0,0,1,6,7,7,7,9,7,7,5,2,21,3,4,9,6,1,1,1,3,2,2,3,9,7,6,6,7,7,10,9,10,10,10,10,10,3,5,10,20,40,10,10,10,40,5,20,20,5,10,5,8,6,7,8,0,6,7,6,6,5,5,6,4,2,7,2,2,10,10,30,20,10,20,5,7,7,6,7,0,0,0,25,10,30,15,10,10,5,7,8,6,8
0,2,2,16,3,16,16,0,0.1,0,23,1,20,25,25,10,10,10,0,6,9,10,8,10,7,7,7,2,21,3,4,9,6,1,1,1,3,2,2,3,9,7,6,6,7,7,10,9,10,10,10,10,10,3,5,10,20,40,10,10,10,40,5,20,20,5,10,5,8,6,7,8,0,6,8,7,6,7,5,6,5,2,7,2,2,10,10,30,20,10,20,5,7,7,6,7,0,0,0,25,10,30,15,10,10,5,7,8,6,8
0,2,2,16,12,13,1,0,-0.12,0,25,4,25,20,25,20,10,0,0,8,10,9,9,8,4,3,1,2,25,11,2,10,2,1,5,2,9,7,4,7,7,6,3,5,6,8,9,9,7,10,6,8,8,4,5,20,20,15,15,15,15,30,15,10,20,10,15,7,9,7,8,6,0,7,8,9,6,8,5,6,4,2,3,1,2,35,15,10,15,10,15,8,8,8,8,6,0,0,0,20,20,10,15,15,20,7,9,8,7,7
0,2,2,16,12,2,4,0,-0.2,1,24,2,25,35,30,10,0,0,1,8,5,6,6,5,1,6,1,2,25,11,2,10,2,1,5,2,9,7,4,7,7,6,3,5,6,8,9,9,7,10,6,8,8,4,5,20,20,15,15,15,15,30,15,10,20,10,15,7,9,7,8,6,0,4,5,10,4,10,4,4,5,2,3,1,2,35,15,10,15,10,15,8,8,8,8,6,0,0,0,20,20,10,15,15,20,7,9,8,7,7
0,2,2,16,12,6,5,0,-0.29,1,24,2,25,15,25,25,15,15,1,7,6,6,7,5,4,7,6,2,25,11,2,10,2,1,5,2,9,7,4,7,7,6,3,5,6,8,9,9,7,10,6,8,8,4,5,20,20,15,15,15,15,30,15,10,20,10,15,7,9,7,8,6,0,6,7,9,7,9,3,5,4,2,3,1,2,35,15,10,15,10,15,8,8,8,8,6,0,0,0,20,20,10,15,15,20,7,9,8,7,7
0,2,2,16,12,9,6,0,-0.01,1,28,2,25,15,25,15,0,20,1,7,6,6,7,6,6,7,7,2,25,11,2,10,2,1,5,2,9,7,4,7,7,6,3,5,6,8,9,9,7,10,6,8,8,4,5,20,20,15,15,15,15,30,15,10,20,10,15,7,9,7,8,6,0,6,8,7,5,8,7,7,5,2,3,1,2,35,15,10,15,10,15,8,8,8,8,6,0,0,0,20,20,10,15,15,20,7,9,8,7,7
0,2,2,16,12,12,7,0,-0.24,1,26,2,20,35,20,10,10,5,1,10,8,7,8,7,8,9.5,6,1,25,11,2,10,2,1,5,2,9,7,4,7,7,6,3,5,6,8,9,9,7,10,6,8,8,4,5,20,20,15,15,15,15,30,15,10,20,10,15,7,9,7,8,6,0,7,8,8,6,10,6,8,7,2,3,1,2,35,15,10,15,10,15,8,8,8,8,6,0,0,0,20,20,10,15,15,20,7,9,8,7,7
0,2,2,16,12,3,8,0,-0.05,1,30,2,20,20,25,25,5,5,1,6,7,5,5,5,2,6,5,2,25,11,2,10,2,1,5,2,9,7,4,7,7,6,3,5,6,8,9,9,7,10,6,8,8,4,5,20,20,15,15,15,15,30,15,10,20,10,15,7,9,7,8,6,0,3,8,9,8,10,5,8,4,2,3,1,2,35,15,10,15,10,15,8,8,8,8,6,0,0,0,20,20,10,15,15,20,7,9,8,7,7
0,2,2,16,12,10,10,0,0.06,0,25,4,20,20,20,20,5,15,1,9,8,7,8,6,5,8,4,2,25,11,2,10,2,1,5,2,9,7,4,7,7,6,3,5,6,8,9,9,7,10,6,8,8,4,5,20,20,15,15,15,15,30,15,10,20,10,15,7,9,7,8,6,0,8,8,9,8,9,8,9,8,2,3,1,2,35,15,10,15,10,15,8,8,8,8,6,0,0,0,20,20,10,15,15,20,7,9,8,7,7
0,2,2,16,12,4,12,0,0.11,1,23,2,25,10,35,15,0,15,0,6,4,7,6,2,2,3,3,2,25,11,2,10,2,1,5,2,9,7,4,7,7,6,3,5,6,8,9,9,7,10,6,8,8,4,5,20,20,15,15,15,15,30,15,10,20,10,15,7,9,7,8,6,0,6,5,8,7,10,8,6,7,2,3,1,2,35,15,10,15,10,15,8,8,8,8,6,0,0,0,20,20,10,15,15,20,7,9,8,7,7
0,2,2,16,12,5,13,0,0.28,1,21,2,15,20,15,30,5,15,1,8,7,7,7,6,6,7,3,2,25,11,2,10,2,1,5,2,9,7,4,7,7,6,3,5,6,8,9,9,7,10,6,8,8,4,5,20,20,15,15,15,15,30,15,10,20,10,15,7,9,7,8,6,0,5,4,7,5,9,7,5,4,2,3,1,2,35,15,10,15,10,15,8,8,8,8,6,0,0,0,20,20,10,15,15,20,7,9,8,7,7
0,2,2,16,12,16,14,0,0.11,1,28,2,40,15,20,10,5,10,1,9,8,8,8,8,7,8,8,2,25,11,2,10,2,1,5,2,9,7,4,7,7,6,3,5,6,8,9,9,7,10,6,8,8,4,5,20,20,15,15,15,15,30,15,10,20,10,15,7,9,7,8,6,0,7,8,9,7,8,5,7,7,2,3,1,2,35,15,10,15,10,15,8,8,8,8,6,0,0,0,20,20,10,15,15,20,7,9,8,7,7
0,2,2,16,12,1,15,0,-0.15,1,28,2,40,20,20,20,0,0,1,8,9,9,9,7,5,7,5,2,25,11,2,10,2,1,5,2,9,7,4,7,7,6,3,5,6,8,9,9,7,10,6,8,8,4,5,20,20,15,15,15,15,30,15,10,20,10,15,7,9,7,8,6,0,5,8,8,6,9,6,6,7,2,3,1,2,35,15,10,15,10,15,8,8,8,8,6,0,0,0,20,20,10,15,15,20,7,9,8,7,7
0,2,2,16,12,8,16,0,0.53,0,23,1,20,25,25,10,10,10,1,8,9,8,10,9,8,9,6,2,25,11,2,10,2,1,5,2,9,7,4,7,7,6,3,5,6,8,9,9,7,10,6,8,8,4,5,20,20,15,15,15,15,30,15,10,20,10,15,7,9,7,8,6,0,7,7,7,8,8,6,7,5,2,3,1,2,35,15,10,15,10,15,8,8,8,8,6,0,0,0,20,20,10,15,15,20,7,9,8,7,7
0,2,2,16,9,3,5,1,-0.41,1,24,2,25,15,25,25,15,15,1,7,6,7,6,7,5,7,5,2,22,11,2,4,5,1,6,1,9,8,9,7,7,7,6,2,2,7,7,7,5,7,6,8,9,5,7,20,22,18,15,15,10,35,15,10,20,15,5,6,9,8,7,8,1,8,6,7,3,7,2,6,4,2,6,3,2,35,20,15,20,10,0,7,8,6,7,7,0,1,0,40,20,15,15,5,5,7,9,7,7,7
0,2,2,16,9,6,6,1,0.08,1,28,2,25,15,25,15,0,20,1,8,8,6,7,6,6,7,7,2,22,11,2,4,5,1,6,1,9,8,9,7,7,7,6,2,2,7,7,7,5,7,6,8,9,5,7,20,22,18,15,15,10,35,15,10,20,15,5,6,9,8,7,8,1,6,8,7,4,7,2,6,4,2,6,3,2,35,20,15,20,10,0,7,8,6,7,7,0,1,0,40,20,15,15,5,5,7,9,7,7,7
0,2,2,16,9,4,9,0,0.11,1,22,2,30,15,25,25,5,0,0,6,8,9,5,9,3,5,7,2,22,11,2,4,5,1,6,1,9,8,9,7,7,7,6,2,2,7,7,7,5,7,6,8,9,5,7,20,22,18,15,15,10,35,15,10,20,15,5,6,9,8,7,8,1,8,7,8,8,8,6,8,5,2,6,3,2,35,20,15,20,10,0,7,8,6,7,7,0,1,0,40,20,15,15,5,5,7,9,7,7,7
0,2,2,16,9,7,10,0,0.2,0,25,4,20,20,20,20,5,15,1,7,8,8,7,6,5,7,5,2,22,11,2,4,5,1,6,1,9,8,9,7,7,7,6,2,2,7,7,7,5,7,6,8,9,5,7,20,22,18,15,15,10,35,15,10,20,15,5,6,9,8,7,8,0,7,5,6,8,6,4,5,6,2,6,3,2,35,20,15,20,10,0,7,8,6,7,7,0,1,0,40,20,15,15,5,5,7,9,7,7,7
0,2,2,16,9,1,12,0,-0.05,1,23,2,25,10,35,15,0,15,0,5,8,5,3,3,3,6,5,2,22,11,2,4,5,1,6,1,9,8,9,7,7,7,6,2,2,7,7,7,5,7,6,8,9,5,7,20,22,18,15,15,10,35,15,10,20,15,5,6,9,8,7,8,1,6,7,7,4,6,6,6,5,2,6,3,2,35,20,15,20,10,0,7,8,6,7,7,0,1,0,40,20,15,15,5,5,7,9,7,7,7
0,2,2,16,9,2,13,0,0.42,1,21,2,15,20,15,30,5,15,0,5,7,6,7,5,5,5,4,2,22,11,2,4,5,1,6,1,9,8,9,7,7,7,6,2,2,7,7,7,5,7,6,8,9,5,7,20,22,18,15,15,10,35,15,10,20,15,5,6,9,8,7,8,1,6,8,8,5,7,5,8,7,2,6,3,2,35,20,15,20,10,0,7,8,6,7,7,0,1,0,40,20,15,15,5,5,7,9,7,7,7
0,2,2,16,9,5,16,0,0.52,0,23,1,20,25,25,10,10,10,0,6,8,8,8,9,6,7,8,2,22,11,2,4,5,1,6,1,9,8,9,7,7,7,6,2,2,7,7,7,5,7,6,8,9,5,7,20,22,18,15,15,10,35,15,10,20,15,5,6,9,8,7,8,1,6,8,7,6,5,3,6,6,2,6,3,2,35,20,15,20,10,0,7,8,6,7,7,0,1,0,40,20,15,15,5,5,7,9,7,7,7
0,2,2,16,8,9,1,0,-0.19,0,25,4,25,20,25,20,10,0,0,7,5,4,4,8,3,2,1,2,24,1,2,4,8,1,4,3,1,3,3,7,10,7,7,7,2,6,6,8,8,8,6,7,10,6,5,35,10,20,20,10,5,40,10,10,25,5,10,8,8,9,8,9,0,4,6,6,6,6,4,5,4,2,4,1,1,50,5,5,25,5,10,8,6,8,8,8,0,1,0,35,5,20,20,15,5,8,6,8,8,9
0,2,2,16,8,14,4,0,-0.48,1,24,2,25,35,30,10,0,0,1,6,6,6,6,5,3,6,2,2,24,1,2,4,8,1,4,3,1,3,3,7,10,7,7,7,2,6,6,8,8,8,6,7,10,6,5,35,10,20,20,10,5,40,10,10,25,5,10,8,8,9,8,9,0,4,5,6,5,5,5,5,4,2,4,1,1,50,5,5,25,5,10,8,6,8,8,8,0,1,0,35,5,20,20,15,5,8,6,8,8,9
0,2,2,16,8,2,5,0,0,1,24,2,25,15,25,25,15,15,1,9,7,7,6,7,7,9,7,2,24,1,2,4,8,1,4,3,1,3,3,7,10,7,7,7,2,6,6,8,8,8,6,7,10,6,5,35,10,20,20,10,5,40,10,10,25,5,10,8,8,9,8,9,0,4,6,7,5,8,5,5,4,2,4,1,1,50,5,5,25,5,10,8,6,8,8,8,0,1,0,35,5,20,20,15,5,8,6,8,8,9
0,2,2,16,8,5,6,0,-0.38,1,28,2,25,15,25,15,0,20,1,9,8,8,7,8,6,8,7,2,24,1,2,4,8,1,4,3,1,3,3,7,10,7,7,7,2,6,6,8,8,8,6,7,10,6,5,35,10,20,20,10,5,40,10,10,25,5,10,8,8,9,8,9,0,4,5,7,3,6,4,5,4,2,4,1,1,50,5,5,25,5,10,8,6,8,8,8,0,1,0,35,5,20,20,15,5,8,6,8,8,9
0,2,2,16,8,8,7,0,-0.34,1,26,2,20,35,20,10,10,5,1,9,6,7,6,7,8,8,5,2,24,1,2,4,8,1,4,3,1,3,3,7,10,7,7,7,2,6,6,8,8,8,6,7,10,6,5,35,10,20,20,10,5,40,10,10,25,5,10,8,8,9,8,9,0,9,6,7,7,6,5,7,4,2,4,1,1,50,5,5,25,5,10,8,6,8,8,8,0,1,0,35,5,20,20,15,5,8,6,8,8,9
0,2,2,16,8,15,8,0,-0.27,1,30,2,20,20,25,25,5,5,1,7,6,6,5,7,5,6,2,2,24,1,2,4,8,1,4,3,1,3,3,7,10,7,7,7,2,6,6,8,8,8,6,7,10,6,5,35,10,20,20,10,5,40,10,10,25,5,10,8,8,9,8,9,0,2,3,4,2,6,2,4,3,2,4,1,1,50,5,5,25,5,10,8,6,8,8,8,0,1,0,35,5,20,20,15,5,8,6,8,8,9
0,2,2,16,8,16,12,0,-0.35,1,23,2,25,10,35,15,0,15,1,7,7,7,4,5,5,6,5,2,24,1,2,4,8,1,4,3,1,3,3,7,10,7,7,7,2,6,6,8,8,8,6,7,10,6,5,35,10,20,20,10,5,40,10,10,25,5,10,8,8,9,8,9,0,4,6,5,5,5,5,5,4,2,4,1,1,50,5,5,25,5,10,8,6,8,8,8,0,1,0,35,5,20,20,15,5,8,6,8,8,9
0,2,2,16,8,1,13,0,0.03,1,21,2,15,20,15,30,5,15,1,8,8,8,6,7,5,7,2,1,24,1,2,4,8,1,4,3,1,3,3,7,10,7,7,7,2,6,6,8,8,8,6,7,10,6,5,35,10,20,20,10,5,40,10,10,25,5,10,8,8,9,8,9,0,3,8,8,5,5,5,6,4,1,4,1,1,50,5,5,25,5,10,8,6,8,8,8,0,1,0,35,5,20,20,15,5,8,6,8,8,9
0,2,2,16,8,12,14,0,0.4,1,28,2,40,15,20,10,5,10,1,8,8,9,8,9,7,8,8,2,24,1,2,4,8,1,4,3,1,3,3,7,10,7,7,7,2,6,6,8,8,8,6,7,10,6,5,35,10,20,20,10,5,40,10,10,25,5,10,8,8,9,8,9,0,7,7,7,6,6,6,6.5,6,2,4,1,1,50,5,5,25,5,10,8,6,8,8,8,0,1,0,35,5,20,20,15,5,8,6,8,8,9
0,2,2,16,8,13,15,0,0.26,1,28,2,40,20,20,20,0,0,1,8,8,8,8,7,7,7,6,2,24,1,2,4,8,1,4,3,1,3,3,7,10,7,7,7,2,6,6,8,8,8,6,7,10,6,5,35,10,20,20,10,5,40,10,10,25,5,10,8,8,9,8,9,0,4,5,6,4,5,5,5,5,2,4,1,1,50,5,5,25,5,10,8,6,8,8,8,0,1,0,35,5,20,20,15,5,8,6,8,8,9
0,2,2,16,8,4,16,1,-0.32,0,23,1,20,25,25,10,10,10,1,8,10,10,10,10,8,10,10,1,24,1,2,4,8,1,4,3,1,3,3,7,10,7,7,7,2,6,6,8,8,8,6,7,10,6,5,35,10,20,20,10,5,40,10,10,25,5,10,8,8,9,8,9,1,9,8,7,10,9,8,8.5,9,1,4,1,1,50,5,5,25,5,10,8,6,8,8,8,0,1,0,35,5,20,20,15,5,8,6,8,8,9
0,2,2,16,18,7,4,0,-0.13,0,24,2,25,35,30,10,0,0,0,5,6,7,4,4,3,6,1,2,27,3,4,1,1,1,4,2,2,4,1,5,9,5,5,1,2,4,9,6,6,7,5,8,10,9,3,50,0,50,0,0,0,95,0,0,5,0,0,7,5,9,9,7,0,5,7,7,6,9,5,5,3,2,5,3,2,75,10,15,0,0,0,7,5,9,9,9,0,0,0,50,0,30,20,0,0,7,8,10,8,9
0,2,2,16,18,11,5,0,-0.11,0,24,2,25,15,25,25,15,15,1,7,6,6,7,7,8,9,8,2,27,3,4,1,1,1,4,2,2,4,1,5,9,5,5,1,2,4,9,6,6,7,5,8,10,9,3,50,0,50,0,0,0,95,0,0,5,0,0,7,5,9,9,7,0,5,7,9,5,4,6,6,3,2,5,3,2,75,10,15,0,0,0,7,5,9,9,9,0,0,0,50,0,30,20,0,0,7,8,10,8,9
0,2,2,16,18,14,6,0,-0.19,0,28,2,25,15,25,15,0,20,1,9,8,8,8,8,7,7,7,2,27,3,4,1,1,1,4,2,2,4,1,5,9,5,5,1,2,4,9,6,6,7,5,8,10,9,3,50,0,50,0,0,0,95,0,0,5,0,0,7,5,9,9,7,0,8,8,9,5,9,6,8,5,2,5,3,2,75,10,15,0,0,0,7,5,9,9,9,0,0,0,50,0,30,20,0,0,7,8,10,8,9
0,2,2,16,18,8,8,0,0.06,0,30,2,20,20,25,25,5,5,1,5,7,7,6,5,5,6,4,2,27,3,4,1,1,1,4,2,2,4,1,5,9,5,5,1,2,4,9,6,6,7,5,8,10,9,3,50,0,50,0,0,0,95,0,0,5,0,0,7,5,9,9,7,0,7,9,8,7,8,8,6,5,2,5,3,2,75,10,15,0,0,0,7,5,9,9,9,0,0,0,50,0,30,20,0,0,7,8,10,8,9
0,2,2,16,18,12,9,0,0.52,0,22,2,30,15,25,25,5,0,0,5,6,8,5,8,3,4,3,2,27,3,4,1,1,1,4,2,2,4,1,5,9,5,5,1,2,4,9,6,6,7,5,8,10,9,3,50,0,50,0,0,0,95,0,0,5,0,0,7,5,9,9,7,0,7,8,7,9,6,4,7,2,2,5,3,2,75,10,15,0,0,0,7,5,9,9,9,0,0,0,50,0,30,20,0,0,7,8,10,8,9
0,2,2,16,18,15,10,0,0,1,25,4,20,20,20,20,5,15,1,7,7,8,7,7,6,6,3,2,27,3,4,1,1,1,4,2,2,4,1,5,9,5,5,1,2,4,9,6,6,7,5,8,10,9,3,50,0,50,0,0,0,95,0,0,5,0,0,7,5,9,9,7,0,6,8,9,9,6,6,7,5,2,5,3,2,75,10,15,0,0,0,7,5,9,9,9,0,0,0,50,0,30,20,0,0,7,8,10,8,9
0,2,2,16,18,9,12,0,-0.41,0,23,2,25,10,35,15,0,15,0,8,7,7,9,5,4,8,1,2,27,3,4,1,1,1,4,2,2,4,1,5,9,5,5,1,2,4,9,6,6,7,5,8,10,9,3,50,0,50,0,0,0,95,0,0,5,0,0,7,5,9,9,7,0,5,6,7,6,7,5,5,3,2,5,3,2,75,10,15,0,0,0,7,5,9,9,9,0,0,0,50,0,30,20,0,0,7,8,10,8,9
0,2,2,16,18,10,13,0,0.17,0,21,2,15,20,15,30,5,15,1,6,7,7,7,6,5,7,3,2,27,3,4,1,1,1,4,2,2,4,1,5,9,5,5,1,2,4,9,6,6,7,5,8,10,9,3,50,0,50,0,0,0,95,0,0,5,0,0,7,5,9,9,7,0,4,7,6,6,9,4,5,3,2,5,3,2,75,10,15,0,0,0,7,5,9,9,9,0,0,0,50,0,30,20,0,0,7,8,10,8,9
0,2,2,16,18,5,14,0,0.5,0,28,2,40,15,20,10,5,10,1,8,9,9,8,9,7,7,7,2,27,3,4,1,1,1,4,2,2,4,1,5,9,5,5,1,2,4,9,6,6,7,5,8,10,9,3,50,0,50,0,0,0,95,0,0,5,0,0,7,5,9,9,7,0,7,6,9,8,9,9,7,5,2,5,3,2,75,10,15,0,0,0,7,5,9,9,9,0,0,0,50,0,30,20,0,0,7,8,10,8,9
0,2,2,16,18,6,15,0,0.19,0,28,2,40,20,20,20,0,0,1,7,8,8,7,8,6,7,5,2,27,3,4,1,1,1,4,2,2,4,1,5,9,5,5,1,2,4,9,6,6,7,5,8,10,9,3,50,0,50,0,0,0,95,0,0,5,0,0,7,5,9,9,7,0,7,6,9,8,9,9,7,5,2,5,3,2,75,10,15,0,0,0,7,5,9,9,9,0,0,0,50,0,30,20,0,0,7,8,10,8,9
0,2,2,16,18,13,16,0,0.2,0,23,1,20,25,25,10,10,10,0,6,8,10,8,7,7,8,7,2,27,3,4,1,1,1,4,2,2,4,1,5,9,5,5,1,2,4,9,6,6,7,5,8,10,9,3,50,0,50,0,0,0,95,0,0,5,0,0,7,5,9,9,7,0,8,8,7,9,7,5,7,3,2,5,3,2,75,10,15,0,0,0,7,5,9,9,9,0,0,0,50,0,30,20,0,0,7,8,10,8,9
0,2,2,16,19,3,1,0,-0.29,0,25,4,25,20,25,20,10,0,0,6,10,10,8,5,3,6,1,2,30,3,2,4,8,6,6,1,6,4,6,10,7,8,6,6,8,6,10,10,8,8,6,6,7,9,4,30,20,30,10,0,10,95,1,1,1,1,1,6,8,6,8,8,1,6,8,7,10,7,4,8,5,2,5,3,2,30,0,25,30,0,15,6,8,8,7,8,0,0,0,30,10,40,5,5,10,6,8,8,8,7
0,2,2,16,19,5,3,0,0.77,0,23,4,20,25,20,15,10,10,0,6,10,10,8,10,6,6,2,2,30,3,2,4,8,6,6,1,6,4,6,10,7,8,6,6,8,6,10,10,8,8,6,6,7,9,4,30,20,30,10,0,10,95,1,1,1,1,1,6,8,6,8,8,0,6,8,6,6,6,5,5,3,2,5,3,2,30,0,25,30,0,15,6,8,8,7,8,0,0,0,30,10,40,5,5,10,6,8,8,8,7
0,2,2,16,19,8,4,0,0.09,1,24,2,25,35,30,10,0,0,0,4,4,7,3,6,4,4,3,2,30,3,2,4,8,6,6,1,6,4,6,10,7,8,6,6,8,6,10,10,8,8,6,6,7,9,4,30,20,30,10,0,10,95,1,1,1,1,1,6,8,6,8,8,1,5,7,7,5,7,5,6,3,2,5,3,2,30,0,25,30,0,15,6,8,8,7,8,0,0,0,30,10,40,5,5,10,6,8,8,8,7
0,2,2,16,19,12,5,0,-0.15,1,24,2,25,15,25,25,15,15,1,6,7,7,6,6,8,6,6,2,30,3,2,4,8,6,6,1,6,4,6,10,7,8,6,6,8,6,10,10,8,8,6,6,7,9,4,30,20,30,10,0,10,95,1,1,1,1,1,6,8,6,8,8,0,5,6,6,2,5,7,4,2,2,5,3,2,30,0,25,30,0,15,6,8,8,7,8,0,0,0,30,10,40,5,5,10,6,8,8,8,7
0,2,2,16,19,15,6,0,-0.41,1,28,2,25,15,25,15,0,20,0,6,5,7,5,7,5,6,7,2,30,3,2,4,8,6,6,1,6,4,6,10,7,8,6,6,8,6,10,10,8,8,6,6,7,9,4,30,20,30,10,0,10,95,1,1,1,1,1,6,8,6,8,8,0,6,6,7,3,7,3,5,2,2,5,3,2,30,0,25,30,0,15,6,8,8,7,8,0,0,0,30,10,40,5,5,10,6,8,8,8,7
0,2,2,16,19,2,7,0,-0.49,1,26,2,20,35,20,10,10,5,0,6,8,7,8,8,8,7,5,2,30,3,2,4,8,6,6,1,6,4,6,10,7,8,6,6,8,6,10,10,8,8,6,6,7,9,4,30,20,30,10,0,10,95,1,1,1,1,1,6,8,6,8,8,0,8,7,9,5,6,4,6,2,2,5,3,2,30,0,25,30,0,15,6,8,8,7,8,0,0,0,30,10,40,5,5,10,6,8,8,8,7
0,2,2,16,19,9,8,0,-0.18,1,30,2,20,20,25,25,5,5,1,5,6,7,6,6,3,6,6,2,30,3,2,4,8,6,6,1,6,4,6,10,7,8,6,6,8,6,10,10,8,8,6,6,7,9,4,30,20,30,10,0,10,95,1,1,1,1,1,6,8,6,8,8,0,4,5,6,7,7,4,6,2,2,5,3,2,30,0,25,30,0,15,6,8,8,7,8,0,0,0,30,10,40,5,5,10,6,8,8,8,7
0,2,2,16,19,16,10,0,-0.15,0,25,4,20,20,20,20,5,15,1,7,7,8,8,8,7,8,6,2,30,3,2,4,8,6,6,1,6,4,6,10,7,8,6,6,8,6,10,10,8,8,6,6,7,9,4,30,20,30,10,0,10,95,1,1,1,1,1,6,8,6,8,8,0,6,7,8,5,7,5,7,2,2,5,3,2,30,0,25,30,0,15,6,8,8,7,8,0,0,0,30,10,40,5,5,10,6,8,8,8,7
0,2,2,16,19,1,11,0,-0.46,0,27,1,35,10,20,15,10,10,0,6,8,8,8,8,5,7,7,2,30,3,2,4,8,6,6,1,6,4,6,10,7,8,6,6,8,6,10,10,8,8,6,6,7,9,4,30,20,30,10,0,10,95,1,1,1,1,1,6,8,6,8,8,1,7,9,7,7,10,5,7,3,2,5,3,2,30,0,25,30,0,15,6,8,8,7,8,0,0,0,30,10,40,5,5,10,6,8,8,8,7
0,2,2,16,19,10,12,0,0.3,1,23,2,25,10,35,15,0,15,0,6,9,8,6,5,4,6,6,2,30,3,2,4,8,6,6,1,6,4,6,10,7,8,6,6,8,6,10,10,8,8,6,6,7,9,4,30,20,30,10,0,10,95,1,1,1,1,1,6,8,6,8,8,0,7,5,9,1,9,2,3,1,2,5,3,2,30,0,25,30,0,15,6,8,8,7,8,0,0,0,30,10,40,5,5,10,6,8,8,8,7
0,2,2,16,19,11,13,0,-0.22,1,21,2,15,20,15,30,5,15,0,5,7,6,6,6,6,5,3,2,30,3,2,4,8,6,6,1,6,4,6,10,7,8,6,6,8,6,10,10,8,8,6,6,7,9,4,30,20,30,10,0,10,95,1,1,1,1,1,6,8,6,8,8,1,9,9,8,9,7,9,8,4,2,5,3,2,30,0,25,30,0,15,6,8,8,7,8,0,0,0,30,10,40,5,5,10,6,8,8,8,7
0,2,2,16,19,6,14,0,-0.24,1,28,2,40,15,20,10,5,10,0,7,9,9,7,9,7,7,8,2,30,3,2,4,8,6,6,1,6,4,6,10,7,8,6,6,8,6,10,10,8,8,6,6,7,9,4,30,20,30,10,0,10,95,1,1,1,1,1,6,8,6,8,8,0,8,7,5,6,7,4,6,3,2,5,3,2,30,0,25,30,0,15,6,8,8,7,8,0,0,0,30,10,40,5,5,10,6,8,8,8,7
0,2,2,16,19,7,15,0,-0.29,1,28,2,40,20,20,20,0,0,0,5,8,8,7,7,7,6,5,2,30,3,2,4,8,6,6,1,6,4,6,10,7,8,6,6,8,6,10,10,8,8,6,6,7,9,4,30,20,30,10,0,10,95,1,1,1,1,1,6,8,6,8,8,0,5,6,5,5,6,8,5,2,2,5,3,2,30,0,25,30,0,15,6,8,8,7,8,0,0,0,30,10,40,5,5,10,6,8,8,8,7
0,2,2,16,19,14,16,0,-0.15,0,23,1,20,25,25,10,10,10,0,6,9,9,8,8,7,8,7,2,30,3,2,4,8,6,6,1,6,4,6,10,7,8,6,6,8,6,10,10,8,8,6,6,7,9,4,30,20,30,10,0,10,95,1,1,1,1,1,6,8,6,8,8,0,7,7,6,6,6,4,5,2,2,5,3,2,30,0,25,30,0,15,6,8,8,7,8,0,0,0,30,10,40,5,5,10,6,8,8,8,7
0,2,2,16,11,12,1,0,0.13,0,25,4,25,20,25,20,10,0,0,4,6,8,7,6,3,1,1,2,27,3,2,5,8,2,6,2,7,6,4,6,10,9,8,7,6,7,5,6,10,7,8,7,4,9,7,10,10,30,25,10,15,30,10,15,20,10,15,7,8,7,9,5,0,2,4,5,4,4,3,3,6,2,6,1,2,20,10,20,25,10,15,6,6,9,6,4,0,0,0,20,10,25,20,10,15,5,6,9,6,4
0,2,2,16,11,1,4,0,-0.02,1,24,2,25,35,30,10,0,0,0,4,6,7,3,6,4,4,1,2,27,3,2,5,8,2,6,2,7,6,4,6,10,9,8,7,6,7,5,6,10,7,8,7,4,9,7,10,10,30,25,10,15,30,10,15,20,10,15,7,8,7,9,5,0,4,7,8,2,6,2,3,2,2,6,1,2,20,10,20,25,10,15,6,6,9,6,4,0,0,0,20,10,25,20,10,15,5,6,9,6,4
0,2,2,16,11,5,5,1,0.31,1,24,2,25,15,25,25,15,15,1,5,5,6,5,7,5,6,5,2,27,3,2,5,8,2,6,2,7,6,4,6,10,9,8,7,6,7,5,6,10,7,8,7,4,9,7,10,10,30,25,10,15,30,10,15,20,10,15,7,8,7,9,5,1,7,6,8,6,9,6,7,7,2,6,1,2,20,10,20,25,10,15,6,6,9,6,4,0,0,0,20,10,25,20,10,15,5,6,9,6,4
0,2,2,16,11,8,6,0,-0.01,1,28,2,25,15,25,15,0,20,1,6,7,6,6,5,6,7,7,2,27,3,2,5,8,2,6,2,7,6,4,6,10,9,8,7,6,7,5,6,10,7,8,7,4,9,7,10,10,30,25,10,15,30,10,15,20,10,15,7,8,7,9,5,0,6,4,7,4,5,2,4,3,2,6,1,2,20,10,20,25,10,15,6,6,9,6,4,0,0,0,20,10,25,20,10,15,5,6,9,6,4
0,2,2,16,11,11,7,0,0.09,1,26,2,20,35,20,10,10,5,0,6,8,9,8,9,7,7,4,2,27,3,2,5,8,2,6,2,7,6,4,6,10,9,8,7,6,7,5,6,10,7,8,7,4,9,7,10,10,30,25,10,15,30,10,15,20,10,15,7,8,7,9,5,1,8,5,9,7,6,5,6,6,2,6,1,2,20,10,20,25,10,15,6,6,9,6,4,0,0,0,20,10,25,20,10,15,5,6,9,6,4
0,2,2,16,11,6,9,0,0.57,1,22,2,30,15,25,25,5,0,0,3,6,6,5,4,4,4,3,2,27,3,2,5,8,2,6,2,7,6,4,6,10,9,8,7,6,7,5,6,10,7,8,7,4,9,7,10,10,30,25,10,15,30,10,15,20,10,15,7,8,7,9,5,1,8,5,6,9,4,6,7,6,2,6,1,2,20,10,20,25,10,15,6,6,9,6,4,0,0,0,20,10,25,20,10,15,5,6,9,6,4
0,2,2,16,11,9,10,0,-0.01,0,25,4,20,20,20,20,5,15,0,6,8,8,6,8,3,7,4,2,27,3,2,5,8,2,6,2,7,6,4,6,10,9,8,7,6,7,5,6,10,7,8,7,4,9,7,10,10,30,25,10,15,30,10,15,20,10,15,7,8,7,9,5,0,6,5,5,4,4,4,3,3,2,6,1,2,20,10,20,25,10,15,6,6,9,6,4,0,0,0,20,10,25,20,10,15,5,6,9,6,4
0,2,2,16,11,3,12,0,-0.47,1,23,2,25,10,35,15,0,15,0,2,9,9,3,7,7,7,8,1,27,3,2,5,8,2,6,2,7,6,4,6,10,9,8,7,6,7,5,6,10,7,8,7,4,9,7,10,10,30,25,10,15,30,10,15,20,10,15,7,8,7,9,5,1,7,4,7,7,6,8,6,2,1,6,1,2,20,10,20,25,10,15,6,6,9,6,4,0,0,0,20,10,25,20,10,15,5,6,9,6,4
0,2,2,16,11,15,14,0,0.46,1,28,2,40,15,20,10,5,10,0,7,8,8,7,8,7,7,7,2,27,3,2,5,8,2,6,2,7,6,4,6,10,9,8,7,6,7,5,6,10,7,8,7,4,9,7,10,10,30,25,10,15,30,10,15,20,10,15,7,8,7,9,5,1,7,7,7,4,7,4,6,4,2,6,1,2,20,10,20,25,10,15,6,6,9,6,4,0,0,0,20,10,25,20,10,15,5,6,9,6,4
0,2,2,16,11,16,15,0,0.68,1,28,2,40,20,20,20,0,0,0,6,8,7,6,8,6,7,5,2,27,3,2,5,8,2,6,2,7,6,4,6,10,9,8,7,6,7,5,6,10,7,8,7,4,9,7,10,10,30,25,10,15,30,10,15,20,10,15,7,8,7,9,5,0,4,3,4,2,3,3,3,3,2,6,1,2,20,10,20,25,10,15,6,6,9,6,4,0,0,0,20,10,25,20,10,15,5,6,9,6,4
0,2,2,16,16,16,1,0,0.07,0,25,4,25,20,25,20,10,0,0,3,10,9,10,4,4,3,1,2,24,1,3,6,4,5,6,4,1,3,2,4,10,10,8,7,1,5,10,9,9,10,9,9,10,1,2,20,20,20,15,15,10,55,5,10,15,5,10,6,9,6,8,7,1,6,7,9,9,9,8,7,6,2,4,1,2,20,20,20,20,10,10,6,10,8,6,7,0,0,0,20,20,30,10,10,10,7,10,9,7,8
0,2,2,16,16,5,4,0,-0.23,0,24,2,25,35,30,10,0,0,0,3,7,7,7,5,3,6,4,2,24,1,3,6,4,5,6,4,1,3,2,4,10,10,8,7,1,5,10,9,9,10,9,9,10,1,2,20,20,20,15,15,10,55,5,10,15,5,10,6,9,6,8,7,1,7,9,8,7,6,5,8,7,2,4,1,2,20,20,20,20,10,10,6,10,8,6,7,0,0,0,20,20,30,10,10,10,7,10,9,7,8
0,2,2,16,16,9,5,0,-0.01,0,24,2,25,15,25,25,15,15,1,8,5,5,5,5,4,5,5,2,24,1,3,6,4,5,6,4,1,3,2,4,10,10,8,7,1,5,10,9,9,10,9,9,10,1,2,20,20,20,15,15,10,55,5,10,15,5,10,6,9,6,8,7,0,4,7,7,4,5,1,2,1,2,4,1,2,20,20,20,20,10,10,6,10,8,6,7,0,0,0,20,20,30,10,10,10,7,10,9,7,8
0,2,2,16,16,12,6,0,-0.08,0,28,2,25,15,25,15,0,20,0,5,7,5,5,6,5,5,7,2,24,1,3,6,4,5,6,4,1,3,2,4,10,10,8,7,1,5,10,9,9,10,9,9,10,1,2,20,20,20,15,15,10,55,5,10,15,5,10,6,9,6,8,7,0,4,5,7,1,5,1,5,1,2,4,1,2,20,20,20,20,10,10,6,10,8,6,7,0,0,0,20,20,30,10,10,10,7,10,9,7,8
0,2,2,16,16,6,8,1,0.12,0,30,2,20,20,25,25,5,5,1,3,7,6,5,5,6,5,6,2,24,1,3,6,4,5,6,4,1,3,2,4,10,10,8,7,1,5,10,9,9,10,9,9,10,1,2,20,20,20,15,15,10,55,5,10,15,5,10,6,9,6,8,7,1,5,5,8,8,5,7,7,5,2,4,1,2,20,20,20,20,10,10,6,10,8,6,7,0,0,0,20,20,30,10,10,10,7,10,9,7,8
0,2,2,16,16,10,9,0,0.5,0,22,2,30,15,25,25,5,0,0,3,5,5,6,5,3,4,3,2,24,1,3,6,4,5,6,4,1,3,2,4,10,10,8,7,1,5,10,9,9,10,9,9,10,1,2,20,20,20,15,15,10,55,5,10,15,5,10,6,9,6,8,7,1,8,5,6,7,5,5,7,3,2,4,1,2,20,20,20,20,10,10,6,10,8,6,7,0,0,0,20,20,30,10,10,10,7,10,9,7,8
1,2,2,19,7,13,2,0,0.44,0,27,1,20,20,20,10,10,20,0,5,6,6,5,6,3,3,2,2,23,5,4,1,6,2,7,4,5,1,1,7,5,3,3,3,1,1,9,8,5,7,2,5,2,1,6,20,25,20,15,10,10,25,10,10,30,5,20,6,9,6,8,4,0,3,6,8,5,5,1,2,1,2,8,3,3,30,30,10,15,10,5,7,9,8,6,6,0,0,0,15,30,15,15,10,15,7,9,8,7,6
1,2,2,19,19,6,13,0,0.77,0,30,2,30,20,30,10,0,10,0,6,8,6,6,6,5,5,3,2,23,5,4,1,6,2,7,4,5,1,1,7,5,3,3,3,1,1,9,8,5,7,2,5,2,1,6,20,25,20,15,10,10,25,10,10,30,5,20,6,9,6,8,4,0,6,10,10,8,10,6,6,2,2,8,3,3,30,30,10,15,10,5,7,9,8,6,6,0,0,0,15,30,15,15,10,15,7,9,8,7,6
1,2,2,19,2,8,14,0,0.35,1,21,4,30,5,30,15,15,5,0,5,4,5,6,7,6,5,5,2,23,5,4,1,6,2,7,4,5,1,1,7,5,3,3,3,1,1,9,8,5,7,2,5,2,1,6,20,25,20,15,10,10,25,10,10,30,5,20,6,9,6,8,4,0,6,9,7,6,6,3,5,6,2,8,3,3,30,30,10,15,10,5,7,9,8,6,6,0,0,0,15,30,15,15,10,15,7,9,8,7,6
1,2,2,19,17,4,15,0,0.19,0,25,2,20,23,23,22,7,5,0,6,8,9,8,7,9,8,6,2,23,5,4,1,6,2,7,4,5,1,1,7,5,3,3,3,1,1,9,8,5,7,2,5,2,1,6,20,25,20,15,10,10,25,10,10,30,5,20,6,9,6,8,4,0,3,8,7,7,10,4,4,1,2,8,3,3,30,30,10,15,10,5,7,9,8,6,6,0,0,0,15,30,15,15,10,15,7,9,8,7,6
1,2,2,19,5,14,1,0,0.43,0,21,4,12,18,20,16,16,18,0,5,8,8,4,9,3,6,1,2,24,8,2,1,1,6,6,3,2,8,9,6,5,7,7,2,5,5,9,6,7,4,6,5,2,1,3,25,35,30,10,0,0,20,25,20,20,5,10,3,8,3,7,2,0,4,5,6,4,6,2,5,2,2,5,1,2,40,30,5,20,5,0,4,7,6,3,2,0,0,0,30,30,30,10,0,0,3,8,5,3,2
1,2,2,19,7,16,2,0,-0.04,0,27,1,20,20,20,10,10,20,0,5,7,7,5,7,3,4,3,2,24,8,2,1,1,6,6,3,2,8,9,6,5,7,7,2,5,5,9,6,7,4,6,5,2,1,3,25,35,30,10,0,0,20,25,20,20,5,10,3,8,3,7,2,0,4,5,5,3,5,1,5,2,2,5,1,2,40,30,5,20,5,0,4,7,6,3,2,0,0,0,30,30,30,10,0,0,3,8,5,3,2
1,2,2,19,3,12,3,1,-0.35,0,21,4,10,20,40,10,10,10,1,5,7,8,6,6,7,7,6,2,24,8,2,1,1,6,6,3,2,8,9,6,5,7,7,2,5,5,9,6,7,4,6,5,2,1,3,25,35,30,10,0,0,20,25,20,20,5,10,3,8,3,7,2,1,4,6,5,4,3,2,6,4,1,5,1,2,40,30,5,20,5,0,4,7,6,3,2,0,0,0,30,30,30,10,0,0,3,8,5,3,2
1,2,2,19,12,2,5,0,-0.2,1,25,2,20,20,15,15,15,15,0,4,5,10,4,10,4,4,5,2,24,8,2,1,1,6,6,3,2,8,9,6,5,7,7,2,5,5,9,6,7,4,6,5,2,1,3,25,35,30,10,0,0,20,25,20,20,5,10,3,8,3,7,2,1,8,5,6,6,5,1,6,1,2,5,1,2,40,30,5,20,5,0,4,7,6,3,2,0,0,0,30,30,30,10,0,0,3,8,5,3,2
1,2,2,19,13,3,6,0,-0.02,1,23,2,20,20,20,15,15,10,0,2,6,7,1,7,2,2,3,2,24,8,2,1,1,6,6,3,2,8,9,6,5,7,7,2,5,5,9,6,7,4,6,5,2,1,3,25,35,30,10,0,0,20,25,20,20,5,10,3,8,3,7,2,1,6,5,7,5,5,2,5,4,2,5,1,2,40,30,5,20,5,0,4,7,6,3,2,0,0,0,30,30,30,10,0,0,3,8,5,3,2
1,2,2,19,4,13,7,0,-0.16,0,22,3,17,10,18,20,25,10,0,1,6,7,6,4,3,2,3,1,24,8,2,1,1,6,6,3,2,8,9,6,5,7,7,2,5,5,9,6,7,4,6,5,2,1,3,25,35,30,10,0,0,20,25,20,20,5,10,3,8,3,7,2,1,7,6,5,7,3,5,6,2,2,5,1,2,40,30,5,20,5,0,4,7,6,3,2,0,0,0,30,30,30,10,0,0,3,8,5,3,2
1,2,2,19,15,5,10,0,0.21,1,23,2,10,20,20,20,20,10,0,4,6,6,5,7,6,6,5,2,24,8,2,1,1,6,6,3,2,8,9,6,5,7,7,2,5,5,9,6,7,4,6,5,2,1,3,25,35,30,10,0,0,20,25,20,20,5,10,3,8,3,7,2,0,3,4,7,3,7,1,3,2,2,5,1,2,40,30,5,20,5,0,4,7,6,3,2,0,0,0,30,30,30,10,0,0,3,8,5,3,2
1,2,2,19,8,17,11,0,-0.48,1,24,2,35,10,20,20,10,5,0,4,5,6,5,5,5,5,4,2,24,8,2,1,1,6,6,3,2,8,9,6,5,7,7,2,5,5,9,6,7,4,6,5,2,1,3,25,35,30,10,0,0,20,25,20,20,5,10,3,8,3,7,2,1,6,6,6,6,5,3,6,2,2,5,1,2,40,30,5,20,5,0,4,7,6,3,2,0,0,0,30,30,30,10,0,0,3,8,5,3,2
1,2,2,19,18,8,12,0,-0.13,0,27,4,50,0,50,0,0,0,0,5,7,7,6,9,5,5,3,2,24,8,2,1,1,6,6,3,2,8,9,6,5,7,7,2,5,5,9,6,7,4,6,5,2,1,3,25,35,30,10,0,0,20,25,20,20,5,10,3,8,3,7,2,0,5,6,7,4,4,3,6,1,2,5,1,2,40,30,5,20,5,0,4,7,6,3,2,0,0,0,30,30,30,10,0,0,3,8,5,3,2
1,2,2,19,19,9,13,0,0.09,1,30,2,30,20,30,10,0,10,1,5,7,7,5,7,5,6,3,2,24,8,2,1,1,6,6,3,2,8,9,6,5,7,7,2,5,5,9,6,7,4,6,5,2,1,3,25,35,30,10,0,0,20,25,20,20,5,10,3,8,3,7,2,0,4,4,7,3,6,4,4,3,2,5,1,2,40,30,5,20,5,0,4,7,6,3,2,0,0,0,30,30,30,10,0,0,3,8,5,3,2
1,2,2,19,17,7,15,0,0.26,1,25,2,20,23,23,22,7,5,0,6,8,8,8,7,7,8,8,2,24,8,2,1,1,6,6,3,2,8,9,6,5,7,7,2,5,5,9,6,7,4,6,5,2,1,3,25,35,30,10,0,0,20,25,20,20,5,10,3,8,3,7,2,1,7,4,7,3,7,5,5,1,2,5,1,2,40,30,5,20,5,0,4,7,6,3,2,0,0,0,30,30,30,10,0,0,3,8,5,3,2
1,2,2,19,6,15,16,0,0.05,1,26,2,20,25,20,15,15,5,0,1,1,1,1,1,1,1,6,2,24,8,2,1,1,6,6,3,2,8,9,6,5,7,7,2,5,5,9,6,7,4,6,5,2,1,3,25,35,30,10,0,0,20,25,20,20,5,10,3,8,3,7,2,1,6,5,5,4,5,4,5,4,2,5,1,2,40,30,5,20,5,0,4,7,6,3,2,0,0,0,30,30,30,10,0,0,3,8,5,3,2
1,2,2,19,11,1,17,0,-0.02,1,27,2,10,10,30,25,10,15,0,4,7,8,2,6,2,3,2,2,24,8,2,1,1,6,6,3,2,8,9,6,5,7,7,2,5,5,9,6,7,4,6,5,2,1,3,25,35,30,10,0,0,20,25,20,20,5,10,3,8,3,7,2,0,4,6,7,3,6,4,4,1,2,5,1,2,40,30,5,20,5,0,4,7,6,3,2,0,0,0,30,30,30,10,0,0,3,8,5,3,2
1,2,2,19,14,4,19,0,-0.61,0,23,1,50,10,20,10,10,0,0,3,7,10,4,8,2,5,1,2,24,8,2,1,1,6,6,3,2,8,9,6,5,7,7,2,5,5,9,6,7,4,6,5,2,1,3,25,35,30,10,0,0,20,25,20,20,5,10,3,8,3,7,2,0,4,6,7,6,7,2,5,2,2,5,1,2,40,30,5,20,5,0,4,7,6,3,2,0,0,0,30,30,30,10,0,0,3,8,5,3,2
1,2,2,19,16,6,20,0,-0.23,0,24,3,20,20,20,15,15,10,1,7,9,8,7,6,5,8,7,2,24,8,2,1,1,6,6,3,2,8,9,6,5,7,7,2,5,5,9,6,7,4,6,5,2,1,3,25,35,30,10,0,0,20,25,20,20,5,10,3,8,3,7,2,0,3,7,7,7,5,3,6,4,2,5,1,2,40,30,5,20,5,0,4,7,6,3,2,0,0,0,30,30,30,10,0,0,3,8,5,3,2
1,2,2,19,5,18,1,0,-0.4,0,21,4,12,18,20,16,16,18,0,7,7,8,5,7,2,6,1,2,24,3,2,3,3,1,3,1,2,9,1,8,7,8,8,10,6,7,8,1,7,3,8,1,6,8,7,25,15,25,25,15,15,50,5,15,20,5,5,7,9,8,9,9,1,6,7,8,6,7,7,8,8,2,7,1,2,60,5,10,10,5,10,6,9,8,7,9,1,0,0,20,15,20,15,20,10,7,8,9,8,9
1,2,2,19,7,1,2,1,-0.21,0,27,1,20,20,20,10,10,20,1,6,8,8,7,7,6,6,6,2,24,3,2,3,3,1,3,1,2,9,1,8,7,8,8,10,6,7,8,1,7,3,8,1,6,8,7,25,15,25,25,15,15,50,5,15,20,5,5,7,9,8,9,9,1,6,7,6,6,8,5,6,5,2,7,1,2,60,5,10,10,5,10,6,9,8,7,9,1,0,0,20,15,20,15,20,10,7,8,9,8,9
1,2,2,19,3,16,3,1,-0.17,0,21,4,10,20,40,10,10,10,1,7,7,7,6,6,9,9,10,1,24,3,2,3,3,1,3,1,2,9,1,8,7,8,8,10,6,7,8,1,7,3,8,1,6,8,7,25,15,25,25,15,15,50,5,15,20,5,5,7,9,8,9,9,1,8,8,8,10,7,8,8,8,1,7,1,2,60,5,10,10,5,10,6,9,8,7,9,1,0,0,20,15,20,15,20,10,7,8,9,8,9
1,2,2,19,12,6,5,0,-0.29,1,25,2,20,20,15,15,15,15,0,6,7,9,7,9,3,5,4,2,24,3,2,3,3,1,3,1,2,9,1,8,7,8,8,10,6,7,8,1,7,3,8,1,6,8,7,25,15,25,25,15,15,50,5,15,20,5,5,7,9,8,9,9,1,7,6,6,7,5,4,7,6,2,7,1,2,60,5,10,10,5,10,6,9,8,7,9,1,0,0,20,15,20,15,20,10,7,8,9,8,9
1,2,2,19,13,7,6,0,0.46,1,23,2,20,20,20,15,15,10,0,3,8,7,6,6,4,5,4,2,24,3,2,3,3,1,3,1,2,9,1,8,7,8,8,10,6,7,8,1,7,3,8,1,6,8,7,25,15,25,25,15,15,50,5,15,20,5,5,7,9,8,9,9,1,8,7,7,8,7,7,9,7,2,7,1,2,60,5,10,10,5,10,6,9,8,7,9,1,0,0,20,15,20,15,20,10,7,8,9,8,9
1,2,2,19,4,17,7,0,0.44,0,22,3,17,10,18,20,25,10,0,1,3,4,2,2,1,1,4,2,24,3,2,3,3,1,3,1,2,9,1,8,7,8,8,10,6,7,8,1,7,3,8,1,6,8,7,25,15,25,25,15,15,50,5,15,20,5,5,7,9,8,9,9,1,9,7,7,7,6,5,7,6,2,7,1,2,60,5,10,10,5,10,6,9,8,7,9,1,0,0,20,15,20,15,20,10,7,8,9,8,9
1,2,2,19,9,3,9,1,-0.41,1,22,2,20,22,18,15,15,10,1,8,6,7,3,7,2,6,4,2,24,3,2,3,3,1,3,1,2,9,1,8,7,8,8,10,6,7,8,1,7,3,8,1,6,8,7,25,15,25,25,15,15,50,5,15,20,5,5,7,9,8,9,9,1,7,6,7,6,7,5,7,5,2,7,1,2,60,5,10,10,5,10,6,9,8,7,9,1,0,0,20,15,20,15,20,10,7,8,9,8,9
1,2,2,19,15,9,10,0,-0.27,1,23,2,10,20,20,20,20,10,0,6,9,7,5,6,3,7,4,2,24,3,2,3,3,1,3,1,2,9,1,8,7,8,8,10,6,7,8,1,7,3,8,1,6,8,7,25,15,25,25,15,15,50,5,15,20,5,5,7,9,8,9,9,1,7,7,7,7,6,7,8,7,2,7,1,2,60,5,10,10,5,10,6,9,8,7,9,1,0,0,20,15,20,15,20,10,7,8,9,8,9
1,2,2,19,8,2,11,0,0,1,24,2,35,10,20,20,10,5,0,4,6,7,5,8,5,5,4,2,24,3,2,3,3,1,3,1,2,9,1,8,7,8,8,10,6,7,8,1,7,3,8,1,6,8,7,25,15,25,25,15,15,50,5,15,20,5,5,7,9,8,9,9,1,9,7,7,6,7,7,9,7,2,7,1,2,60,5,10,10,5,10,6,9,8,7,9,1,0,0,20,15,20,15,20,10,7,8,9,8,9
1,2,2,19,18,12,12,0,-0.11,0,27,4,50,0,50,0,0,0,0,5,7,9,5,4,6,6,3,2,24,3,2,3,3,1,3,1,2,9,1,8,7,8,8,10,6,7,8,1,7,3,8,1,6,8,7,25,15,25,25,15,15,50,5,15,20,5,5,7,9,8,9,9,1,7,6,6,7,7,8,9,8,2,7,1,2,60,5,10,10,5,10,6,9,8,7,9,1,0,0,20,15,20,15,20,10,7,8,9,8,9
1,2,2,19,19,13,13,0,-0.15,1,30,2,30,20,30,10,0,10,0,5,6,6,2,5,7,4,2,2,24,3,2,3,3,1,3,1,2,9,1,8,7,8,8,10,6,7,8,1,7,3,8,1,6,8,7,25,15,25,25,15,15,50,5,15,20,5,5,7,9,8,9,9,1,6,7,7,6,6,8,6,6,2,7,1,2,60,5,10,10,5,10,6,9,8,7,9,1,0,0,20,15,20,15,20,10,7,8,9,8,9
1,2,2,19,2,15,14,0,-0.24,0,21,4,30,5,30,15,15,5,0,4,6,5,4,5,3,5,4,2,24,3,2,3,3,1,3,1,2,9,1,8,7,8,8,10,6,7,8,1,7,3,8,1,6,8,7,25,15,25,25,15,15,50,5,15,20,5,5,7,9,8,9,9,1,8,7,8,7,6,6,8,8,2,7,1,2,60,5,10,10,5,10,6,9,8,7,9,1,0,0,20,15,20,15,20,10,7,8,9,8,9
1,2,2,19,11,5,17,1,0.31,1,27,2,10,10,30,25,10,15,1,7,6,8,6,9,6,7,7,2,24,3,2,3,3,1,3,1,2,9,1,8,7,8,8,10,6,7,8,1,7,3,8,1,6,8,7,25,15,25,25,15,15,50,5,15,20,5,5,7,9,8,9,9,1,5,5,6,5,7,5,6,5,2,7,1,2,60,5,10,10,5,10,6,9,8,7,9,1,0,0,20,15,20,15,20,10,7,8,9,8,9
1,2,2,19,14,8,19,0,-0.16,0,23,1,50,10,20,10,10,0,0,5,10,7,4,5,7,5,1,2,24,3,2,3,3,1,3,1,2,9,1,8,7,8,8,10,6,7,8,1,7,3,8,1,6,8,7,25,15,25,25,15,15,50,5,15,20,5,5,7,9,8,9,9,1,7,6,6,7,6,5,7,6,2,7,1,2,60,5,10,10,5,10,6,9,8,7,9,1,0,0,20,15,20,15,20,10,7,8,9,8,9
1,2,2,19,16,10,20,0,-0.01,0,24,3,20,20,20,15,15,10,0,4,7,7,4,5,1,2,1,2,24,3,2,3,3,1,3,1,2,9,1,8,7,8,8,10,6,7,8,1,7,3,8,1,6,8,7,25,15,25,25,15,15,50,5,15,20,5,5,7,9,8,9,9,1,8,5,5,5,5,4,5,5,2,7,1,2,60,5,10,10,5,10,6,9,8,7,9,1,0,0,20,15,20,15,20,10,7,8,9,8,9
1,2,2,19,5,3,1,0,0.01,0,21,4,12,18,20,16,16,18,0,6,8,8,6,8,4,5,2,2,28,8,2,6,6,2,6,3,7,9,7,3,6,8,6,6,7,6,6,7,6,7,6,6,6,3,7,25,15,25,15,0,20,20,20,20,10,10,20,7,8,6,8,7,1,7,8,8,7,9,6,7,7,2,7,3,3,25,25,0,25,0,25,7,8,8,6,7,0,0,0,30,20,20,10,10,10,7,7,10,5,7
1,2,2,19,7,5,2,1,-0.02,0,27,1,20,20,20,10,10,20,1,6,7,7,4,6,6,6,6,2,28,8,2,6,6,2,6,3,7,9,7,3,6,8,6,6,7,6,6,7,6,7,6,6,6,3,7,25,15,25,15,0,20,20,20,20,10,10,20,7,8,6,8,7,1,7,7,7,5,6,5,6,5,2,7,3,3,25,25,0,25,0,25,7,8,8,6,7,0,0,0,30,20,20,10,10,10,7,7,10,5,7
1,2,2,19,3,1,3,1,-0.1,0,21,4,10,20,40,10,10,10,1,6,7,7,6,7,5,7,5,2,28,8,2,6,6,2,6,3,7,9,7,3,6,8,6,6,7,6,6,7,6,7,6,6,6,3,7,25,15,25,15,0,20,20,20,20,10,10,20,7,8,6,8,7,1,7,8,7,6,6,6,7,7,2,7,3,3,25,25,0,25,0,25,7,8,8,6,7,0,0,0,30,20,20,10,10,10,7,7,10,5,7
1,2,2,19,12,10,5,0,-0.01,1,25,2,20,20,15,15,15,15,0,6,8,7,5,8,7,7,5,2,28,8,2,6,6,2,6,3,7,9,7,3,6,8,6,6,7,6,6,7,6,7,6,6,6,3,7,25,15,25,15,0,20,20,20,20,10,10,20,7,8,6,8,7,1,7,6,6,7,6,6,7,7,2,7,3,3,25,25,0,25,0,25,7,8,8,6,7,0,0,0,30,20,20,10,10,10,7,7,10,5,7
1,2,2,19,13,11,6,0,-0.06,1,23,2,20,20,20,15,15,10,0,4,7,6,1,4,3,2,2,2,28,8,2,6,6,2,6,3,7,9,7,3,6,8,6,6,7,6,6,7,6,7,6,6,6,3,7,25,15,25,15,0,20,20,20,20,10,10,20,7,8,6,8,7,1,7,6,8,7,6,7,8,7,2,7,3,3,25,25,0,25,0,25,7,8,8,6,7,0,0,0,30,20,20,10,10,10,7,7,10,5,7
1,2,2,19,4,2,7,0,-0.27,0,22,3,17,10,18,20,25,10,0,3,6,6,4,5,1,1,2,2,28,8,2,6,6,2,6,3,7,9,7,3,6,8,6,6,7,6,6,7,6,7,6,6,6,3,7,25,15,25,15,0,20,20,20,20,10,10,20,7,8,6,8,7,1,8,8,7,8,6,7,8,7,2,7,3,3,25,25,0,25,0,25,7,8,8,6,7,0,0,0,30,20,20,10,10,10,7,7,10,5,7
1,2,2,19,9,7,9,1,0.08,1,22,2,20,22,18,15,15,10,1,6,8,7,4,7,2,6,4,2,28,8,2,6,6,2,6,3,7,9,7,3,6,8,6,6,7,6,6,7,6,7,6,6,6,3,7,25,15,25,15,0,20,20,20,20,10,10,20,7,8,6,8,7,1,8,8,6,7,6,6,7,7,2,7,3,3,25,25,0,25,0,25,7,8,8,6,7,0,0,0,30,20,20,10,10,10,7,7,10,5,7
1,2,2,19,15,13,10,0,-0.41,1,23,2,10,20,20,20,20,10,0,4,5,5,2,6,5,4,3,2,28,8,2,6,6,2,6,3,7,9,7,3,6,8,6,6,7,6,6,7,6,7,6,6,6,3,7,25,15,25,15,0,20,20,20,20,10,10,20,7,8,6,8,7,1,6,6,6,6,6,5,6,6,2,7,3,3,25,25,0,25,0,25,7,8,8,6,7,0,0,0,30,20,20,10,10,10,7,7,10,5,7
1,2,2,19,8,6,11,0,-0.38,1,24,2,35,10,20,20,10,5,0,4,5,7,3,6,4,5,4,2,28,8,2,6,6,2,6,3,7,9,7,3,6,8,6,6,7,6,6,7,6,7,6,6,6,3,7,25,15,25,15,0,20,20,20,20,10,10,20,7,8,6,8,7,1,9,8,8,7,8,6,8,7,2,7,3,3,25,25,0,25,0,25,7,8,8,6,7,0,0,0,30,20,20,10,10,10,7,7,10,5,7
1,2,2,19,18,16,12,0,-0.19,0,27,4,50,0,50,0,0,0,0,8,8,9,5,9,6,8,5,2,28,8,2,6,6,2,6,3,7,9,7,3,6,8,6,6,7,6,6,7,6,7,6,6,6,3,7,25,15,25,15,0,20,20,20,20,10,10,20,7,8,6,8,7,1,9,8,8,8,8,7,7,7,2,7,3,3,25,25,0,25,0,25,7,8,8,6,7,0,0,0,30,20,20,10,10,10,7,7,10,5,7
1,2,2,19,19,17,13,0,-0.41,1,30,2,30,20,30,10,0,10,0,6,6,7,3,7,3,5,2,2,28,8,2,6,6,2,6,3,7,9,7,3,6,8,6,6,7,6,6,7,6,7,6,6,6,3,7,25,15,25,15,0,20,20,20,20,10,10,20,7,8,6,8,7,0,6,5,7,5,7,5,6,7,2,7,3,3,25,25,0,25,0,25,7,8,8,6,7,0,0,0,30,20,20,10,10,10,7,7,10,5,7
1,2,2,19,2,19,14,0,-0.05,0,21,4,30,5,30,15,15,5,0,4,5,6,5,6,5,5,3,2,28,8,2,6,6,2,6,3,7,9,7,3,6,8,6,6,7,6,6,7,6,7,6,6,6,3,7,25,15,25,15,0,20,20,20,20,10,10,20,7,8,6,8,7,1,7,7,7,7,7,7,7,7,2,7,3,3,25,25,0,25,0,25,7,8,8,6,7,0,0,0,30,20,20,10,10,10,7,7,10,5,7
1,2,2,19,17,15,15,1,-0.01,1,25,2,20,23,23,22,7,5,1,7,8,9,7,8,9,8,8,2,28,8,2,6,6,2,6,3,7,9,7,3,6,8,6,6,7,6,6,7,6,7,6,6,6,3,7,25,15,25,15,0,20,20,20,20,10,10,20,7,8,6,8,7,1,8,6,7,6,7,7,7,7,2,7,3,3,25,25,0,25,0,25,7,8,8,6,7,0,0,0,30,20,20,10,10,10,7,7,10,5,7
1,2,2,19,6,4,16,0,-0.06,1,26,2,20,25,20,15,15,5,0,2,2,5,2,8,4,3,5,2,28,8,2,6,6,2,6,3,7,9,7,3,6,8,6,6,7,6,6,7,6,7,6,6,6,3,7,25,15,25,15,0,20,20,20,20,10,10,20,7,8,6,8,7,1,7,7,8,7,7,7,7,7,2,7,3,3,25,25,0,25,0,25,7,8,8,6,7,0,0,0,30,20,20,10,10,10,7,7,10,5,7
1,2,2,19,11,9,17,0,-0.01,1,27,2,10,10,30,25,10,15,0,6,4,7,4,5,2,4,3,2,28,8,2,6,6,2,6,3,7,9,7,3,6,8,6,6,7,6,6,7,6,7,6,6,6,3,7,25,15,25,15,0,20,20,20,20,10,10,20,7,8,6,8,7,1,6,7,6,6,5,6,7,7,2,7,3,3,25,25,0,25,0,25,7,8,8,6,7,0,0,0,30,20,20,10,10,10,7,7,10,5,7
1,2,2,19,14,12,19,0,-0.19,0,23,1,50,10,20,10,10,0,0,6,6,8,3,8,3,4,1,2,28,8,2,6,6,2,6,3,7,9,7,3,6,8,6,6,7,6,6,7,6,7,6,6,6,3,7,25,15,25,15,0,20,20,20,20,10,10,20,7,8,6,8,7,1,6,6,7,9,7,7,7,7,2,7,3,3,25,25,0,25,0,25,7,8,8,6,7,0,0,0,30,20,20,10,10,10,7,7,10,5,7
1,2,2,19,16,14,20,0,-0.08,0,24,3,20,20,20,15,15,10,0,4,5,7,1,5,1,5,1,2,28,8,2,6,6,2,6,3,7,9,7,3,6,8,6,6,7,6,6,7,6,7,6,6,6,3,7,25,15,25,15,0,20,20,20,20,10,10,20,7,8,6,8,7,0,5,7,5,5,6,5,5,7,2,7,3,3,25,25,0,25,0,25,7,8,8,6,7,0,0,0,30,20,20,10,10,10,7,7,10,5,7
1,2,2,19,5,7,1,0,0.22,0,21,4,12,18,20,16,16,18,0,6,8,8,6,8,5,8,2,2,26,8,2,2,3,2,6,2,7,10,7,5,6,7,7,8,3,7,7,4,4,6,5,6,2,7,7,20,35,20,10,10,5,20,20,20,25,5,10,7,8,5,7,7,0,6,7,10,8,9,8,8,6,2,8,3,2,75,5,5,5,5,5,8,7,7,8,7,1,0,0,70,10,10,10,0,0,8,8,8,7,7
1,2,2,19,7,9,2,0,-0.33,0,27,1,20,20,20,10,10,20,1,8,7,7,7,6,7,7,4,2,26,8,2,2,3,2,6,2,7,10,7,5,6,7,7,8,3,7,7,4,4,6,5,6,2,7,7,20,35,20,10,10,5,20,20,20,25,5,10,7,8,5,7,7,0,5,8,5,5,6,5,5,5,2,8,3,2,75,5,5,5,5,5,8,7,7,8,7,1,0,0,70,10,10,10,0,0,8,8,8,7,7
1,2,2,19,3,5,3,0,-0.52,0,21,4,10,20,40,10,10,10,1,7,6,7,7,7,6,7,5,2,26,8,2,2,3,2,6,2,7,10,7,5,6,7,7,8,3,7,7,4,4,6,5,6,2,7,7,20,35,20,10,10,5,20,20,20,25,5,10,7,8,5,7,7,0,6,8,9,8,8,9,8,6,2,8,3,2,75,5,5,5,5,5,8,7,7,8,7,1,0,0,70,10,10,10,0,0,8,8,8,7,7
1,2,2,19,12,14,5,0,-0.24,1,25,2,20,20,15,15,15,15,0,7,8,8,6,10,6,8,7,2,26,8,2,2,3,2,6,2,7,10,7,5,6,7,7,8,3,7,7,4,4,6,5,6,2,7,7,20,35,20,10,10,5,20,20,20,25,5,10,7,8,5,7,7,1,10,8,7,8,7,8,9.5,6,1,8,3,2,75,5,5,5,5,5,8,7,7,8,7,1,0,0,70,10,10,10,0,0,8,8,8,7,7
1,2,2,19,13,15,6,0,0.22,1,23,2,20,20,20,15,15,10,0,7,4,5,6,5,4,6,5,2,26,8,2,2,3,2,6,2,7,10,7,5,6,7,7,8,3,7,7,4,4,6,5,6,2,7,7,20,35,20,10,10,5,20,20,20,25,5,10,7,8,5,7,7,1,10,9,9,10,7,8,9.5,7,2,8,3,2,75,5,5,5,5,5,8,7,7,8,7,1,0,0,70,10,10,10,0,0,8,8,8,7,7
1,2,2,19,4,6,7,1,0.29,0,22,3,17,10,18,20,25,10,1,8,7,6,6,4,4,6,5,2,26,8,2,2,3,2,6,2,7,10,7,5,6,7,7,8,3,7,7,4,4,6,5,6,2,7,7,20,35,20,10,10,5,20,20,20,25,5,10,7,8,5,7,7,1,9,8,8,8,7,9,9.5,7,2,8,3,2,75,5,5,5,5,5,8,7,7,8,7,1,0,0,70,10,10,10,0,0,8,8,8,7,7
1,2,2,19,15,17,10,0,-0.02,1,23,2,10,20,20,20,20,10,0,8,7,7,7,5,5,7,6,2,26,8,2,2,3,2,6,2,7,10,7,5,6,7,7,8,3,7,7,4,4,6,5,6,2,7,7,20,35,20,10,10,5,20,20,20,25,5,10,7,8,5,7,7,0,6,8,8,9,8,6,7,5,2,8,3,2,75,5,5,5,5,5,8,7,7,8,7,1,0,0,70,10,10,10,0,0,8,8,8,7,7
1,2,2,19,8,10,11,0,-0.34,1,24,2,35,10,20,20,10,5,0,9,6,7,7,6,5,7,4,2,26,8,2,2,3,2,6,2,7,10,7,5,6,7,7,8,3,7,7,4,4,6,5,6,2,7,7,20,35,20,10,10,5,20,20,20,25,5,10,7,8,5,7,7,1,9,6,7,6,7,8,8,5,2,8,3,2,75,5,5,5,5,5,8,7,7,8,7,1,0,0,70,10,10,10,0,0,8,8,8,7,7
1,2,2,19,19,2,13,0,-0.49,1,30,2,30,20,30,10,0,10,0,8,7,9,5,6,4,6,2,2,26,8,2,2,3,2,6,2,7,10,7,5,6,7,7,8,3,7,7,4,4,6,5,6,2,7,7,20,35,20,10,10,5,20,20,20,25,5,10,7,8,5,7,7,0,6,8,7,8,8,8,7,5,2,8,3,2,75,5,5,5,5,5,8,7,7,8,7,1,0,0,70,10,10,10,0,0,8,8,8,7,7
1,2,2,19,17,19,15,1,0.01,1,25,2,20,23,23,22,7,5,1,8,8,9,9,8,10,8,8,2,26,8,2,2,3,2,6,2,7,10,7,5,6,7,7,8,3,7,7,4,4,6,5,6,2,7,7,20,35,20,10,10,5,20,20,20,25,5,10,7,8,5,7,7,1,8,8,8,6,9,8,8,5,2,8,3,2,75,5,5,5,5,5,8,7,7,8,7,1,0,0,70,10,10,10,0,0,8,8,8,7,7
1,2,2,19,6,8,16,0,0.29,1,26,2,20,25,20,15,15,5,0,2,5,4,3,4,2,3,5,2,26,8,2,2,3,2,6,2,7,10,7,5,6,7,7,8,3,7,7,4,4,6,5,6,2,7,7,20,35,20,10,10,5,20,20,20,25,5,10,7,8,5,7,7,0,6,7,8,6,9,7,6,4,2,8,3,2,75,5,5,5,5,5,8,7,7,8,7,1,0,0,70,10,10,10,0,0,8,8,8,7,7
1,2,2,19,11,13,17,0,0.09,1,27,2,10,10,30,25,10,15,1,8,5,9,7,6,5,6,6,2,26,8,2,2,3,2,6,2,7,10,7,5,6,7,7,8,3,7,7,4,4,6,5,6,2,7,7,20,35,20,10,10,5,20,20,20,25,5,10,7,8,5,7,7,0,6,8,9,8,9,7,7,4,2,8,3,2,75,5,5,5,5,5,8,7,7,8,7,1,0,0,70,10,10,10,0,0,8,8,8,7,7
1,2,2,19,14,16,19,0,-0.32,0,23,1,50,10,20,10,10,0,0,10,6,6,9,5,3,6,2,2,26,8,2,2,3,2,6,2,7,10,7,5,6,7,7,8,3,7,7,4,4,6,5,6,2,7,7,20,35,20,10,10,5,20,20,20,25,5,10,7,8,5,7,7,1,8,8,8,10,8,7,8,5,2,8,3,2,75,5,5,5,5,5,8,7,7,8,7,1,0,0,70,10,10,10,0,0,8,8,8,7,7
1,2,2,19,5,19,1,0,-0.08,0,21,4,12,18,20,16,16,18,0,7,7,7,5,6,3,6,1,2,22,12,2,9,2,1,5,2,6,3,1,6,7,7,8,1,5,8,4,6,10,10,6,8,6,2,6,30,15,25,25,5,0,30,15,25,25,5,0,7,9,6,7,6,0,3,8,5,5,8,3,4,2,2,6,3,2,40,10,0,40,0,10,8,8,7,7,6,1,0,0,30,10,10,30,10,10,8,8,8,9,6
1,2,2,19,3,17,3,0,0.58,0,21,4,10,20,40,10,10,10,0,6,6,6,8,6,5,6,5,2,22,12,2,9,2,1,5,2,6,3,1,6,7,7,8,1,5,8,4,6,10,10,6,8,6,2,6,30,15,25,25,5,0,30,15,25,25,5,0,7,9,6,7,6,0,4,6,6,4,3,3,3,2,2,6,3,2,40,10,0,40,0,10,8,8,7,7,6,1,0,0,30,10,10,30,10,10,8,8,8,9,6
1,2,2,19,9,4,9,0,0.11,1,22,2,20,22,18,15,15,10,1,8,7,8,8,8,6,8,5,2,22,12,2,9,2,1,5,2,6,3,1,6,7,7,8,1,5,8,4,6,10,10,6,8,6,2,6,30,15,25,25,5,0,30,15,25,25,5,0,7,9,6,7,6,0,6,8,9,5,9,3,5,7,2,6,3,2,40,10,0,40,0,10,8,8,7,7,6,1,0,0,30,10,10,30,10,10,8,8,8,9,6
1,2,2,19,18,13,12,0,0.52,0,27,4,50,0,50,0,0,0,0,7,8,7,9,6,4,7,2,2,22,12,2,9,2,1,5,2,6,3,1,6,7,7,8,1,5,8,4,6,10,10,6,8,6,2,6,30,15,25,25,5,0,30,15,25,25,5,0,7,9,6,7,6,0,5,6,8,5,8,3,4,3,2,6,3,2,40,10,0,40,0,10,8,8,7,7,6,1,0,0,30,10,10,30,10,10,8,8,8,9,6
1,2,2,19,2,16,14,0,0.43,0,21,4,30,5,30,15,15,5,0,5,4,3,3,2,2,4,4,2,22,12,2,9,2,1,5,2,6,3,1,6,7,7,8,1,5,8,4,6,10,10,6,8,6,2,6,30,15,25,25,5,0,30,15,25,25,5,0,7,9,6,7,6,1,7,7,7,5,5,3,7,3,2,6,3,2,40,10,0,40,0,10,8,8,7,7,6,1,0,0,30,10,10,30,10,10,8,8,8,9,6
1,2,2,19,17,12,15,0,0.45,1,25,2,20,23,23,22,7,5,1,8,8,7,8,7,6,7,7,2,22,12,2,9,2,1,5,2,6,3,1,6,7,7,8,1,5,8,4,6,10,10,6,8,6,2,6,30,15,25,25,5,0,30,15,25,25,5,0,7,9,6,7,6,0,7,7,8,5,5,4,6,6,2,6,3,2,40,10,0,40,0,10,8,8,7,7,6,1,0,0,30,10,10,30,10,10,8,8,8,9,6
1,2,2,19,6,1,16,0,0.28,1,26,2,20,25,20,15,15,5,0,3,1,2,2,2,3,2,5,2,22,12,2,9,2,1,5,2,6,3,1,6,7,7,8,1,5,8,4,6,10,10,6,8,6,2,6,30,15,25,25,5,0,30,15,25,25,5,0,7,9,6,7,6,0,6,8,7,7,9,4,6,7,2,6,3,2,40,10,0,40,0,10,8,8,7,7,6,1,0,0,30,10,10,30,10,10,8,8,8,9,6
1,2,2,19,11,6,17,0,0.57,1,27,2,10,10,30,25,10,15,1,8,5,6,9,4,6,7,6,2,22,12,2,9,2,1,5,2,6,3,1,6,7,7,8,1,5,8,4,6,10,10,6,8,6,2,6,30,15,25,25,5,0,30,15,25,25,5,0,7,9,6,7,6,0,3,6,6,5,4,4,4,3,2,6,3,2,40,10,0,40,0,10,8,8,7,7,6,1,0,0,30,10,10,30,10,10,8,8,8,9,6
1,2,2,19,16,11,20,0,0.5,0,24,3,20,20,20,15,15,10,1,8,5,6,7,5,5,7,3,2,22,12,2,9,2,1,5,2,6,3,1,6,7,7,8,1,5,8,4,6,10,10,6,8,6,2,6,30,15,25,25,5,0,30,15,25,25,5,0,7,9,6,7,6,0,3,5,5,6,5,3,4,3,2,6,3,2,40,10,0,40,0,10,8,8,7,7,6,1,0,0,30,10,10,30,10,10,8,8,8,9,6
1,2,2,19,5,12,1,0,-0.08,0,21,4,12,18,20,16,16,18,0,6,8,7,7,7,2,6,1,2,28,4,2,2,2,2,6,2,4,8,4,3,10,9,8,8,4,4,9,5,7,9,9,9,7,3,6,40,15,20,10,5,10,30,15,20,15,10,10,8,9,8,8,8,0,6,8,8,7,7,6,7,7,2,8,3,3,55,10,10,15,0,10,8,9,8,8,8,1,0,0,35,5,20,20,5,15,8,8,8,8,8
1,2,2,19,7,14,2,0,0.5,0,27,1,20,20,20,10,10,20,1,7,7,8,6,7,8,8,5,2,28,4,2,2,2,2,6,2,4,8,4,3,10,9,8,8,4,4,9,5,7,9,9,9,7,3,6,40,15,20,10,5,10,30,15,20,15,10,10,8,9,8,8,8,0,6,8,8,7,8,6,7,5,2,8,3,3,55,10,10,15,0,10,8,9,8,8,8,1,0,0,35,5,20,20,5,15,8,8,8,8,8
1,2,2,19,12,19,5,0,0.11,1,25,2,20,20,15,15,15,15,0,7,8,9,7,8,5,7,7,2,28,4,2,2,2,2,6,2,4,8,4,3,10,9,8,8,4,4,9,5,7,9,9,9,7,3,6,40,15,20,10,5,10,30,15,20,15,10,10,8,9,8,8,8,1,9,8,8,8,8,7,8,8,2,8,3,3,55,10,10,15,0,10,8,9,8,8,8,1,0,0,35,5,20,20,5,15,8,8,8,8,8
1,2,2,19,13,1,6,0,0.08,1,23,2,20,20,20,15,15,10,0,6,8,8,6,7,5,6,6,2,28,4,2,2,2,2,6,2,4,8,4,3,10,9,8,8,4,4,9,5,7,9,9,9,7,3,6,40,15,20,10,5,10,30,15,20,15,10,10,8,9,8,8,8,1,9,9,9,9,8,8,8,8,2,8,3,3,55,10,10,15,0,10,8,9,8,8,8,1,0,0,35,5,20,20,5,15,8,8,8,8,8
1,2,2,19,4,11,7,0,-0.07,0,22,3,17,10,18,20,25,10,0,6,4,8,3,8,2,3,3,2,28,4,2,2,2,2,6,2,4,8,4,3,10,9,8,8,4,4,9,5,7,9,9,9,7,3,6,40,15,20,10,5,10,30,15,20,15,10,10,8,9,8,8,8,1,8,8,8,8,8,7,8,8,2,8,3,3,55,10,10,15,0,10,8,9,8,8,8,1,0,0,35,5,20,20,5,15,8,8,8,8,8
1,2,2,19,15,3,10,0,0.16,1,23,2,10,20,20,20,20,10,1,7,7,8,7,9,7,9,6,2,28,4,2,2,2,2,6,2,4,8,4,3,10,9,8,8,4,4,9,5,7,9,9,9,7,3,6,40,15,20,10,5,10,30,15,20,15,10,10,8,9,8,8,8,0,6,8,8,7,8,6,7,5,2,8,3,3,55,10,10,15,0,10,8,9,8,8,8,1,0,0,35,5,20,20,5,15,8,8,8,8,8
1,2,2,19,8,15,11,0,0.4,1,24,2,35,10,20,20,10,5,0,7,7,7,6,6,6,6.5,6,2,28,4,2,2,2,2,6,2,4,8,4,3,10,9,8,8,4,4,9,5,7,9,9,9,7,3,6,40,15,20,10,5,10,30,15,20,15,10,10,8,9,8,8,8,1,8,8,9,8,9,7,8,8,2,8,3,3,55,10,10,15,0,10,8,9,8,8,8,1,0,0,35,5,20,20,5,15,8,8,8,8,8
1,2,2,19,18,6,12,0,0.5,0,27,4,50,0,50,0,0,0,0,7,6,9,8,9,9,7,5,2,28,4,2,2,2,2,6,2,4,8,4,3,10,9,8,8,4,4,9,5,7,9,9,9,7,3,6,40,15,20,10,5,10,30,15,20,15,10,10,8,9,8,8,8,1,8,9,9,8,9,7,7,7,2,8,3,3,55,10,10,15,0,10,8,9,8,8,8,1,0,0,35,5,20,20,5,15,8,8,8,8,8
1,2,2,19,19,7,13,0,-0.24,1,30,2,30,20,30,10,0,10,0,8,7,5,6,7,4,6,3,2,28,4,2,2,2,2,6,2,4,8,4,3,10,9,8,8,4,4,9,5,7,9,9,9,7,3,6,40,15,20,10,5,10,30,15,20,15,10,10,8,9,8,8,8,0,7,9,9,7,9,7,7,8,2,8,3,3,55,10,10,15,0,10,8,9,8,8,8,1,0,0,35,5,20,20,5,15,8,8,8,8,8
1,2,2,19,2,9,14,0,0.24,0,21,4,30,5,30,15,15,5,0,5,4,6,3,7,3,5,4,2,28,4,2,2,2,2,6,2,4,8,4,3,10,9,8,8,4,4,9,5,7,9,9,9,7,3,6,40,15,20,10,5,10,30,15,20,15,10,10,8,9,8,8,8,1,8,8,8,8,8,7,8,7,2,8,3,3,55,10,10,15,0,10,8,9,8,8,8,1,0,0,35,5,20,20,5,15,8,8,8,8,8
1,2,2,19,17,5,15,1,-0.2,1,25,2,20,23,23,22,7,5,1,8,8,8,8,8,6,8,7,2,28,4,2,2,2,2,6,2,4,8,4,3,10,9,8,8,4,4,9,5,7,9,9,9,7,3,6,40,15,20,10,5,10,30,15,20,15,10,10,8,9,8,8,8,1,8,7,8,8,8,6,8,6,2,8,3,3,55,10,10,15,0,10,8,9,8,8,8,1,0,0,35,5,20,20,5,15,8,8,8,8,8
1,2,2,19,6,13,16,0,0.77,1,26,2,20,25,20,15,15,5,1,9,8,8,5,6,7,7,6,2,28,4,2,2,2,2,6,2,4,8,4,3,10,9,8,8,4,4,9,5,7,9,9,9,7,3,6,40,15,20,10,5,10,30,15,20,15,10,10,8,9,8,8,8,0,7,8,8,7,8,6,6,7,2,8,3,3,55,10,10,15,0,10,8,9,8,8,8,1,0,0,35,5,20,20,5,15,8,8,8,8,8
1,2,2,19,11,18,17,0,0.46,1,27,2,10,10,30,25,10,15,1,7,7,7,4,7,4,6,4,2,28,4,2,2,2,2,6,2,4,8,4,3,10,9,8,8,4,4,9,5,7,9,9,9,7,3,6,40,15,20,10,5,10,30,15,20,15,10,10,8,9,8,8,8,0,7,8,8,7,8,7,7,7,2,8,3,3,55,10,10,15,0,10,8,9,8,8,8,1,0,0,35,5,20,20,5,15,8,8,8,8,8
1,2,2,19,14,2,19,0,0.22,0,23,1,50,10,20,10,10,0,0,3,9,9,3,9,5,2,1,2,28,4,2,2,2,2,6,2,4,8,4,3,10,9,8,8,4,4,9,5,7,9,9,9,7,3,6,40,15,20,10,5,10,30,15,20,15,10,10,8,9,8,8,8,0,6,9,9,8,9,6,6,6,2,8,3,3,55,10,10,15,0,10,8,9,8,8,8,1,0,0,35,5,20,20,5,15,8,8,8,8,8
0,1,3,10,5,7,1,0,0.26,0,29,3,20,25,15,15,53,20,1,7,6,6,7,9,5,6,6,2,23,11,2,10,9,1,3,1,9,2,1,10,10,5,5,2,1,7,6,8,8,7,6,9,10,4,3,17,18,18,15,17,15,32,10,12,27,7,12,10,10,9,8,5,0,2,6,2,3,2,3,2,5,2,1,3,3,20,15,15,15,20,15,9,9,7,9,7,0,2,0,15,18,18,17,18,14,9,10,8,9,7
0,1,3,10,5,3,2,0,-0.15,0,22,6,20,15,20,20,5,10,1,8,8,7,7,7,5,7,5,2,23,11,2,10,9,1,3,1,9,2,1,10,10,5,5,2,1,7,6,8,8,7,6,9,10,4,3,17,18,18,15,17,15,32,10,12,27,7,12,10,10,9,8,5,0,3,9,9,7,9,7,5,6,2,1,3,3,20,15,15,15,20,15,9,9,7,9,7,0,2,0,15,18,18,17,18,14,9,10,8,9,7
0,1,3,10,5,4,5,1,0.07,1,26,2,25,10,20,20,15,10,1,8,6,7,7,7,5,8,3,2,23,11,2,10,9,1,3,1,9,2,1,10,10,5,5,2,1,7,6,8,8,7,6,9,10,4,3,17,18,18,15,17,15,32,10,12,27,7,12,10,10,9,8,5,1,4,7,9,9,10,7,9,9,2,1,3,3,20,15,15,15,20,15,9,9,7,9,7,0,2,0,15,18,18,17,18,14,9,10,8,9,7
0,1,3,10,5,2,6,0,-0.37,1,21,2,60,15,0,15,0,10,1,9,8,8,10,9,6,8,1,2,23,11,2,10,9,1,3,1,9,2,1,10,10,5,5,2,1,7,6,8,8,7,6,9,10,4,3,17,18,18,15,17,15,32,10,12,27,7,12,10,10,9,8,5,0,3,10,8,6,7,7,5,10,2,1,3,3,20,15,15,15,20,15,9,9,7,9,7,0,2,0,15,18,18,17,18,14,9,10,8,9,7
0,1,3,10,5,1,7,0,0.65,1,22,2,21,20,19,20,10,10,1,7,8,7,5,7,5,6,7,2,23,11,2,10,9,1,3,1,9,2,1,10,10,5,5,2,1,7,6,8,8,7,6,9,10,4,3,17,18,18,15,17,15,32,10,12,27,7,12,10,10,9,8,5,0,3,10,5,3,5,4,3,10,2,1,3,3,20,15,15,15,20,15,9,9,7,9,7,0,2,0,15,18,18,17,18,14,9,10,8,9,7
0,1,3,10,5,5,8,0,-0.31,1,22,2,30,10,20,30,0,10,0,7,7,6,5,4,5,5,5,2,23,11,2,10,9,1,3,1,9,2,1,10,10,5,5,2,1,7,6,8,8,7,6,9,10,4,3,17,18,18,15,17,15,32,10,12,27,7,12,10,10,9,8,5,1,4,10,9,8,9,7,6,8,2,1,3,3,20,15,15,15,20,15,9,9,7,9,7,0,2,0,15,18,18,17,18,14,9,10,8,9,7
0,1,3,10,5,10,9,0,-0.06,1,25,2,30,0,30,30,10,0,0,8,10,8,8,10,5,7,1,2,23,11,2,10,9,1,3,1,9,2,1,10,10,5,5,2,1,7,6,8,8,7,6,9,10,4,3,17,18,18,15,17,15,32,10,12,27,7,12,10,10,9,8,5,0,3,10,7,3,5,2,3,3,2,1,3,3,20,15,15,15,20,15,9,9,7,9,7,0,2,0,15,18,18,17,18,14,9,10,8,9,7
0,1,3,10,5,6,10,0,0.37,0,24,6,20,20,20,20,10,10,1,8,6,6,7,7,5,6,5,2,23,11,2,10,9,1,3,1,9,2,1,10,10,5,5,2,1,7,6,8,8,7,6,9,10,4,3,17,18,18,15,17,15,32,10,12,27,7,12,10,10,9,8,5,0,3,10,9,2,9,3,3,6,2,1,3,3,20,15,15,15,20,15,9,9,7,9,7,0,2,0,15,18,18,17,18,14,9,10,8,9,7
0,1,3,10,4,6,1,0,0.23,0,29,3,20,25,15,15,53,20,0,4,7,7,6,6,5,5,5,2,22,11,2,10,10,3,5,2,9,4,4,5,9,9,9,9,1,5,9,9,9,9,9,9,9,9,9,10,20,20,20,15,15,10,20,20,20,20,10,6,10,10,9,10,0,8,7,7,7,7,7,8,7,2,4,3,3,10,20,20,15,20,10,5,9,9,10,9,0,0,0,10,15,25,25,15,10,5,9,9,10,9
0,1,3,10,4,2,2,0,-0.01,0,22,6,20,15,20,20,5,10,0,5,10,7,5,4,1,5,1,2,22,11,2,10,10,3,5,2,9,4,4,5,9,9,9,9,1,5,9,9,9,9,9,9,9,9,9,10,20,20,20,15,15,10,20,20,20,20,10,6,10,10,9,10,0,8,8,8,7,8,1,5,5,2,4,3,3,10,20,20,15,20,10,5,9,9,10,9,0,0,0,10,15,25,25,15,10,5,9,9,10,9
0,1,3,10,4,7,3,0,0.68,0,27,1,21,17,22,20,8,13,0,5,6,6,5,5,4,4,0,2,22,11,2,10,10,3,5,2,9,4,4,5,9,9,9,9,1,5,9,9,9,9,9,9,9,9,9,10,20,20,20,15,15,10,20,20,20,20,10,6,10,10,9,10,0,7,6,9,7,7,7,8,7,2,4,3,3,10,20,20,15,20,10,5,9,9,10,9,0,0,0,10,15,25,25,15,10,5,9,9,10,9
0,1,3,10,4,3,5,0,0.02,1,26,2,25,10,20,20,15,10,0,5,8,7,5,5,4,7,2,2,22,11,2,10,10,3,5,2,9,4,4,5,9,9,9,9,1,5,9,9,9,9,9,9,9,9,9,10,20,20,20,15,15,10,20,20,20,20,10,6,10,10,9,10,1,8,10,10,10,10,10,10,8,2,4,3,3,10,20,20,15,20,10,5,9,9,10,9,0,0,0,10,15,25,25,15,10,5,9,9,10,9
0,1,3,10,4,1,6,1,-0.34,1,21,2,60,15,0,15,0,10,1,6,9,8,6,8,6,9,3,2,22,11,2,10,10,3,5,2,9,4,4,5,9,9,9,9,1,5,9,9,9,9,9,9,9,9,9,10,20,20,20,15,15,10,20,20,20,20,10,6,10,10,9,10,1,10,9,9,8,8,7,8,7,2,4,3,3,10,20,20,15,20,10,5,9,9,10,9,0,0,0,10,15,25,25,15,10,5,9,9,10,9
0,1,3,10,4,10,7,0,0.44,1,22,2,21,20,19,20,10,10,0,5,8,8,7,7,7,6,6,2,22,11,2,10,10,3,5,2,9,4,4,5,9,9,9,9,1,5,9,9,9,9,9,9,9,9,9,10,20,20,20,15,15,10,20,20,20,20,10,6,10,10,9,10,1,10,10,10,10,9,9,8,7,2,4,3,3,10,20,20,15,20,10,5,9,9,10,9,0,0,0,10,15,25,25,15,10,5,9,9,10,9
0,1,3,10,4,4,8,0,-0.58,1,22,2,30,10,20,30,0,10,0,6,8,6,6,6,5,5,6,2,22,11,2,10,10,3,5,2,9,4,4,5,9,9,9,9,1,5,9,9,9,9,9,9,9,9,9,10,20,20,20,15,15,10,20,20,20,20,10,6,10,10,9,10,1,10,10,10,10,10,9,8,7,2,4,3,3,10,20,20,15,20,10,5,9,9,10,9,0,0,0,10,15,25,25,15,10,5,9,9,10,9
0,1,3,10,4,9,9,0,0.34,1,25,2,30,0,30,30,10,0,0,7,6,6,8,6,5,5,2,2,22,11,2,10,10,3,5,2,9,4,4,5,9,9,9,9,1,5,9,9,9,9,9,9,9,9,9,10,20,20,20,15,15,10,20,20,20,20,10,6,10,10,9,10,0,8,9,10,10,9,10,9,8,3,4,3,3,10,20,20,15,20,10,5,9,9,10,9,0,0,0,10,15,25,25,15,10,5,9,9,10,9
0,1,3,10,4,5,10,0,0.23,0,24,6,20,20,20,20,10,10,1,6,8,7,6,5,5,6,5,2,22,11,2,10,10,3,5,2,9,4,4,5,9,9,9,9,1,5,9,9,9,9,9,9,9,9,9,10,20,20,20,15,15,10,20,20,20,20,10,6,10,10,9,10,0,8,8,10,10,9,7,8,8,2,4,3,3,10,20,20,15,20,10,5,9,9,10,9,0,0,0,10,15,25,25,15,10,5,9,9,10,9
0,1,3,10,9,7,2,0,-0.04,0,22,6,20,15,20,20,5,10,0,0,6,5,4,3,2,1,5,2,28,7,2,1,5,1,5,2,2,1,1,5,10,10,10,5,1,5,10,6,10,10,8,10,8,7,5,15,15,20,15,15,20,40,12,12,12,12,12,7,10,7,10,7,0,6,8,7,8,7,3,5,4,2,5,3,2,10,20,25,10,10,25,7,7,9,7,7,0,1,1,0,20,25,15,15,25,7,8,8,8,7
0,1,3,10,9,2,3,0,0.8,0,27,1,21,17,22,20,8,13,0,4,6,6,5,5,2,5,0,2,28,7,2,1,5,1,5,2,2,1,1,5,10,10,10,5,1,5,10,6,10,10,8,10,8,7,5,15,15,20,15,15,20,40,12,12,12,12,12,7,10,7,10,7,0,7,7,8,7,8,6,5,3,2,5,3,2,10,20,25,10,10,25,7,7,9,7,7,0,1,1,0,20,25,15,15,25,7,8,8,8,7
0,1,3,10,9,3,4,0,-0.18,1,28,2,50,10,30,10,0,0,0,2,8,8,4,6,3,4,4,2,28,7,2,1,5,1,5,2,2,1,1,5,10,10,10,5,1,5,10,6,10,10,8,10,8,7,5,15,15,20,15,15,20,40,12,12,12,12,12,7,10,7,10,7,1,8,8,8,8,8,5,8,4,2,5,3,2,10,20,25,10,10,25,7,7,9,7,7,0,1,1,0,20,25,15,15,25,7,8,8,8,7
0,1,3,10,9,8,5,0,0.14,1,26,2,25,10,20,20,15,10,0,5,8,9,7,5,5,6,2,2,28,7,2,1,5,1,5,2,2,1,1,5,10,10,10,5,1,5,10,6,10,10,8,10,8,7,5,15,15,20,15,15,20,40,12,12,12,12,12,7,10,7,10,7,0,6,5,6,8,8,4,5,2,2,5,3,2,10,20,25,10,10,25,7,7,9,7,7,0,1,1,0,20,25,15,15,25,7,8,8,8,7
0,1,3,10,9,6,6,1,-0.47,1,21,2,60,15,0,15,0,10,1,6,6,8,7,7,2,8,0,2,28,7,2,1,5,1,5,2,2,1,1,5,10,10,10,5,1,5,10,6,10,10,8,10,8,7,5,15,15,20,15,15,20,40,12,12,12,12,12,7,10,7,10,7,1,6,9,8,8,8,5,6,4,2,5,3,2,10,20,25,10,10,25,7,7,9,7,7,0,1,1,0,20,25,15,15,25,7,8,8,8,7
0,1,3,10,9,5,7,0,0.41,1,22,2,21,20,19,20,10,10,0,5,8,7,5,6,5,6,7,2,28,7,2,1,5,1,5,2,2,1,1,5,10,10,10,5,1,5,10,6,10,10,8,10,8,7,5,15,15,20,15,15,20,40,12,12,12,12,12,7,10,7,10,7,0,7,7,8,8,8,5,6,4,2,5,3,2,10,20,25,10,10,25,7,7,9,7,7,0,1,1,0,20,25,15,15,25,7,8,8,8,7
0,1,3,10,9,4,9,0,0.53,1,25,2,30,0,30,30,10,0,0,5,9,10,7,8,7,7,6,2,28,7,2,1,5,1,5,2,2,1,1,5,10,10,10,5,1,5,10,6,10,10,8,10,8,7,5,15,15,20,15,15,20,40,12,12,12,12,12,7,10,7,10,7,0,5,8,8,8,7,4,7,5,2,5,3,2,10,20,25,10,10,25,7,7,9,7,7,0,1,1,0,20,25,15,15,25,7,8,8,8,7
0,1,3,10,9,10,10,1,0.28,0,24,6,20,20,20,20,10,10,1,6,7,8,6,5,7,6,6,2,28,7,2,1,5,1,5,2,2,1,1,5,10,10,10,5,1,5,10,6,10,10,8,10,8,7,5,15,15,20,15,15,20,40,12,12,12,12,12,7,10,7,10,7,1,6,8,8,8,8,5,7,4,2,5,3,2,10,20,25,10,10,25,7,7,9,7,7,0,1,1,0,20,25,15,15,25,7,8,8,8,7
0,1,3,10,2,4,1,0,0.17,0,29,3,20,25,15,15,53,20,0,2,6,7,5,6,4,5,6,2,24,1,4,1,3,3,6,1,10,5,3,8,6,9,8,5,1,2,10,1,8,9,4,5,6,2,6,5,15,45,25,0,10,50,5,20,15,0,10,6,8,9,8,7,1,2,7,7,5,4,2,6,5,2,4,3,3,20,0,30,50,0,0,5,5,9,9,3,0,0,0,25,5,40,20,5,5,6,6,7,9,5
0,1,3,10,2,10,2,1,0.03,0,22,6,20,15,20,20,5,10,1,5,5,5,5,5,5,5,5,1,24,1,4,1,3,3,6,1,10,5,3,8,6,9,8,5,1,2,10,1,8,9,4,5,6,2,6,5,15,45,25,0,10,50,5,20,15,0,10,6,8,9,8,7,1,7,7,7,5,5,5,7,5,1,4,3,3,20,0,30,50,0,0,5,5,9,9,3,0,0,0,25,5,40,20,5,5,6,6,7,9,5
0,1,3,10,2,5,3,0,0.41,0,27,1,21,17,22,20,8,13,0,4,7,7,6,5,3,6,5,2,24,1,4,1,3,3,6,1,10,5,3,8,6,9,8,5,1,2,10,1,8,9,4,5,6,2,6,5,15,45,25,0,10,50,5,20,15,0,10,6,8,9,8,7,1,7,7,8,5,5,5,6,3,2,4,3,3,20,0,30,50,0,0,5,5,9,9,3,0,0,0,25,5,40,20,5,5,6,6,7,9,5
0,1,3,10,2,1,5,0,0.63,0,26,2,25,10,20,20,15,10,0,5,7,9,7,5,4,7,2,2,24,1,4,1,3,3,6,1,10,5,3,8,6,9,8,5,1,2,10,1,8,9,4,5,6,2,6,5,15,45,25,0,10,50,5,20,15,0,10,6,8,9,8,7,1,6,6,9,8,8,5,8,4,2,4,3,3,20,0,30,50,0,0,5,5,9,9,3,0,0,0,25,5,40,20,5,5,6,6,7,9,5
0,1,3,10,2,8,7,0,0.21,0,22,2,21,20,19,20,10,10,0,5,8,8,5,7,6,6,6,2,24,1,4,1,3,3,6,1,10,5,3,8,6,9,8,5,1,2,10,1,8,9,4,5,6,2,6,5,15,45,25,0,10,50,5,20,15,0,10,6,8,9,8,7,0,3,8,5,3,7,1,1,3,2,4,3,3,20,0,30,50,0,0,5,5,9,9,3,0,0,0,25,5,40,20,5,5,6,6,7,9,5
0,1,3,10,2,2,8,0,-0.23,0,22,2,30,10,20,30,0,10,0,4,8,7,6,7,5,2,7,2,24,1,4,1,3,3,6,1,10,5,3,8,6,9,8,5,1,2,10,1,8,9,4,5,6,2,6,5,15,45,25,0,10,50,5,20,15,0,10,6,8,9,8,7,0,4,5,5,5,8,5,3,1,2,4,3,3,20,0,30,50,0,0,5,5,9,9,3,0,0,0,25,5,40,20,5,5,6,6,7,9,5
0,1,3,10,2,7,9,0,0.59,0,25,2,30,0,30,30,10,0,0,7,8,7,7,3,5,6,3,2,24,1,4,1,3,3,6,1,10,5,3,8,6,9,8,5,1,2,10,1,8,9,4,5,6,2,6,5,15,45,25,0,10,50,5,20,15,0,10,6,8,9,8,7,0,3,8,8,7,8,3,5,5,2,4,3,3,20,0,30,50,0,0,5,5,9,9,3,0,0,0,25,5,40,20,5,5,6,6,7,9,5
0,1,3,10,2,3,10,0,0.16,0,24,6,20,20,20,20,10,10,0,5,6,6,7,6,5,5,5,2,24,1,4,1,3,3,6,1,10,5,3,8,6,9,8,5,1,2,10,1,8,9,4,5,6,2,6,5,15,45,25,0,10,50,5,20,15,0,10,6,8,9,8,7,0,3,7,4,2,3,2,3,5,2,4,3,3,20,0,30,50,0,0,5,5,9,9,3,0,0,0,25,5,40,20,5,5,6,6,7,9,5
0,1,3,10,10,2,1,0,-0.07,0,29,3,20,25,15,15,53,20,0,4,6,6,5,4,4,4,5,2,27,11,4,6,3,2,6,5,9,8,8,8,8,8,8,9,5,3,8,7,8,8,9,9,8,5,3,10,25,25,10,10,20,20,15,15,20,15,15,8,8,6,9,9,1,7,7,8,6,8,5,7,5,2,5,1,2,15,20,20,15,15,15,8,8,8,5,8,1,1,0,15,20,20,15,15,15,8,9,9,6,9
0,1,3,10,10,8,2,0,0.39,0,22,6,20,15,20,20,5,10,0,6,6,8,6,7,6,6,5,2,27,11,4,6,3,2,6,5,9,8,8,8,8,8,8,9,5,3,8,7,8,8,9,9,8,5,3,10,25,25,10,10,20,20,15,15,20,15,15,8,8,6,9,9,1,7,7,7,6,5,5,6,5,2,5,1,2,15,20,20,15,15,15,8,8,8,5,8,1,1,0,15,20,20,15,15,15,8,9,9,6,9
0,1,3,10,10,3,3,0,0.03,0,27,1,21,17,22,20,8,13,0,3,4,6,3,7,2,4,0,2,27,11,4,6,3,2,6,5,9,8,8,8,8,8,8,9,5,3,8,7,8,8,9,9,8,5,3,10,25,25,10,10,20,20,15,15,20,15,15,8,8,6,9,9,0,4,5,7,4,5,3,4,2,2,5,1,2,15,20,20,15,15,15,8,8,8,5,8,1,1,0,15,20,20,15,15,15,8,9,9,6,9
0,1,3,10,10,4,4,0,-0.18,0,28,2,50,10,30,10,0,0,0,4,6,8,4,9,1,4,3,2,27,11,4,6,3,2,6,5,9,8,8,8,8,8,8,9,5,3,8,7,8,8,9,9,8,5,3,10,25,25,10,10,20,20,15,15,20,15,15,8,8,6,9,9,1,7,7,8,6,4,4,7,5,2,5,1,2,15,20,20,15,15,15,8,8,8,5,8,1,1,0,15,20,20,15,15,15,8,9,9,6,9
0,1,3,10,10,9,5,0,0.34,0,26,2,25,10,20,20,15,10,0,6,6,9,6,6,5,6,2,2,27,11,4,6,3,2,6,5,9,8,8,8,8,8,8,9,5,3,8,7,8,8,9,9,8,5,3,10,25,25,10,10,20,20,15,15,20,15,15,8,8,6,9,9,0,5,6,8,6,8,4,5,3,2,5,1,2,15,20,20,15,15,15,8,8,8,5,8,1,1,0,15,20,20,15,15,15,8,9,9,6,9
0,1,3,10,10,7,6,0,-0.05,0,21,2,60,15,0,15,0,10,0,7,7,9,8,8,5,6,0,2,27,11,4,6,3,2,6,5,9,8,8,8,8,8,8,9,5,3,8,7,8,8,9,9,8,5,3,10,25,25,10,10,20,20,15,15,20,15,15,8,8,6,9,9,1,5,6,6,4,7,5,6,4,2,5,1,2,15,20,20,15,15,15,8,8,8,5,8,1,1,0,15,20,20,15,15,15,8,9,9,6,9
0,1,3,10,10,6,7,0,0.07,0,22,2,21,20,19,20,10,10,0,6,7,8,4,7,6,5,5,2,27,11,4,6,3,2,6,5,9,8,8,8,8,8,8,9,5,3,8,7,8,8,9,9,8,5,3,10,25,25,10,10,20,20,15,15,20,15,15,8,8,6,9,9,1,6,6,7,6,6,6,6,4,2,5,1,2,15,20,20,15,15,15,8,8,8,5,8,1,1,0,15,20,20,15,15,15,8,9,9,6,9
0,1,3,10,10,5,9,0,0.15,0,25,2,30,0,30,30,10,0,1,8,7,7,9,6,8,8,7,2,27,11,4,6,3,2,6,5,9,8,8,8,8,8,8,9,5,3,8,7,8,8,9,9,8,5,3,10,25,25,10,10,20,20,15,15,20,15,15,8,8,6,9,9,0,6,6,6,5,6,4,5,4,2,5,1,2,15,20,20,15,15,15,8,8,8,5,8,1,1,0,15,20,20,15,15,15,8,9,9,6,9
0,1,3,10,10,1,10,1,-0.17,0,24,6,20,20,20,20,10,10,1,6,6,7,5,6,5,6,7,2,27,11,4,6,3,2,6,5,9,8,8,8,8,8,8,9,5,3,8,7,8,8,9,9,8,5,3,10,25,25,10,10,20,20,15,15,20,15,15,8,8,6,9,9,1,8,6,8,5,8,5,6,5,2,5,1,2,15,20,20,15,15,15,8,8,8,5,8,1,1,0,15,20,20,15,15,15,8,9,9,6,9
0,1,3,10,1,3,1,0,0.48,0,29,3,20,25,15,15,53,20,1,8,8,8,8,6,8,8,7,2,23,11,6,6,3,2,5,3,3,7,5,7,8,8,8,8,8,9,8,8,8,9,8,8,9,6,7,17,17,17,17,17,15,20,18,18,14,15,15,7,9,9,8,9,0,6,7,8,7,8,6,6,6,2,5,1,1,17,17,17,17,17,17,8,9,8,9,9,0,0,0,15,17,17,17,17,17,8,9,8,9,9
0,1,3,10,1,9,2,0,-0.43,1,22,6,20,15,20,20,5,10,1,7,6,7,8,7,7,6,5,2,23,11,6,6,3,2,5,3,3,7,5,7,8,8,8,8,8,9,8,8,8,9,8,8,9,6,7,17,17,17,17,17,15,20,18,18,14,15,15,7,9,9,8,9,0,6,7,7,7,7,6,6,5,2,5,1,1,17,17,17,17,17,17,8,9,8,9,9,0,0,0,15,17,17,17,17,17,8,9,8,9,9
0,1,3,10,1,4,3,0,0.65,0,27,1,21,17,22,20,8,13,0,6,7,6,7,5,3,6,5,2,23,11,6,6,3,2,5,3,3,7,5,7,8,8,8,8,8,9,8,8,8,9,8,8,9,6,7,17,17,17,17,17,15,20,18,18,14,15,15,7,9,9,8,9,0,7,7,7,7,7,6,6,5,2,5,1,1,17,17,17,17,17,17,8,9,8,9,9,0,0,0,15,17,17,17,17,17,8,9,8,9,9
0,1,3,10,1,5,4,0,-0.2,0,28,2,50,10,30,10,0,0,0,5,6,5,8,6,2,5,4,2,23,11,6,6,3,2,5,3,3,7,5,7,8,8,8,8,8,9,8,8,8,9,8,8,9,6,7,17,17,17,17,17,15,20,18,18,14,15,15,7,9,9,8,9,0,7,7,7,7,8,6,6,6,2,5,1,1,17,17,17,17,17,17,8,9,8,9,9,0,0,0,15,17,17,17,17,17,8,9,8,9,9
0,1,3,10,1,10,5,0,0.02,0,26,2,25,10,20,20,15,10,0,7,7,7,7,7,8,7,3,2,23,11,6,6,3,2,5,3,3,7,5,7,8,8,8,8,8,9,8,8,8,9,8,8,9,6,7,17,17,17,17,17,15,20,18,18,14,15,15,7,9,9,8,9,0,7,7,8,7,7,6,6,5,2,5,1,1,17,17,17,17,17,17,8,9,8,9,9,0,0,0,15,17,17,17,17,17,8,9,8,9,9
0,1,3,10,1,8,6,0,-0.37,0,21,2,60,15,0,15,0,10,1,8,8,9,9,8,6,7,1,2,23,11,6,6,3,2,5,3,3,7,5,7,8,8,8,8,8,9,8,8,8,9,8,8,9,6,7,17,17,17,17,17,15,20,18,18,14,15,15,7,9,9,8,9,0,5,7,7,5,7,5,5,4,2,5,1,1,17,17,17,17,17,17,8,9,8,9,9,0,0,0,15,17,17,17,17,17,8,9,8,9,9
0,1,3,10,1,7,7,0,0.45,0,22,2,21,20,19,20,10,10,0,5,7,7,7,6,7,7,7,2,23,11,6,6,3,2,5,3,3,7,5,7,8,8,8,8,8,9,8,8,8,9,8,8,9,6,7,17,17,17,17,17,15,20,18,18,14,15,15,7,9,9,8,9,0,7,7,7,7,6,7,6,5,2,5,1,1,17,17,17,17,17,17,8,9,8,9,9,0,0,0,15,17,17,17,17,17,8,9,8,9,9
0,1,3,10,1,1,8,0,-0.63,0,22,2,30,10,20,30,0,10,0,6,8,7,7,6,5,6,5,2,23,11,6,6,3,2,5,3,3,7,5,7,8,8,8,8,8,9,8,8,8,9,8,8,9,6,7,17,17,17,17,17,15,20,18,18,14,15,15,7,9,9,8,9,0,7,7,7,8,8,5,6,6,2,5,1,1,17,17,17,17,17,17,8,9,8,9,9,0,0,0,15,17,17,17,17,17,8,9,8,9,9
0,1,3,10,1,6,9,0,0.35,0,25,2,30,0,30,30,10,0,0,7,9,8,9,5,6,6,3,2,23,11,6,6,3,2,5,3,3,7,5,7,8,8,8,8,8,9,8,8,8,9,8,8,9,6,7,17,17,17,17,17,15,20,18,18,14,15,15,7,9,9,8,9,0,7,7,7,7,7,5,6,6,2,5,1,1,17,17,17,17,17,17,8,9,8,9,9,0,0,0,15,17,17,17,17,17,8,9,8,9,9
0,1,3,10,1,2,10,0,0.5,1,24,6,20,20,20,20,10,10,1,6,7,6,8,6,5,6,7,2,23,11,6,6,3,2,5,3,3,7,5,7,8,8,8,8,8,9,8,8,8,9,8,8,9,6,7,17,17,17,17,17,15,20,18,18,14,15,15,7,9,9,8,9,0,5,8,7,6,8,5,5,4,2,5,1,1,17,17,17,17,17,17,8,9,8,9,9,0,0,0,15,17,17,17,17,17,8,9,8,9,9
1,1,3,10,9,3,6,0,-0.18,1,28,2,15,15,20,15,15,20,1,8,8,8,8,8,5,8,4,2,28,8,2,2,2,6,6,1,7,10,7,5,5,3,2,1,3,9,8,2,4,7,6,7,2,1,3,50,10,30,10,0,0,20,10,40,20,10,0,5,9,5,8,8,0,2,8,8,4,6,3,4,4,2,3,1,1,60,5,15,15,0,0,5,8,9,5,8,2,0,1,50,10,30,10,0,0,5,9,9,5,8
1,1,3,10,10,4,9,0,-0.18,0,27,4,10,25,25,10,10,20,1,7,7,8,6,4,4,7,5,2,28,8,2,2,2,6,6,1,7,10,7,5,5,3,2,1,3,9,8,2,4,7,6,7,2,1,3,50,10,30,10,0,0,20,10,40,20,10,0,5,9,5,8,8,0,4,6,8,4,9,1,4,3,2,3,1,1,60,5,15,15,0,0,5,8,9,5,8,2,0,1,50,10,30,10,0,0,5,9,9,5,8
1,1,3,10,1,5,10,0,-0.2,0,23,6,17,17,17,17,17,15,0,7,7,7,7,8,6,6,6,2,28,8,2,2,2,6,6,1,7,10,7,5,5,3,2,1,3,9,8,2,4,7,6,7,2,1,3,50,10,30,10,0,0,20,10,40,20,10,0,5,9,5,8,8,0,5,6,5,8,6,2,5,4,2,3,1,1,60,5,15,15,0,0,5,8,9,5,8,2,0,1,50,10,30,10,0,0,5,9,9,5,8
1,1,3,10,5,1,1,0,0.65,1,23,2,17,18,18,15,17,15,0,3,10,5,3,5,4,3,10,2,22,5,2,8,1,5,6,1,7,8,3,7,10,6,6,7,2,9,5,6,7,7,6,8,8,4,7,21,20,19,20,10,10,30,15,10,20,10,15,7,9,8,8,8,1,7,8,7,5,7,5,6,7,2,6,1,3,22,17,17,17,10,17,6,7,7,7,8,0,0,0,20,20,15,20,10,15,6,8,8,7,8
1,1,3,10,4,10,2,0,0.44,1,22,2,10,20,20,20,15,15,1,10,10,10,10,9,9,8,7,2,22,5,2,8,1,5,6,1,7,8,3,7,10,6,6,7,2,9,5,6,7,7,6,8,8,4,7,21,20,19,20,10,10,30,15,10,20,10,15,7,9,8,8,8,0,5,8,8,7,7,7,6,6,2,6,1,3,22,17,17,17,10,17,6,7,7,7,8,0,0,0,20,20,15,20,10,15,6,8,8,7,8
1,1,3,10,6,2,5,0,0.61,0,29,6,5,20,25,15,15,20,0,10,4,8,1,1,3,3,1,2,22,5,2,8,1,5,6,1,7,8,3,7,10,6,6,7,2,9,5,6,7,7,6,8,8,4,7,21,20,19,20,10,10,30,15,10,20,10,15,7,9,8,8,8,0,5,8,7,6,5,5,5,6,2,6,1,3,22,17,17,17,10,17,6,7,7,7,8,0,0,0,20,20,15,20,10,15,6,8,8,7,8
1,1,3,10,9,5,6,0,0.41,1,28,2,15,15,20,15,15,20,0,7,7,8,8,8,5,6,4,2,22,5,2,8,1,5,6,1,7,8,3,7,10,6,6,7,2,9,5,6,7,7,6,8,8,4,7,21,20,19,20,10,10,30,15,10,20,10,15,7,9,8,8,8,0,5,8,7,5,6,5,6,7,2,6,1,3,22,17,17,17,10,17,6,7,7,7,8,0,0,0,20,20,15,20,10,15,6,8,8,7,8
1,1,3,10,2,8,8,0,0.21,0,24,4,5,15,45,25,0,10,0,3,8,5,3,7,1,1,3,2,22,5,2,8,1,5,6,1,7,8,3,7,10,6,6,7,2,9,5,6,7,7,6,8,8,4,7,21,20,19,20,10,10,30,15,10,20,10,15,7,9,8,8,8,0,5,8,8,5,7,6,6,6,2,6,1,3,22,17,17,17,10,17,6,7,7,7,8,0,0,0,20,20,15,20,10,15,6,8,8,7,8
1,1,3,10,10,6,9,0,0.07,0,27,4,10,25,25,10,10,20,1,6,6,7,6,6,6,6,4,2,22,5,2,8,1,5,6,1,7,8,3,7,10,6,6,7,2,9,5,6,7,7,6,8,8,4,7,21,20,19,20,10,10,30,15,10,20,10,15,7,9,8,8,8,0,6,7,8,4,7,6,5,5,2,6,1,3,22,17,17,17,10,17,6,7,7,7,8,0,0,0,20,20,15,20,10,15,6,8,8,7,8
1,1,3,10,1,7,10,0,0.45,0,23,6,17,17,17,17,17,15,0,7,7,7,7,6,7,6,5,2,22,5,2,8,1,5,6,1,7,8,3,7,10,6,6,7,2,9,5,6,7,7,6,8,8,4,7,21,20,19,20,10,10,30,15,10,20,10,15,7,9,8,8,8,0,5,7,7,7,6,7,7,7,2,6,1,3,22,17,17,17,10,17,6,7,7,7,8,0,0,0,20,20,15,20,10,15,6,8,8,7,8
1,1,3,10,5,10,1,0,-0.06,1,23,2,17,18,18,15,17,15,0,3,10,7,3,5,2,3,3,2,25,5,2,3,1,5,7,2,5,8,3,5,9,10,10,9,6,8,10,2,9,10,8,8,3,5,9,30,0,30,30,10,0,30,0,10,30,10,20,7,9,9,8,7,0,8,10,8,8,10,5,7,1,2,8,1,2,40,0,20,40,0,0,7,9,8,9,7,0,0,0,30,10,25,30,0,5,7,9,8,9,8
1,1,3,10,4,9,2,0,0.34,1,22,2,10,20,20,20,15,15,0,8,9,10,10,9,10,9,8,3,25,5,2,3,1,5,7,2,5,8,3,5,9,10,10,9,6,8,10,2,9,10,8,8,3,5,9,30,0,30,30,10,0,30,0,10,30,10,20,7,9,9,8,7,0,7,6,6,8,6,5,5,2,2,8,1,2,40,0,20,40,0,0,7,9,8,9,7,0,0,0,30,10,25,30,0,5,7,9,8,9,8
1,1,3,10,6,1,5,0,0.41,0,29,6,5,20,25,15,15,20,1,9,10,10,9,10,8,8,8,2,25,5,2,3,1,5,7,2,5,8,3,5,9,10,10,9,6,8,10,2,9,10,8,8,3,5,9,30,0,30,30,10,0,30,0,10,30,10,20,7,9,9,8,7,0,6,8,8,7,7,5,5,1,2,8,1,2,40,0,20,40,0,0,7,9,8,9,7,0,0,0,30,10,25,30,0,5,7,9,8,9,8
1,1,3,10,9,4,6,0,0.53,1,28,2,15,15,20,15,15,20,0,5,8,8,8,7,4,7,5,2,25,5,2,3,1,5,7,2,5,8,3,5,9,10,10,9,6,8,10,2,9,10,8,8,3,5,9,30,0,30,30,10,0,30,0,10,30,10,20,7,9,9,8,7,0,5,9,10,7,8,7,7,6,2,8,1,2,40,0,20,40,0,0,7,9,8,9,7,0,0,0,30,10,25,30,0,5,7,9,8,9,8
1,1,3,10,3,8,7,1,0.21,0,26,3,30,10,20,20,10,10,1,6,8,8,7,7,8,7,7,2,25,5,2,3,1,5,7,2,5,8,3,5,9,10,10,9,6,8,10,2,9,10,8,8,3,5,9,30,0,30,30,10,0,30,0,10,30,10,20,7,9,9,8,7,1,10,9,9,9,7,8,9,6,2,8,1,2,40,0,20,40,0,0,7,9,8,9,7,0,0,0,30,10,25,30,0,5,7,9,8,9,8
1,1,3,10,2,7,8,0,0.59,0,24,4,5,15,45,25,0,10,0,3,8,8,7,8,3,5,5,2,25,5,2,3,1,5,7,2,5,8,3,5,9,10,10,9,6,8,10,2,9,10,8,8,3,5,9,30,0,30,30,10,0,30,0,10,30,10,20,7,9,9,8,7,0,7,8,7,7,3,5,6,3,2,8,1,2,40,0,20,40,0,0,7,9,8,9,7,0,0,0,30,10,25,30,0,5,7,9,8,9,8
1,1,3,10,10,5,9,0,0.15,0,27,4,10,25,25,10,10,20,0,6,6,6,5,6,4,5,4,2,25,5,2,3,1,5,7,2,5,8,3,5,9,10,10,9,6,8,10,2,9,10,8,8,3,5,9,30,0,30,30,10,0,30,0,10,30,10,20,7,9,9,8,7,1,8,7,7,9,6,8,8,7,2,8,1,2,40,0,20,40,0,0,7,9,8,9,7,0,0,0,30,10,25,30,0,5,7,9,8,9,8
1,1,3,10,1,6,10,0,0.35,0,23,6,17,17,17,17,17,15,0,7,7,7,7,7,5,6,6,2,25,5,2,3,1,5,7,2,5,8,3,5,9,10,10,9,6,8,10,2,9,10,8,8,3,5,9,30,0,30,30,10,0,30,0,10,30,10,20,7,9,9,8,7,0,7,9,8,9,5,6,6,3,2,8,1,2,40,0,20,40,0,0,7,9,8,9,7,0,0,0,30,10,25,30,0,5,7,9,8,9,8
0,2,4,18,5,16,15,0,0.32,1,24,2,10,20,35,20,0,15,0,7,7,8,7,5,8,6,5,2,34,6,2,5,7,2,7,2,2,1,7,6,8,8,8,5,1,7,7,4,8,8,8,7,7,7,6,10,10,30,20,10,20,50,10,10,10,10,10,6,6,6,8,4,1,5,5,5,5,8,8,5,5,2,6,1,2,30,0,40,30,0,0,6,2,8,8,3,2,2,1,20,5,30,20,5,20,6,6,8,6,3
0,2,4,18,10,14,1,1,0.56,0,28,4,20,20,20,10,10,20,1,8,8,7,7,7,5,7,7,2,22,11,2,2,2,1,4,2,11,7,1,10,9,9,9,8,3,6,6,6,8,8,10,10,7,9,6,15,20,20,20,15,10,40,5,20,20,10,5,6,8,8,8,8,1,4,7,8,10,7,7,8,4,2,6,3,2,30,15,15,20,5,15,5,5,7,8,8,0,4,1,15,15,20,25,15,10,6,7,7,8,9
0,2,4,18,10,16,2,0,-0.2,1,26,2,18,18,18,19,13,14,0,4,6,5,6,5,5,4,4,2,22,11,2,2,2,1,4,2,11,7,1,10,9,9,9,8,3,6,6,6,8,8,10,10,7,9,6,15,20,20,20,15,10,40,5,20,20,10,5,6,8,8,8,8,0,4,6,6,6,5,7,4,6,2,6,3,2,30,15,15,20,5,15,5,5,7,8,8,0,4,1,15,15,20,25,15,10,6,7,7,8,9
0,2,4,18,10,10,4,1,-0.05,1,29,2,50,7,20,23,0,0,1,6,9,9,9,6,6,6,4,2,22,11,2,2,2,1,4,2,11,7,1,10,9,9,9,8,3,6,6,6,8,8,10,10,7,9,6,15,20,20,20,15,10,40,5,20,20,10,5,6,8,8,8,8,1,6,5,6,7,6,7,6,4,2,6,3,2,30,15,15,20,5,15,5,5,7,8,8,0,4,1,15,15,20,25,15,10,6,7,7,8,9
0,2,4,18,10,7,6,1,0.55,1,28,2,30,30,20,10,10,0,1,8,8,9,8,8,9,8,9,2,22,11,2,2,2,1,4,2,11,7,1,10,9,9,9,8,3,6,6,6,8,8,10,10,7,9,6,15,20,20,20,15,10,40,5,20,20,10,5,6,8,8,8,8,1,10,7,8,7,9,9,10,5,2,6,3,2,30,15,15,20,5,15,5,5,7,8,8,0,4,1,15,15,20,25,15,10,6,7,7,8,9
0,2,4,18,10,9,9,0,0,1,32,2,30,10,30,20,10,0,0,4,5,6,6,6,6,5,6,2,22,11,2,2,2,1,4,2,11,7,1,10,9,9,9,8,3,6,6,6,8,8,10,10,7,9,6,15,20,20,20,15,10,40,5,20,20,10,5,6,8,8,8,8,1,6,7,6,7,4,6,7,6,2,6,3,2,30,15,15,20,5,15,5,5,7,8,8,0,4,1,15,15,20,25,15,10,6,7,7,8,9
0,2,4,18,10,6,10,0,0.15,1,26,2,40,5,20,10,10,15,0,6,7,7,7,7,5,6,4,2,22,11,2,2,2,1,4,2,11,7,1,10,9,9,9,8,3,6,6,6,8,8,10,10,7,9,6,15,20,20,20,15,10,40,5,20,20,10,5,6,8,8,8,8,1,9,7,7,10,8,7,8,5,2,6,3,2,30,15,15,20,5,15,5,5,7,8,8,0,4,1,15,15,20,25,15,10,6,7,7,8,9
0,2,4,18,10,15,11,0,0.63,1,27,2,20,15,25,15,20,5,0,6,6,6,6,6,7,7,4,2,22,11,2,2,2,1,4,2,11,7,1,10,9,9,9,8,3,6,6,6,8,8,10,10,7,9,6,15,20,20,20,15,10,40,5,20,20,10,5,6,8,8,8,8,0,6,6,5,5,5,6,4,3,2,6,3,2,30,15,15,20,5,15,5,5,7,8,8,0,4,1,15,15,20,25,15,10,6,7,7,8,9
0,2,4,18,10,18,12,1,-0.28,0,25,1,30,15,20,20,0,5,1,8,7,8,8,7,7,7,3,2,22,11,2,2,2,1,4,2,11,7,1,10,9,9,9,8,3,6,6,6,8,8,10,10,7,9,6,15,20,20,20,15,10,40,5,20,20,10,5,6,8,8,8,8,1,7,7,8,10,9,8,9,5,2,6,3,2,30,15,15,20,5,15,5,5,7,8,8,0,4,1,15,15,20,25,15,10,6,7,7,8,9
0,2,4,18,10,17,14,1,0.63,1,21,2,19,24,21,23,5,8,1,6,8,8,8,9,7,6.5,7,2,22,11,2,2,2,1,4,2,11,7,1,10,9,9,9,8,3,6,6,6,8,8,10,10,7,9,6,15,20,20,20,15,10,40,5,20,20,10,5,6,8,8,8,8,1,9,9,9,10,9,10,10,7,2,6,3,2,30,15,15,20,5,15,5,5,7,8,8,0,4,1,15,15,20,25,15,10,6,7,7,8,9
0,2,4,18,10,3,15,0,0.41,1,24,2,10,20,35,20,0,15,0,9,6,7,6,5,3,5,2,2,22,11,2,2,2,1,4,2,11,7,1,10,9,9,9,8,3,6,6,6,8,8,10,10,7,9,6,15,20,20,20,15,10,40,5,20,20,10,5,6,8,8,8,8,1,9,7,7,9,6,5,8,6,2,6,3,2,30,15,15,20,5,15,5,5,7,8,8,0,4,1,15,15,20,25,15,10,6,7,7,8,9
0,2,4,18,10,13,16,0,0.56,0,25,4,15,10,30,10,5,30,1,7,10,8,7,5,4,7,5,2,22,11,2,2,2,1,4,2,11,7,1,10,9,9,9,8,3,6,6,6,8,8,10,10,7,9,6,15,20,20,20,15,10,40,5,20,20,10,5,6,8,8,8,8,0,6,7,7,6,7,7,7,4,2,6,3,2,30,15,15,20,5,15,5,5,7,8,8,0,4,1,15,15,20,25,15,10,6,7,7,8,9
0,2,4,18,10,12,17,0,0.76,1,28,2,20,20,15,15,5,25,0,6,7,8,6,9,8,5,3,2,22,11,2,2,2,1,4,2,11,7,1,10,9,9,9,8,3,6,6,6,8,8,10,10,7,9,6,15,20,20,20,15,10,40,5,20,20,10,5,6,8,8,8,8,1,8,9,8,9,9,8,8,4,2,6,3,2,30,15,15,20,5,15,5,5,7,8,8,0,4,1,15,15,20,25,15,10,6,7,7,8,9
0,2,4,18,10,11,18,0,0.29,0,27,4,20,20,20,20,10,10,0,6,7,7,5,6,5,5,5,2,22,11,2,2,2,1,4,2,11,7,1,10,9,9,9,8,3,6,6,6,8,8,10,10,7,9,6,15,20,20,20,15,10,40,5,20,20,10,5,6,8,8,8,8,0,4,6,7,4,5,2,3,2,2,6,3,2,30,15,15,20,5,15,5,5,7,8,8,0,4,1,15,15,20,25,15,10,6,7,7,8,9
0,2,4,18,16,2,1,0,0.69,0,28,4,20,20,20,10,10,20,0,7,5,6,6,5,3,5,3,2,23,11,3,1,4,2,7,3,11,5,1,7,7,9,5,9,1,3,9,3,9,9,9,7,5,10,7,10,25,20,10,20,15,40,5,10,20,10,15,3,10,3,8,8,0,4,2,9,2,10,2,5,1,2,9,1,2,25,25,10,5,10,25,4,9,6,1,6,2,0,1,18,18,15,14,15,20,7,7,7,5,6
0,2,4,18,16,4,2,0,-0.16,0,26,2,18,18,18,19,13,14,0,5,6,7,4,4,6,4,3,2,23,11,3,1,4,2,7,3,11,5,1,7,7,9,5,9,1,3,9,3,9,9,9,7,5,10,7,10,25,20,10,20,15,40,5,10,20,10,15,3,10,3,8,8,0,2,4,9,4,9,6,5,1,2,9,1,2,25,25,10,5,10,25,4,9,6,1,6,2,0,1,18,18,15,14,15,20,7,7,7,5,6
0,2,4,18,16,3,11,0,0.59,0,27,2,20,15,25,15,20,5,0,6,8,6,6,4,4,5,2,2,23,11,3,1,4,2,7,3,11,5,1,7,7,9,5,9,1,3,9,3,9,9,9,7,5,10,7,10,25,20,10,20,15,40,5,10,20,10,15,3,10,3,8,8,0,9,5,9,9,9,5,7,1,2,9,1,2,25,25,10,5,10,25,4,9,6,1,6,2,0,1,18,18,15,14,15,20,7,7,7,5,6
0,2,4,18,16,6,12,0,-0.2,0,25,1,30,15,20,20,0,5,0,5,8,8,6,4,6,5,2,2,23,11,3,1,4,2,7,3,11,5,1,7,7,9,5,9,1,3,9,3,9,9,9,7,5,10,7,10,25,20,10,20,15,40,5,10,20,10,15,3,10,3,8,8,1,7,9,9,7,9,7,7,1,2,9,1,2,25,25,10,5,10,25,4,9,6,1,6,2,0,1,18,18,15,14,15,20,7,7,7,5,6
0,2,4,18,16,5,14,1,0.65,0,21,2,19,24,21,23,5,8,1,6.5,7,6.5,5,5,5,5.5,5,2,23,11,3,1,4,2,7,3,11,5,1,7,7,9,5,9,1,3,9,3,9,9,9,7,5,10,7,10,25,20,10,20,15,40,5,10,20,10,15,3,10,3,8,8,1,9,9,9,9,9,9,10,1,2,9,1,2,25,25,10,5,10,25,4,9,6,1,6,2,0,1,18,18,15,14,15,20,7,7,7,5,6
0,2,4,18,16,9,15,0,0.51,0,24,2,10,20,35,20,0,15,0,7,7,5,5,4,3,5,3,2,23,11,3,1,4,2,7,3,11,5,1,7,7,9,5,9,1,3,9,3,9,9,9,7,5,10,7,10,25,20,10,20,15,40,5,10,20,10,15,3,10,3,8,8,0,7,4,7,2,2,2,5,1,2,9,1,2,25,25,10,5,10,25,4,9,6,1,6,2,0,1,18,18,15,14,15,20,7,7,7,5,6
0,2,4,18,16,1,16,1,0.59,0,25,4,15,10,30,10,5,30,1,7,10,8,8,8,3,7,5,2,23,11,3,1,4,2,7,3,11,5,1,7,7,9,5,9,1,3,9,3,9,9,9,7,5,10,7,10,25,20,10,20,15,40,5,10,20,10,15,3,10,3,8,8,1,7,10,10,6,10,6,9,3,2,9,1,2,25,25,10,5,10,25,4,9,6,1,6,2,0,1,18,18,15,14,15,20,7,7,7,5,6
0,2,4,18,14,2,2,0,0.31,0,26,2,18,18,18,19,13,14,0,5,8,7,5,6,4,5,3,2,27,10,4,3,1,1,5,4,2,8,3,7,5,5,4,3,1,5,10,9,7,7,7,7,9,2,7,10,20,20,10,20,20,25,20,10,20,10,15,8,8,8,8,8,0,7,9,9,8,9,8,8,8,2,7,1,2,30,10,20,20,10,10,8,9,8,8,8,0,1,0,20,10,20,20,20,10,8,8,8,8,8
0,2,4,18,14,11,6,0,0.14,0,28,2,30,30,20,10,10,0,0,5,4,6,7,5,5,6,6,2,27,10,4,3,1,1,5,4,2,8,3,7,5,5,4,3,1,5,10,9,7,7,7,7,9,2,7,10,20,20,10,20,20,25,20,10,20,10,15,8,8,8,8,8,1,8,8,8,8,7,7,7,2,2,7,1,2,30,10,20,20,10,10,8,9,8,8,8,0,1,0,20,10,20,20,20,10,8,8,8,8,8
0,2,4,18,14,6,7,0,0.54,0,30,6,20,25,25,15,5,10,0,6,9,8,7,8,4,6,2,2,27,10,4,3,1,1,5,4,2,8,3,7,5,5,4,3,1,5,10,9,7,7,7,7,9,2,7,10,20,20,10,20,20,25,20,10,20,10,15,8,8,8,8,8,0,6,8,8,7,8,7,7,7,2,7,1,2,30,10,20,20,10,10,8,9,8,8,8,0,1,0,20,10,20,20,20,10,8,8,8,8,8
0,2,4,18,14,13,9,1,0.06,0,32,2,30,10,30,20,10,0,1,10,9,8,7,7,10,10,5,1,27,10,4,3,1,1,5,4,2,8,3,7,5,5,4,3,1,5,10,9,7,7,7,7,9,2,7,10,20,20,10,20,20,25,20,10,20,10,15,8,8,8,8,8,1,8,8,8,8,8,9,9,8,1,7,1,2,30,10,20,20,10,10,8,9,8,8,8,0,1,0,20,10,20,20,20,10,8,8,8,8,8
0,2,4,18,14,10,10,0,0.38,0,26,2,40,5,20,10,10,15,0,7,8,8,6,7,6,6,5,2,27,10,4,3,1,1,5,4,2,8,3,7,5,5,4,3,1,5,10,9,7,7,7,7,9,2,7,10,20,20,10,20,20,25,20,10,20,10,15,8,8,8,8,8,1,7,8,8,8,8,8,7,7,2,7,1,2,30,10,20,20,10,10,8,9,8,8,8,0,1,0,20,10,20,20,20,10,8,8,8,8,8
0,2,4,18,14,1,11,0,-0.12,0,27,2,20,15,25,15,20,5,0,6,9,8,6,7,4,8,5,1,27,10,4,3,1,1,5,4,2,8,3,7,5,5,4,3,1,5,10,9,7,7,7,7,9,2,7,10,20,20,10,20,20,25,20,10,20,10,15,8,8,8,8,8,1,8,8,8,6,8,7,7,7,1,7,1,2,30,10,20,20,10,10,8,9,8,8,8,0,1,0,20,10,20,20,20,10,8,8,8,8,8
0,2,4,18,14,4,12,1,0.31,0,25,1,30,15,20,20,0,5,1,6,9,9,6,5,7,5,1,2,27,10,4,3,1,1,5,4,2,8,3,7,5,5,4,3,1,5,10,9,7,7,7,7,9,2,7,10,20,20,10,20,20,25,20,10,20,10,15,8,8,8,8,8,1,8,8,9,9,8,8,9,8,2,7,1,2,30,10,20,20,10,10,8,9,8,8,8,0,1,0,20,10,20,20,20,10,8,8,8,8,8
0,2,4,18,14,3,14,0,0.07,0,21,2,19,24,21,23,5,8,0,6,8,8,5.5,6,2,5,6.5,2,27,10,4,3,1,1,5,4,2,8,3,7,5,5,4,3,1,5,10,9,7,7,7,7,9,2,7,10,20,20,10,20,20,25,20,10,20,10,15,8,8,8,8,8,0,6,9,8,8,9,8,7,9,2,7,1,2,30,10,20,20,10,10,8,9,8,8,8,0,1,0,20,10,20,20,20,10,8,8,8,8,8
0,2,4,18,14,7,15,0,0.31,0,24,2,10,20,35,20,0,15,0,6,8,8,7,6,2,6,6,2,27,10,4,3,1,1,5,4,2,8,3,7,5,5,4,3,1,5,10,9,7,7,7,7,9,2,7,10,20,20,10,20,20,25,20,10,20,10,15,8,8,8,8,8,1,8,8,8,8,8,8,8,8,2,7,1,2,30,10,20,20,10,10,8,9,8,8,8,0,1,0,20,10,20,20,20,10,8,8,8,8,8
0,2,4,18,14,17,16,1,0.34,1,25,4,15,10,30,10,5,30,1,7,10,7,7,7,5,7,5,2,27,10,4,3,1,1,5,4,2,8,3,7,5,5,4,3,1,5,10,9,7,7,7,7,9,2,7,10,20,20,10,20,20,25,20,10,20,10,15,8,8,8,8,8,1,8,8,8,8,8,8,8,8,2,7,1,2,30,10,20,20,10,10,8,9,8,8,8,0,1,0,20,10,20,20,20,10,8,8,8,8,8
0,2,4,18,14,15,18,0,0.07,1,27,4,20,20,20,20,10,10,0,5,5,6,3,5,5,4,4,2,27,10,4,3,1,1,5,4,2,8,3,7,5,5,4,3,1,5,10,9,7,7,7,7,9,2,7,10,20,20,10,20,20,25,20,10,20,10,15,8,8,8,8,8,0,7,9,8,8,9,8,8,8,2,7,1,2,30,10,20,20,10,10,8,9,8,8,8,0,1,0,20,10,20,20,20,10,8,8,8,8,8
0,2,4,18,1,5,1,0,0.6,0,28,4,20,20,20,10,10,20,1,9,8,8,8,8,6,8,6,2,28,6,2,6,9,5,5,2,6,6,2,7,9,9,7,7,1,7,7,7,9,9,7,7,7,4,5,10,10,20,20,20,20,40,5,15,20,10,10,8,7,8,7,7,0,2,10,10,8,10,6,8,8,2,7,1,3,30,20,15,15,10,10,7,8,7,9,7,0,2,1,15,15,15,20,20,15,8,7,7,8,6
0,2,4,18,1,7,2,0,-0.21,1,26,2,18,18,18,19,13,14,1,6,6,6,8,6,7,6,5,2,28,6,2,6,9,5,5,2,6,6,2,7,9,9,7,7,1,7,7,7,9,9,7,7,7,4,5,10,10,20,20,20,20,40,5,15,20,10,10,8,7,8,7,7,0,3,7,7,5,7,6,6,8,2,7,1,3,30,20,15,15,10,10,7,8,7,9,7,0,2,1,15,15,15,20,20,15,8,7,7,8,6
0,2,4,18,1,1,4,0,-0.04,1,29,2,50,7,20,23,0,0,0,7,7,8,7,8,7,6,7,2,28,6,2,6,9,5,5,2,6,6,2,7,9,9,7,7,1,7,7,7,9,9,7,7,7,4,5,10,10,20,20,20,20,40,5,15,20,10,10,8,7,8,7,7,0,8,8,9,8,7,6,6,5,2,7,1,3,30,20,15,15,10,10,7,8,7,9,7,0,2,1,15,15,15,20,20,15,8,7,7,8,6
0,2,4,18,1,16,6,1,0.61,1,28,2,30,30,20,10,10,0,1,8,7,7,5,5,8,9,9,2,28,6,2,6,9,5,5,2,6,6,2,7,9,9,7,7,1,7,7,7,9,9,7,7,7,4,5,10,10,20,20,20,20,40,5,15,20,10,10,8,7,8,7,7,1,8,8,8,7,9,8,9,7,2,7,1,3,30,20,15,15,10,10,7,8,7,9,7,0,2,1,15,15,15,20,20,15,8,7,7,8,6
0,2,4,18,1,11,7,0,0.65,0,30,6,20,25,25,15,5,10,1,9,8,9,9,9,8,8,3,2,28,6,2,6,9,5,5,2,6,6,2,7,9,9,7,7,1,7,7,7,9,9,7,7,7,4,5,10,10,20,20,20,20,40,5,15,20,10,10,8,7,8,7,7,0,3,8,8,6,7,5,7,8,2,7,1,3,30,20,15,15,10,10,7,8,7,9,7,0,2,1,15,15,15,20,20,15,8,7,7,8,6
0,2,4,18,1,18,9,0,0.11,1,32,2,30,10,30,20,10,0,1,10,9,7,8,8,9,9,5,2,28,6,2,6,9,5,5,2,6,6,2,7,9,9,7,7,1,7,7,7,9,9,7,7,7,4,5,10,10,20,20,20,20,40,5,15,20,10,10,8,7,8,7,7,0,2,8,10,1,7,1,2,5,2,7,1,3,30,20,15,15,10,10,7,8,7,9,7,0,2,1,15,15,15,20,20,15,8,7,7,8,6
0,2,4,18,1,15,10,0,0.2,1,26,2,40,5,20,10,10,15,1,8,8,8,8,8,8,8,7,2,28,6,2,6,9,5,5,2,6,6,2,7,9,9,7,7,1,7,7,7,9,9,7,7,7,4,5,10,10,20,20,20,20,40,5,15,20,10,10,8,7,8,7,7,0,4,9,8,6,7,6,7,8,2,7,1,3,30,20,15,15,10,10,7,8,7,9,7,0,2,1,15,15,15,20,20,15,8,7,7,8,6
0,2,4,18,1,6,11,1,0.53,1,27,2,20,15,25,15,20,5,1,8,6,7,7,7,6,8,4,2,28,6,2,6,9,5,5,2,6,6,2,7,9,9,7,7,1,7,7,7,9,9,7,7,7,4,5,10,10,20,20,20,20,40,5,15,20,10,10,8,7,8,7,7,1,6,8,8,8,4,7,8,8,2,7,1,3,30,20,15,15,10,10,7,8,7,9,7,0,2,1,15,15,15,20,20,15,8,7,7,8,6
0,2,4,18,1,9,12,0,-0.02,0,25,1,30,15,20,20,0,5,1,8,7,9,8,10,5,7,1,2,28,6,2,6,9,5,5,2,6,6,2,7,9,9,7,7,1,7,7,7,9,9,7,7,7,4,5,10,10,20,20,20,20,40,5,15,20,10,10,8,7,8,7,7,0,9,9,9,8,2,7,7,7,2,7,1,3,30,20,15,15,10,10,7,8,7,9,7,0,2,1,15,15,15,20,20,15,8,7,7,8,6
0,2,4,18,1,17,13,0,0.09,0,22,3,10,20,35,10,5,20,0,9,5,6,3,10,9,3,7,2,28,6,2,6,9,5,5,2,6,6,2,7,9,9,7,7,1,7,7,7,9,9,7,7,7,4,5,10,10,20,20,20,20,40,5,15,20,10,10,8,7,8,7,7,0,4,9,8,9,8,3,7,2,2,7,1,3,30,20,15,15,10,10,7,8,7,9,7,0,2,1,15,15,15,20,20,15,8,7,7,8,6
0,2,4,18,1,8,14,0,0.51,1,21,2,19,24,21,23,5,8,1,10,9,9,9,9,8,9,7,2,28,6,2,6,9,5,5,2,6,6,2,7,9,9,7,7,1,7,7,7,9,9,7,7,7,4,5,10,10,20,20,20,20,40,5,15,20,10,10,8,7,8,7,7,0,2,7,6,8,6,4,8,10,2,7,1,3,30,20,15,15,10,10,7,8,7,9,7,0,2,1,15,15,15,20,20,15,8,7,7,8,6
0,2,4,18,1,12,15,1,0.55,1,24,2,10,20,35,20,0,15,1,8,7,6,7,6,6,7,5,2,28,6,2,6,9,5,5,2,6,6,2,7,9,9,7,7,1,7,7,7,9,9,7,7,7,4,5,10,10,20,20,20,20,40,5,15,20,10,10,8,7,8,7,7,1,7,7,7,8,7,7,8,9,2,7,1,3,30,20,15,15,10,10,7,8,7,9,7,0,2,1,15,15,15,20,20,15,8,7,7,8,6
0,2,4,18,1,4,16,0,0.6,0,25,4,15,10,30,10,5,30,1,8,10,8,6,8,5,8,5,2,28,6,2,6,9,5,5,2,6,6,2,7,9,9,7,7,1,7,7,7,9,9,7,7,7,4,5,10,10,20,20,20,20,40,5,15,20,10,10,8,7,8,7,7,0,6,9,8,8,8,7,7,7,2,7,1,3,30,20,15,15,10,10,7,8,7,9,7,0,2,1,15,15,15,20,20,15,8,7,7,8,6
0,2,4,18,1,3,17,0,0.67,1,28,2,20,20,15,15,5,25,0,5,5,8,5,10,5,4,2,2,28,6,2,6,9,5,5,2,6,6,2,7,9,9,7,7,1,7,7,7,9,9,7,7,7,4,5,10,10,20,20,20,20,40,5,15,20,10,10,8,7,8,7,7,0,6,6,7,6,7,6,6,2,2,7,1,3,30,20,15,15,10,10,7,8,7,9,7,0,2,1,15,15,15,20,20,15,8,7,7,8,6
0,2,4,18,1,2,18,0,0.46,0,27,4,20,20,20,20,10,10,0,4,4,7,6,8,3,4,2,2,28,6,2,6,9,5,5,2,6,6,2,7,9,9,7,7,1,7,7,7,9,9,7,7,7,4,5,10,10,20,20,20,20,40,5,15,20,10,10,8,7,8,7,7,0,4,9,9,6,7,5,6,8,2,7,1,3,30,20,15,15,10,10,7,8,7,9,7,0,2,1,15,15,15,20,20,15,8,7,7,8,6
0,2,4,18,6,10,1,1,0.29,0,28,4,20,20,20,10,10,20,1,9,9,8,8,6,6,8,7,2,25,9,6,2,7,1,3,2,2,5,5,5,8,9,10,9,1,7,8,6,8,8,8,9,6,7,7,20,20,20,20,10,10,30,15,20,20,5,10,8,9,8,8,7,1,7,7,10,10,9,8,8,8,2,7,1,2,15,20,20,20,10,15,8,9,8,10,8,1,3,0,20,15,20,15,15,15,8,9,8,8,7
0,2,4,18,6,12,2,0,-0.25,0,26,2,18,18,18,19,13,14,0,4,6,5,6,5,4,4,6,2,25,9,6,2,7,1,3,2,2,5,5,5,8,9,10,9,1,7,8,6,8,8,8,9,6,7,7,20,20,20,20,10,10,30,15,20,20,5,10,8,9,8,8,7,0,4,8,7,5,7,4,6,7,2,7,1,2,15,20,20,20,10,15,8,9,8,10,8,1,3,0,20,15,20,15,15,15,8,9,8,8,7
0,2,4,18,6,6,4,0,0.1,0,29,2,50,7,20,23,0,0,0,5,6,6,5,6,7,5,6,2,25,9,6,2,7,1,3,2,2,5,5,5,8,9,10,9,1,7,8,6,8,8,8,9,6,7,7,20,20,20,20,10,10,30,15,20,20,5,10,8,9,8,8,7,0,8,9,10,7,8,8,7,7,2,7,1,2,15,20,20,20,10,15,8,9,8,10,8,1,3,0,20,15,20,15,15,15,8,9,8,8,7
0,2,4,18,6,3,6,1,0.66,0,28,2,30,30,20,10,10,0,1,4,8,7,4,3,2,8,8,2,25,9,6,2,7,1,3,2,2,5,5,5,8,9,10,9,1,7,8,6,8,8,8,9,6,7,7,20,20,20,20,10,10,30,15,20,20,5,10,8,9,8,8,7,1,8,8,10,10,10,10,9,8,2,7,1,2,15,20,20,20,10,15,8,9,8,10,8,1,3,0,20,15,20,15,15,15,8,9,8,8,7
0,2,4,18,6,16,7,0,0.43,1,30,6,20,25,25,15,5,10,0,6,9,9,8,8,7,7,5,2,25,9,6,2,7,1,3,2,2,5,5,5,8,9,10,9,1,7,8,6,8,8,8,9,6,7,7,20,20,20,20,10,10,30,15,20,20,5,10,8,9,8,8,7,1,5,10,10,9,10,8,9,8,2,7,1,2,15,20,20,20,10,15,8,9,8,10,8,1,3,0,20,15,20,15,15,15,8,9,8,8,7
0,2,4,18,6,1,8,0,0.19,0,22,4,40,8,10,12,10,20,1,9,8,8,9,7,8,9,6,2,25,9,6,2,7,1,3,2,2,5,5,5,8,9,10,9,1,7,8,6,8,8,8,9,6,7,7,20,20,20,20,10,10,30,15,20,20,5,10,8,9,8,8,7,0,5,10,10,8,8,7,9,8,2,7,1,2,15,20,20,20,10,15,8,9,8,10,8,1,3,0,20,15,20,15,15,15,8,9,8,8,7
0,2,4,18,6,5,9,0,-0.01,0,32,2,30,10,30,20,10,0,1,6,5,8,9,8,5,7,7,2,25,9,6,2,7,1,3,2,2,5,5,5,8,9,10,9,1,7,8,6,8,8,8,9,6,7,7,20,20,20,20,10,10,30,15,20,20,5,10,8,9,8,8,7,0,4,10,9,6,8,6,7,8,2,7,1,2,15,20,20,20,10,15,8,9,8,10,8,1,3,0,20,15,20,15,15,15,8,9,8,8,7
0,2,4,18,6,2,10,0,0.06,0,26,2,40,5,20,10,10,15,0,6,7,6,6,6,3,5,4,2,25,9,6,2,7,1,3,2,2,5,5,5,8,9,10,9,1,7,8,6,8,8,8,9,6,7,7,20,20,20,20,10,10,30,15,20,20,5,10,8,9,8,8,7,0,6,8,8,8,9,7,7,7,2,7,1,2,15,20,20,20,10,15,8,9,8,10,8,1,3,0,20,15,20,15,15,15,8,9,8,8,7
0,2,4,18,6,11,11,0,0.52,0,27,2,20,15,25,15,20,5,1,7,8,7,8,6,5,7,7,2,25,9,6,2,7,1,3,2,2,5,5,5,8,9,10,9,1,7,8,6,8,8,8,9,6,7,7,20,20,20,20,10,10,30,15,20,20,5,10,8,9,8,8,7,0,8,9,9,7,8,7,8,7,2,7,1,2,15,20,20,20,10,15,8,9,8,10,8,1,3,0,20,15,20,15,15,15,8,9,8,8,7
0,2,4,18,6,14,12,1,-0.08,0,25,1,30,15,20,20,0,5,1,8,7,7,6,7,6,7,4,2,25,9,6,2,7,1,3,2,2,5,5,5,8,9,10,9,1,7,8,6,8,8,8,9,6,7,7,20,20,20,20,10,10,30,15,20,20,5,10,8,9,8,8,7,1,7,9,9,10,9,8,9,8,2,7,1,2,15,20,20,20,10,15,8,9,8,10,8,1,3,0,20,15,20,15,15,15,8,9,8,8,7
0,2,4,18,6,13,14,1,0.71,0,21,2,19,24,21,23,5,8,1,8,8,8,8,7,7.5,8.5,6.5,2,25,9,6,2,7,1,3,2,2,5,5,5,8,9,10,9,1,7,8,6,8,8,8,9,6,7,7,20,20,20,20,10,10,30,15,20,20,5,10,8,9,8,8,7,1,7,10,9,10,8,9,10,8,2,7,1,2,15,20,20,20,10,15,8,9,8,10,8,1,3,0,20,15,20,15,15,15,8,9,8,8,7
0,2,4,18,6,17,15,0,0.56,0,24,2,10,20,35,20,0,15,0,6,7,6,7,5,4,6,4,2,25,9,6,2,7,1,3,2,2,5,5,5,8,9,10,9,1,7,8,6,8,8,8,9,6,7,7,20,20,20,20,10,10,30,15,20,20,5,10,8,9,8,8,7,1,7,10,10,10,8,10,8,8,2,7,1,2,15,20,20,20,10,15,8,9,8,10,8,1,3,0,20,15,20,15,15,15,8,9,8,8,7
0,2,4,18,6,9,16,1,0.66,0,25,4,15,10,30,10,5,30,1,7,10,8,8,7,5,8,5,2,25,9,6,2,7,1,3,2,2,5,5,5,8,9,10,9,1,7,8,6,8,8,8,9,6,7,7,20,20,20,20,10,10,30,15,20,20,5,10,8,9,8,8,7,1,6,10,10,8,8,8,9,8,2,7,1,2,15,20,20,20,10,15,8,9,8,10,8,1,3,0,20,15,20,15,15,15,8,9,8,8,7
0,2,4,18,6,8,17,0,0.76,0,28,2,20,20,15,15,5,25,0,6,8,9,8,6,7,5,5,2,25,9,6,2,7,1,3,2,2,5,5,5,8,9,10,9,1,7,8,6,8,8,8,9,6,7,7,20,20,20,20,10,10,30,15,20,20,5,10,8,9,8,8,7,0,7,8,8,9,8,6,8,7,2,7,1,2,15,20,20,20,10,15,8,9,8,10,8,1,3,0,20,15,20,15,15,15,8,9,8,8,7
0,2,4,18,6,7,18,0,0.61,0,27,4,20,20,20,20,10,10,0,5,6,5,5,5,3,5,4,2,25,9,6,2,7,1,3,2,2,5,5,5,8,9,10,9,1,7,8,6,8,8,8,9,6,7,7,20,20,20,20,10,10,30,15,20,20,5,10,8,9,8,8,7,0,6,10,9,8,8,7,8,8,2,7,1,2,15,20,20,20,10,15,8,9,8,10,8,1,3,0,20,15,20,15,15,15,8,9,8,8,7
0,2,4,18,12,16,1,0,0.54,0,28,4,20,20,20,10,10,20,1,7,7,7,7,7,5,6,5,2,35,8,3,1,5,2,6,1,7,5,1,3,5,7,8,3,1,6,8,3,7,8,7,8,4,7,6,10,32,20,12,11,15,15,25,10,15,10,25,5,9,9,5,5,0,4,6,7,6,9,8,5,3,2,2,3,3,10,25,20,15,10,20,5,10,8,9,7,0,0,0,10,30,25,5,15,15,6,10,8,9,7
0,2,4,18,12,18,2,0,0.03,0,26,2,18,18,18,19,13,14,1,7,7,8,6,7,5,6,5,2,35,8,3,1,5,2,6,1,7,5,1,3,5,7,8,3,1,6,8,3,7,8,7,8,4,7,6,10,32,20,12,11,15,15,25,10,15,10,25,5,9,9,5,5,0,5,6,8,7,8,8,6,4,2,2,3,3,10,25,20,15,10,20,5,10,8,9,7,0,0,0,10,30,25,5,15,15,6,10,8,9,7
0,2,4,18,12,9,6,1,0.79,0,28,2,30,30,20,10,10,0,1,6,7,8,8,9,9,9,9,2,35,8,3,1,5,2,6,1,7,5,1,3,5,7,8,3,1,6,8,3,7,8,7,8,4,7,6,10,32,20,12,11,15,15,25,10,15,10,25,5,9,9,5,5,1,8,7,8,8,8,7,7,4,2,2,3,3,10,25,20,15,10,20,5,10,8,9,7,0,0,0,10,30,25,5,15,15,6,10,8,9,7
0,2,4,18,12,4,7,0,0.58,0,30,6,20,25,25,15,5,10,0,5,9,8,8,8,6,6,8,2,35,8,3,1,5,2,6,1,7,5,1,3,5,7,8,3,1,6,8,3,7,8,7,8,4,7,6,10,32,20,12,11,15,15,25,10,15,10,25,5,9,9,5,5,0,4,8,7,4,5,3,4,2,2,2,3,3,10,25,20,15,10,20,5,10,8,9,7,0,0,0,10,30,25,5,15,15,6,10,8,9,7
0,2,4,18,12,11,9,0,-0.18,0,32,2,30,10,30,20,10,0,1,10,9,8,8,5,6,9,8,2,35,8,3,1,5,2,6,1,7,5,1,3,5,7,8,3,1,6,8,3,7,8,7,8,4,7,6,10,32,20,12,11,15,15,25,10,15,10,25,5,9,9,5,5,0,5,7,8,6,7,4,6,3,2,2,3,3,10,25,20,15,10,20,5,10,8,9,7,0,0,0,10,30,25,5,15,15,6,10,8,9,7
0,2,4,18,12,8,10,0,0,0,26,2,40,5,20,10,10,15,1,8,8,8,8,8,8,7,6,2,35,8,3,1,5,2,6,1,7,5,1,3,5,7,8,3,1,6,8,3,7,8,7,8,4,7,6,10,32,20,12,11,15,15,25,10,15,10,25,5,9,9,5,5,0,7,8,8,8,8,8,7,4,2,2,3,3,10,25,20,15,10,20,5,10,8,9,7,0,0,0,10,30,25,5,15,15,6,10,8,9,7
0,2,4,18,12,17,11,0,0.51,0,27,2,20,15,25,15,20,5,1,7,6,6,7,7,5,7,5,2,35,8,3,1,5,2,6,1,7,5,1,3,5,7,8,3,1,6,8,3,7,8,7,8,4,7,6,10,32,20,12,11,15,15,25,10,15,10,25,5,9,9,5,5,0,7,8,8,6,6,6,3,3,2,2,3,3,10,25,20,15,10,20,5,10,8,9,7,0,0,0,10,30,25,5,15,15,6,10,8,9,7
0,2,4,18,12,2,12,0,0.09,0,25,1,30,15,20,20,0,5,1,8,9,8,7,5,8,6,3,2,35,8,3,1,5,2,6,1,7,5,1,3,5,7,8,3,1,6,8,3,7,8,7,8,4,7,6,10,32,20,12,11,15,15,25,10,15,10,25,5,9,9,5,5,0,5,10,8,8,8,8,4,3,2,2,3,3,10,25,20,15,10,20,5,10,8,9,7,0,0,0,10,30,25,5,15,15,6,10,8,9,7
0,2,4,18,12,10,13,0,0.17,1,22,3,10,20,35,10,5,20,1,10,10,10,10,10,10,10,7,2,35,8,3,1,5,2,6,1,7,5,1,3,5,7,8,3,1,6,8,3,7,8,7,8,4,7,6,10,32,20,12,11,15,15,25,10,15,10,25,5,9,9,5,5,0,5,8,8,8,8,8,4,3,2,2,3,3,10,25,20,15,10,20,5,10,8,9,7,0,0,0,10,30,25,5,15,15,6,10,8,9,7
0,2,4,18,12,1,14,1,0.72,0,21,2,19,24,21,23,5,8,1,9,10,9,8,7,6.5,8,9,2,35,8,3,1,5,2,6,1,7,5,1,3,5,7,8,3,1,6,8,3,7,8,7,8,4,7,6,10,32,20,12,11,15,15,25,10,15,10,25,5,9,9,5,5,1,8,8,8,7,5,8,4,3,2,2,3,3,10,25,20,15,10,20,5,10,8,9,7,0,0,0,10,30,25,5,15,15,6,10,8,9,7
0,2,4,18,12,5,15,0,0.83,0,24,2,10,20,35,20,0,15,0,6,7,5,7,6,4,6,5,2,35,8,3,1,5,2,6,1,7,5,1,3,5,7,8,3,1,6,8,3,7,8,7,8,4,7,6,10,32,20,12,11,15,15,25,10,15,10,25,5,9,9,5,5,0,5,7,9,6,7,5,5,4,2,2,3,3,10,25,20,15,10,20,5,10,8,9,7,0,0,0,10,30,25,5,15,15,6,10,8,9,7
0,2,4,18,12,15,16,0,0.81,0,25,4,15,10,30,10,5,30,1,7,10,8,7,7,5,8,5,2,35,8,3,1,5,2,6,1,7,5,1,3,5,7,8,3,1,6,8,3,7,8,7,8,4,7,6,10,32,20,12,11,15,15,25,10,15,10,25,5,9,9,5,5,0,4,8,8,9,6,8,6,3,2,2,3,3,10,25,20,15,10,20,5,10,8,9,7,0,0,0,10,30,25,5,15,15,6,10,8,9,7
0,2,4,18,12,13,18,0,0.4,0,27,4,20,20,20,20,10,10,0,3,7,6,7,5,8,6,4,2,35,8,3,1,5,2,6,1,7,5,1,3,5,7,8,3,1,6,8,3,7,8,7,8,4,7,6,10,32,20,12,11,15,15,25,10,15,10,25,5,9,9,5,5,0,4,8,6,8,7,8,4,3,2,2,3,3,10,25,20,15,10,20,5,10,8,9,7,0,0,0,10,30,25,5,15,15,6,10,8,9,7
0,2,4,18,2,6,1,0,0.3,0,28,4,20,20,20,10,10,20,0,7,7,7,7,7,5,5,5,2,30,11,2,3,5,2,6,4,9,2,3,4,9,8,6,8,4,7,8,4,6,7,5,8,5,3,4,20,25,15,15,15,10,25,15,15,25,10,10,7,9,9,8,9,0,4,1,4,1,10,1,1,3,2,6,1,3,20,20,15,20,10,15,7,9,8,8,8,0,1,0,20,25,20,20,10,5,7,9,8,8,8
0,2,4,18,2,8,2,0,-0.37,1,26,2,18,18,18,19,13,14,0,5,7,6,6,5,6,5,3,2,30,11,2,3,5,2,6,4,9,2,3,4,9,8,6,8,4,7,8,4,6,7,5,8,5,3,4,20,25,15,15,15,10,25,15,15,25,10,10,7,9,9,8,9,0,5,6,7,5,6,2,4,5,2,6,1,3,20,20,15,20,10,15,7,9,8,8,8,0,1,0,20,25,20,20,10,5,7,9,8,8,8
0,2,4,18,2,2,4,0,0.01,1,29,2,50,7,20,23,0,0,0,6,6,6,5,7,4,5,7,2,30,11,2,3,5,2,6,4,9,2,3,4,9,8,6,8,4,7,8,4,6,7,5,8,5,3,4,20,25,15,15,15,10,25,15,15,25,10,10,7,9,9,8,9,1,7,8,7,7,5,4,7,7,2,6,1,3,20,20,15,20,10,15,7,9,8,8,8,0,1,0,20,25,20,20,10,5,7,9,8,8,8
0,2,4,18,2,17,6,0,0.5,1,28,2,30,30,20,10,10,0,0,5,7,9,5,4,9,6,6,2,30,11,2,3,5,2,6,4,9,2,3,4,9,8,6,8,4,7,8,4,6,7,5,8,5,3,4,20,25,15,15,15,10,25,15,15,25,10,10,7,9,9,8,9,1,8,7,7,6,6,5,7,6,2,6,1,3,20,20,15,20,10,15,7,9,8,8,8,0,1,0,20,25,20,20,10,5,7,9,8,8,8
0,2,4,18,2,12,7,0,0.32,0,30,6,20,25,25,15,5,10,0,7,9,9,9,7,9,8,8,2,30,11,2,3,5,2,6,4,9,2,3,4,9,8,6,8,4,7,8,4,6,7,5,8,5,3,4,20,25,15,15,15,10,25,15,15,25,10,10,7,9,9,8,9,0,5,8,8,5,8,3,7,6,2,6,1,3,20,20,15,20,10,15,7,9,8,8,8,0,1,0,20,25,20,20,10,5,7,9,8,8,8
0,2,4,18,2,1,9,0,-0.08,1,32,2,30,10,30,20,10,0,0,5,6,7,2,7,3,4,6,2,30,11,2,3,5,2,6,4,9,2,3,4,9,8,6,8,4,7,8,4,6,7,5,8,5,3,4,20,25,15,15,15,10,25,15,15,25,10,10,7,9,9,8,9,0,5,8,8,6,5,3,5,5,2,6,1,3,20,20,15,20,10,15,7,9,8,8,8,0,1,0,20,25,20,20,10,5,7,9,8,8,8
0,2,4,18,2,16,10,0,0.12,1,26,2,40,5,20,10,10,15,0,6,7,8,8,7,7,7,5,2,30,11,2,3,5,2,6,4,9,2,3,4,9,8,6,8,4,7,8,4,6,7,5,8,5,3,4,20,25,15,15,15,10,25,15,15,25,10,10,7,9,9,8,9,0,8,7,7,6,6,3,6,6,2,6,1,3,20,20,15,20,10,15,7,9,8,8,8,0,1,0,20,25,20,20,10,5,7,9,8,8,8
0,2,4,18,2,7,11,0,0.56,1,27,2,20,15,25,15,20,5,0,6,8,6,6,5,5,6,2,2,30,11,2,3,5,2,6,4,9,2,3,4,9,8,6,8,4,7,8,4,6,7,5,8,5,3,4,20,25,15,15,15,10,25,15,15,25,10,10,7,9,9,8,9,1,7,7,8,7,9,5,7,5,2,6,1,3,20,20,15,20,10,15,7,9,8,8,8,0,1,0,20,25,20,20,10,5,7,9,8,8,8
0,2,4,18,2,10,12,0,-0.14,0,25,1,30,15,20,20,0,5,1,7,7,8,7,6,7,6,4,2,30,11,2,3,5,2,6,4,9,2,3,4,9,8,6,8,4,7,8,4,6,7,5,8,5,3,4,20,25,15,15,15,10,25,15,15,25,10,10,7,9,9,8,9,0,8,8,8,6,6,2,6,4,2,6,1,3,20,20,15,20,10,15,7,9,8,8,8,0,1,0,20,25,20,20,10,5,7,9,8,8,8
0,2,4,18,2,9,14,1,0.56,1,21,2,19,24,21,23,5,8,1,8,8,7,8,6,8,7,6,2,30,11,2,3,5,2,6,4,9,2,3,4,9,8,6,8,4,7,8,4,6,7,5,8,5,3,4,20,25,15,15,15,10,25,15,15,25,10,10,7,9,9,8,9,1,7,6,6,5,6,5,6,6,2,6,1,3,20,20,15,20,10,15,7,9,8,8,8,0,1,0,20,25,20,20,10,5,7,9,8,8,8
0,2,4,18,2,13,15,0,0.33,1,24,2,10,20,35,20,0,15,0,7,7,6,5,4,3,5,3,2,30,11,2,3,5,2,6,4,9,2,3,4,9,8,6,8,4,7,8,4,6,7,5,8,5,3,4,20,25,15,15,15,10,25,15,15,25,10,10,7,9,9,8,9,0,6,6,6,4,6,1,5,5,2,6,1,3,20,20,15,20,10,15,7,9,8,8,8,0,1,0,20,25,20,20,10,5,7,9,8,8,8
0,2,4,18,2,5,16,0,0.59,0,25,4,15,10,30,10,5,30,1,7,10,8,8,7,4,7,5,2,30,11,2,3,5,2,6,4,9,2,3,4,9,8,6,8,4,7,8,4,6,7,5,8,5,3,4,20,25,15,15,15,10,25,15,15,25,10,10,7,9,9,8,9,0,6,8,7,5,6,2,6,6,2,6,1,3,20,20,15,20,10,15,7,9,8,8,8,0,1,0,20,25,20,20,10,5,7,9,8,8,8
0,2,4,18,2,3,18,0,0.26,0,27,4,20,20,20,20,10,10,0,3,8,7,6,7,6,6,3,2,30,11,2,3,5,2,6,4,9,2,3,4,9,8,6,8,4,7,8,4,6,7,5,8,5,3,4,20,25,15,15,15,10,25,15,15,25,10,10,7,9,9,8,9,0,6,4,6,2,6,1,3,6,2,6,1,3,20,20,15,20,10,15,7,9,8,8,8,0,1,0,20,25,20,20,10,5,7,9,8,8,8
0,2,4,18,9,13,1,0,0.69,0,28,4,20,20,20,10,10,20,0,7,7,7,7,7,5,6,7,2,23,11,2,8,10,1,3,2,9,10,5,10,8,7,7,8,4,9,9,6,7,10,9,10,7,9,4,15,15,20,15,15,20,15,15,20,15,15,20,9,9,9,9,9,0,2,3,2,1,1,1,1,4,2,1,3,2,25,15,20,25,10,5,9,9,9,9,9,0,1,0,50,15,20,15,20,10,10,10,9,10,10
0,2,4,18,9,15,2,0,0.21,1,26,2,18,18,18,19,13,14,0,6,7,6,6,6,6,6,4,2,23,11,2,8,10,1,3,2,9,10,5,10,8,7,7,8,4,9,9,6,7,10,9,10,7,9,4,15,15,20,15,15,20,15,15,20,15,15,20,9,9,9,9,9,0,2,2,2,2,2,1,1,5,2,1,3,2,25,15,20,25,10,5,9,9,9,9,9,0,1,0,50,15,20,15,20,10,10,10,9,10,10
0,2,4,18,9,9,4,0,0.55,1,29,2,50,7,20,23,0,0,1,8,8,7,7,6,5,7,4,2,23,11,2,8,10,1,3,2,9,10,5,10,8,7,7,8,4,9,9,6,7,10,9,10,7,9,4,15,15,20,15,15,20,15,15,20,15,15,20,9,9,9,9,9,0,3,4,6,6,7,3,3,6,2,1,3,2,25,15,20,25,10,5,9,9,9,9,9,0,1,0,50,15,20,15,20,10,10,10,9,10,10
0,2,4,18,9,6,6,1,0.24,1,28,2,30,30,20,10,10,0,1,8,8,8,8,7,4,8,9,2,23,11,2,8,10,1,3,2,9,10,5,10,8,7,7,8,4,9,9,6,7,10,9,10,7,9,4,15,15,20,15,15,20,15,15,20,15,15,20,9,9,9,9,9,1,8,8,7,7,8,7,6,8,2,1,3,2,25,15,20,25,10,5,9,9,9,9,9,0,1,0,50,15,20,15,20,10,10,10,9,10,10
0,2,4,18,9,1,7,0,0.38,0,30,6,20,25,25,15,5,10,1,6,8,8,8,6,4,6,9,2,23,11,2,8,10,1,3,2,9,10,5,10,8,7,7,8,4,9,9,6,7,10,9,10,7,9,4,15,15,20,15,15,20,15,15,20,15,15,20,9,9,9,9,9,0,3,10,9,5,9,5,4,9,2,1,3,2,25,15,20,25,10,5,9,9,9,9,9,0,1,0,50,15,20,15,20,10,10,10,9,10,10
0,2,4,18,9,8,9,0,0.42,1,32,2,30,10,30,20,10,0,1,8,6,6,7,4,3,7,4,2,23,11,2,8,10,1,3,2,9,10,5,10,8,7,7,8,4,9,9,6,7,10,9,10,7,9,4,15,15,20,15,15,20,15,15,20,15,15,20,9,9,9,9,9,0,2,3,4,5,4,2,1,7,2,1,3,2,25,15,20,25,10,5,9,9,9,9,9,0,1,0,50,15,20,15,20,10,10,10,9,10,10
0,2,4,18,9,5,10,0,0.62,1,26,2,40,5,20,10,10,15,1,8,7,7,7,7,8,8,7,2,23,11,2,8,10,1,3,2,9,10,5,10,8,7,7,8,4,9,9,6,7,10,9,10,7,9,4,15,15,20,15,15,20,15,15,20,15,15,20,9,9,9,9,9,0,3,5,6,4,7,1,2,6,2,1,3,2,25,15,20,25,10,5,9,9,9,9,9,0,1,0,50,15,20,15,20,10,10,10,9,10,10
0,2,4,18,9,14,11,0,0.59,1,27,2,20,15,25,15,20,5,0,7,6,6,6,6,5,6,4,2,23,11,2,8,10,1,3,2,9,10,5,10,8,7,7,8,4,9,9,6,7,10,9,10,7,9,4,15,15,20,15,15,20,15,15,20,15,15,20,9,9,9,9,9,0,2,3,4,5,5,2,2,5,2,1,3,2,25,15,20,25,10,5,9,9,9,9,9,0,1,0,50,15,20,15,20,10,10,10,9,10,10
0,2,4,18,9,17,12,0,0.27,0,25,1,30,15,20,20,0,5,1,8,7,7,6,7,5,7,1,2,23,11,2,8,10,1,3,2,9,10,5,10,8,7,7,8,4,9,9,6,7,10,9,10,7,9,4,15,15,20,15,15,20,15,15,20,15,15,20,9,9,9,9,9,0,1,6,7,7,9,4,2,5,2,1,3,2,25,15,20,25,10,5,9,9,9,9,9,0,1,0,50,15,20,15,20,10,10,10,9,10,10
0,2,4,18,9,16,14,1,0.72,1,21,2,19,24,21,23,5,8,1,9,9,9,9,9,8.5,8,8,2,23,11,2,8,10,1,3,2,9,10,5,10,8,7,7,8,4,9,9,6,7,10,9,10,7,9,4,15,15,20,15,15,20,15,15,20,15,15,20,9,9,9,9,9,1,8,10,8,9,8,8,8,8,2,1,3,2,25,15,20,25,10,5,9,9,9,9,9,0,1,0,50,15,20,15,20,10,10,10,9,10,10
0,2,4,18,9,2,15,0,0.55,1,24,2,10,20,35,20,0,15,0,7,7,6,6,7,3,5,4,2,23,11,2,8,10,1,3,2,9,10,5,10,8,7,7,8,4,9,9,6,7,10,9,10,7,9,4,15,15,20,15,15,20,15,15,20,15,15,20,9,9,9,9,9,0,7,9,7,6,7,5,5,9,2,1,3,2,25,15,20,25,10,5,9,9,9,9,9,0,1,0,50,15,20,15,20,10,10,10,9,10,10
0,2,4,18,9,12,16,0,0.27,0,25,4,15,10,30,10,5,30,1,7,10,8,8,7,8,6,6,2,23,11,2,8,10,1,3,2,9,10,5,10,8,7,7,8,4,9,9,6,7,10,9,10,7,9,4,15,15,20,15,15,20,15,15,20,15,15,20,9,9,9,9,9,0,2,4,7,8,8,4,4,5,2,1,3,2,25,15,20,25,10,5,9,9,9,9,9,0,1,0,50,15,20,15,20,10,10,10,9,10,10
0,2,4,18,9,10,18,0,0.35,0,27,4,20,20,20,20,10,10,0,7,6,7,5,5,4,5,5,2,23,11,2,8,10,1,3,2,9,10,5,10,8,7,7,8,4,9,9,6,7,10,9,10,7,9,4,15,15,20,15,15,20,15,15,20,15,15,20,9,9,9,9,9,0,2,4,7,7,7,3,2,7,2,1,3,2,25,15,20,25,10,5,9,9,9,9,9,0,1,0,50,15,20,15,20,10,10,10,9,10,10
0,2,4,18,3,7,1,0,0.18,0,28,4,20,20,20,10,10,20,0,5,5,5,5,5,5,5,5,1,27,8,2,3,2,1,7,3,2,2,2,2,10,8,8,7,8,9,8,1,9,8,8,9,4,2,5,25,15,20,20,20,0,50,10,10,20,5,5,8,9,8,9,10,0,6,9,8,5,7,6,6,5,2,2,3,3,35,15,15,15,15,5,7,10,8,6,10,0,0,0,60,10,10,5,10,5,7,10,9,6,10
0,2,4,18,3,9,2,0,-0.31,1,26,2,18,18,18,19,13,14,0,3,5,6,4,6,3,2,1,2,27,8,2,3,2,1,7,3,2,2,2,2,10,8,8,7,8,9,8,1,9,8,8,9,4,2,5,25,15,20,20,20,0,50,10,10,20,5,5,8,9,8,9,10,0,6,9,8,7,7,6,6,5,2,2,3,3,35,15,15,15,15,5,7,10,8,6,10,0,0,0,60,10,10,5,10,5,7,10,9,6,10
0,2,4,18,3,3,4,0,-0.29,1,29,2,50,7,20,23,0,0,1,8,8,7,7,7,5,7,5,2,27,8,2,3,2,1,7,3,2,2,2,2,10,8,8,7,8,9,8,1,9,8,8,9,4,2,5,25,15,20,20,20,0,50,10,10,20,5,5,8,9,8,9,10,0,7,9,9,8,9,5,2,5,2,2,3,3,35,15,15,15,15,5,7,10,8,6,10,0,0,0,60,10,10,5,10,5,7,10,9,6,10
0,2,4,18,3,18,6,1,0.64,1,28,2,30,30,20,10,10,0,1,9,8,8,7,7,6,9,9,1,27,8,2,3,2,1,7,3,2,2,2,2,10,8,8,7,8,9,8,1,9,8,8,9,4,2,5,25,15,20,20,20,0,50,10,10,20,5,5,8,9,8,9,10,1,9,9,9,9,9,9,9,10,2,2,3,3,35,15,15,15,15,5,7,10,8,6,10,0,0,0,60,10,10,5,10,5,7,10,9,6,10
0,2,4,18,3,13,7,0,0.13,0,30,6,20,25,25,15,5,10,0,9,8,8,9,8,7,8,9,1,27,8,2,3,2,1,7,3,2,2,2,2,10,8,8,7,8,9,8,1,9,8,8,9,4,2,5,25,15,20,20,20,0,50,10,10,20,5,5,8,9,8,9,10,1,8,9,10,10,9,9,10,10,2,2,3,3,35,15,15,15,15,5,7,10,8,6,10,0,0,0,60,10,10,5,10,5,7,10,9,6,10
0,2,4,18,3,16,8,0,0.31,0,22,4,40,8,10,12,10,20,0,8,9,9,6,9,2,6,2,2,27,8,2,3,2,1,7,3,2,2,2,2,10,8,8,7,8,9,8,1,9,8,8,9,4,2,5,25,15,20,20,20,0,50,10,10,20,5,5,8,9,8,9,10,0,5,9,8,6,6,6,5,5,2,2,3,3,35,15,15,15,15,5,7,10,8,6,10,0,0,0,60,10,10,5,10,5,7,10,9,6,10
0,2,4,18,3,2,9,0,-0.35,1,32,2,30,10,30,20,10,0,0,3,7,7,1,3,2,3,5,2,27,8,2,3,2,1,7,3,2,2,2,2,10,8,8,7,8,9,8,1,9,8,8,9,4,2,5,25,15,20,20,20,0,50,10,10,20,5,5,8,9,8,9,10,0,6,10,9,6,7,5,5,5,2,2,3,3,35,15,15,15,15,5,7,10,8,6,10,0,0,0,60,10,10,5,10,5,7,10,9,6,10
0,2,4,18,3,17,10,0,-0.19,1,26,2,40,5,20,10,10,15,1,8,7,8,7,8,5,7,6,2,27,8,2,3,2,1,7,3,2,2,2,2,10,8,8,7,8,9,8,1,9,8,8,9,4,2,5,25,15,20,20,20,0,50,10,10,20,5,5,8,9,8,9,10,0,8,9,8,7,8,5,8,5,2,2,3,3,35,15,15,15,15,5,7,10,8,6,10,0,0,0,60,10,10,5,10,5,7,10,9,6,10
0,2,4,18,3,8,11,1,0.56,1,27,2,20,15,25,15,20,5,1,7,7,7,6,7,6,7,7,2,27,8,2,3,2,1,7,3,2,2,2,2,10,8,8,7,8,9,8,1,9,8,8,9,4,2,5,25,15,20,20,20,0,50,10,10,20,5,5,8,9,8,9,10,1,9,9,9,8,8,7,9,5,2,2,3,3,35,15,15,15,15,5,7,10,8,6,10,0,0,0,60,10,10,5,10,5,7,10,9,6,10
0,2,4,18,3,11,12,0,-0.22,0,25,1,30,15,20,20,0,5,1,7,8,9,6,8,5,7,5,2,27,8,2,3,2,1,7,3,2,2,2,2,10,8,8,7,8,9,8,1,9,8,8,9,4,2,5,25,15,20,20,20,0,50,10,10,20,5,5,8,9,8,9,10,0,6,9,9,7,7,5,5,5,2,2,3,3,35,15,15,15,15,5,7,10,8,6,10,0,0,0,60,10,10,5,10,5,7,10,9,6,10
0,2,4,18,3,10,14,0,0.58,1,21,2,19,24,21,23,5,8,0,8,7,9,6,9,4,7,6,2,27,8,2,3,2,1,7,3,2,2,2,2,10,8,8,7,8,9,8,1,9,8,8,9,4,2,5,25,15,20,20,20,0,50,10,10,20,5,5,8,9,8,9,10,0,9,9,10,10,7,6,8,5,2,2,3,3,35,15,15,15,15,5,7,10,8,6,10,0,0,0,60,10,10,5,10,5,7,10,9,6,10
0,2,4,18,3,14,15,0,0.39,1,24,2,10,20,35,20,0,15,0,6,5,7,6,6,4,5,3,2,27,8,2,3,2,1,7,3,2,2,2,2,10,8,8,7,8,9,8,1,9,8,8,9,4,2,5,25,15,20,20,20,0,50,10,10,20,5,5,8,9,8,9,10,0,9,9,8,10,8,7,8,5,2,2,3,3,35,15,15,15,15,5,7,10,8,6,10,0,0,0,60,10,10,5,10,5,7,10,9,6,10
0,2,4,18,3,6,16,0,0.58,0,25,4,15,10,30,10,5,30,0,8,10,8,6,8,3,5,5,2,27,8,2,3,2,1,7,3,2,2,2,2,10,8,8,7,8,9,8,1,9,8,8,9,4,2,5,25,15,20,20,20,0,50,10,10,20,5,5,8,9,8,9,10,0,8,10,10,8,8,6,8,5,2,2,3,3,35,15,15,15,15,5,7,10,8,6,10,0,0,0,60,10,10,5,10,5,7,10,9,6,10
0,2,4,18,3,5,17,0,0.36,1,28,2,20,20,15,15,5,25,0,5,7,8,5,9,6,6,6,2,27,8,2,3,2,1,7,3,2,2,2,2,10,8,8,7,8,9,8,1,9,8,8,9,4,2,5,25,15,20,20,20,0,50,10,10,20,5,5,8,9,8,9,10,0,7,10,10,10,7,6,8,5,2,2,3,3,35,15,15,15,15,5,7,10,8,6,10,0,0,0,60,10,10,5,10,5,7,10,9,6,10
0,2,4,18,3,4,18,0,0.08,0,27,4,20,20,20,20,10,10,0,7,7,6,6,8,7,7,3,2,27,8,2,3,2,1,7,3,2,2,2,2,10,8,8,7,8,9,8,1,9,8,8,9,4,2,5,25,15,20,20,20,0,50,10,10,20,5,5,8,9,8,9,10,0,7,10,10,9,9,6,8,5,2,2,3,3,35,15,15,15,15,5,7,10,8,6,10,0,0,0,60,10,10,5,10,5,7,10,9,6,10
0,2,4,18,4,8,1,0,0.37,1,28,4,20,20,20,10,10,20,0,5,6,9,3,3,3,3,3,2,23,10,4,4,1,2,7,7,10,8,9,6,5,8,9,6,3,1,10,6,7,8,7,6,4,1,5,15,21,18,18,10,18,10,25,15,15,10,25,5,8,5,7,5,0,0,5,5,0,9,0,2,0,2,6,1,2,15,20,20,15,10,20,3,7,8,6,2,0,0,0,10,20,20,20,10,20,6,6,8,6,4
0,2,4,18,4,10,2,0,0.32,0,26,2,18,18,18,19,13,14,0,3,8,5,4,5,4,3,2,2,23,10,4,4,1,2,7,7,10,8,9,6,5,8,9,6,3,1,10,6,7,8,7,6,4,1,5,15,21,18,18,10,18,10,25,15,15,10,25,5,8,5,7,5,1,8,8,7,8,6,4,8,3,2,6,1,2,15,20,20,15,10,20,3,7,8,6,2,0,0,0,10,20,20,20,10,20,6,6,8,6,4
0,2,4,18,4,4,4,0,0.38,0,29,2,50,7,20,23,0,0,0,3,7,8,4,9,5,4,5,2,23,10,4,4,1,2,7,7,10,8,9,6,5,8,9,6,3,1,10,6,7,8,7,6,4,1,5,15,21,18,18,10,18,10,25,15,15,10,25,5,8,5,7,5,1,7,6,8,7,7,5,7,3,2,6,1,2,15,20,20,15,10,20,3,7,8,6,2,0,0,0,10,20,20,20,10,20,6,6,8,6,4
0,2,4,18,4,14,7,0,0.31,0,30,6,20,25,25,15,5,10,0,8,7,7,2,4,2,4,1,2,23,10,4,4,1,2,7,7,10,8,9,6,5,8,9,6,3,1,10,6,7,8,7,6,4,1,5,15,21,18,18,10,18,10,25,15,15,10,25,5,8,5,7,5,1,5,8,8,6,7,4,6,1,2,6,1,2,15,20,20,15,10,20,3,7,8,6,2,0,0,0,10,20,20,20,10,20,6,6,8,6,4
0,2,4,18,4,17,8,0,0.08,1,22,4,40,8,10,12,10,20,1,6,9,9,6,8,6,6,5,2,23,10,4,4,1,2,7,7,10,8,9,6,5,8,9,6,3,1,10,6,7,8,7,6,4,1,5,15,21,18,18,10,18,10,25,15,15,10,25,5,8,5,7,5,0,4,8,8,4,5,4,4,1,2,6,1,2,15,20,20,15,10,20,3,7,8,6,2,0,0,0,10,20,20,20,10,20,6,6,8,6,4
0,2,4,18,4,3,9,0,0.22,0,32,2,30,10,30,20,10,0,0,3,7,7,2,2,2,4,5,2,23,10,4,4,1,2,7,7,10,8,9,6,5,8,9,6,3,1,10,6,7,8,7,6,4,1,5,15,21,18,18,10,18,10,25,15,15,10,25,5,8,5,7,5,0,5,7,6,5,6,5,5,4,2,6,1,2,15,20,20,15,10,20,3,7,8,6,2,0,0,0,10,20,20,20,10,20,6,6,8,6,4
0,2,4,18,4,18,10,0,-0.05,0,26,2,40,5,20,10,10,15,0,6,7,8,5,5,5,5,3,2,23,10,4,4,1,2,7,7,10,8,9,6,5,8,9,6,3,1,10,6,7,8,7,6,4,1,5,15,21,18,18,10,18,10,25,15,15,10,25,5,8,5,7,5,0,4,8,5,6,4,4,4,0,2,6,1,2,15,20,20,15,10,20,3,7,8,6,2,0,0,0,10,20,20,20,10,20,6,6,8,6,4
0,2,4,18,4,9,11,0,0.05,0,27,2,20,15,25,15,20,5,0,10,10,10,10,10,10,10,1,1,23,10,4,4,1,2,7,7,10,8,9,6,5,8,9,6,3,1,10,6,7,8,7,6,4,1,5,15,21,18,18,10,18,10,25,15,15,10,25,5,8,5,7,5,1,10,10,10,10,10,7,8,0,1,6,1,2,15,20,20,15,10,20,3,7,8,6,2,0,0,0,10,20,20,20,10,20,6,6,8,6,4
0,2,4,18,4,12,12,0,0.28,0,25,1,30,15,20,20,0,5,0,6,7,7,5,6,5,6,3,2,23,10,4,4,1,2,7,7,10,8,9,6,5,8,9,6,3,1,10,6,7,8,7,6,4,1,5,15,21,18,18,10,18,10,25,15,15,10,25,5,8,5,7,5,0,5,7,6,7,7,6,5,4,2,6,1,2,15,20,20,15,10,20,3,7,8,6,2,0,0,0,10,20,20,20,10,20,6,6,8,6,4
0,2,4,18,4,11,14,0,0.23,0,21,2,19,24,21,23,5,8,0,7,8,8,6,6,2,4,4,2,23,10,4,4,1,2,7,7,10,8,9,6,5,8,9,6,3,1,10,6,7,8,7,6,4,1,5,15,21,18,18,10,18,10,25,15,15,10,25,5,8,5,7,5,1,6,7,8,7,8,6,6,0,2,6,1,2,15,20,20,15,10,20,3,7,8,6,2,0,0,0,10,20,20,20,10,20,6,6,8,6,4
0,2,4,18,4,15,15,0,0.52,0,24,2,10,20,35,20,0,15,0,6,8,7,6,5,3,5,4,2,23,10,4,4,1,2,7,7,10,8,9,6,5,8,9,6,3,1,10,6,7,8,7,6,4,1,5,15,21,18,18,10,18,10,25,15,15,10,25,5,8,5,7,5,1,7,7,6,6,4,5,7,2,2,6,1,2,15,20,20,15,10,20,3,7,8,6,2,0,0,0,10,20,20,20,10,20,6,6,8,6,4
0,2,4,18,4,7,16,1,0.4,1,25,4,15,10,30,10,5,30,1,7,10,8,6,8,3,5,5,2,23,10,4,4,1,2,7,7,10,8,9,6,5,8,9,6,3,1,10,6,7,8,7,6,4,1,5,15,21,18,18,10,18,10,25,15,15,10,25,5,8,5,7,5,1,6,7,7,5,6,7,7,2,2,6,1,2,15,20,20,15,10,20,3,7,8,6,2,0,0,0,10,20,20,20,10,20,6,6,8,6,4
0,2,4,18,4,5,18,0,0.74,1,27,4,20,20,20,20,10,10,0,3,8,5,4,5,7,6,5,2,23,10,4,4,1,2,7,7,10,8,9,6,5,8,9,6,3,1,10,6,7,8,7,6,4,1,5,15,21,18,18,10,18,10,25,15,15,10,25,5,8,5,7,5,0,6,9,7,6,6,8,5,4,2,6,1,2,15,20,20,15,10,20,3,7,8,6,2,0,0,0,10,20,20,20,10,20,6,6,8,6,4
0,2,4,18,11,5,3,0,0.28,0,26,3,10,20,20,22,6,22,1,8,8,8,8,8,7,8,7,2,25,1,6,6,8,1,3,2,1,4,2,5,7,7,5,7,3,5,7,7,10,8,8,7,6,2,5,15,3,50,20,2,10,65,0,8,20,2,5,6,7,7,9,8,0,4,6,6,6,6,5,5,2,2,6,3,3,20,2,30,35,3,10,8,7,8,7,7,0,3,0,25,2,30,30,5,8,7,8,8,7,7
0,2,4,18,11,10,9,0,-0.21,0,32,2,30,10,30,20,10,0,1,7,7,8,8,10,7,8,7,2,25,1,6,6,8,1,3,2,1,4,2,5,7,7,5,7,3,5,7,7,10,8,8,7,6,2,5,15,3,50,20,2,10,65,0,8,20,2,5,6,7,7,9,8,0,4,6,7,6,5,3,5,2,2,6,3,3,20,2,30,35,3,10,8,7,8,7,7,0,3,0,25,2,30,30,5,8,7,8,8,7,7
0,2,4,18,11,4,15,0,0.39,0,24,2,10,20,35,20,0,15,1,8,7,7,9,8,4,7,5,2,25,1,6,6,8,1,3,2,1,4,2,5,7,7,5,7,3,5,7,7,10,8,8,7,6,2,5,15,3,50,20,2,10,65,0,8,20,2,5,6,7,7,9,8,0,9,7,8,7,6,7,3,2,2,6,3,3,20,2,30,35,3,10,8,7,8,7,7,0,3,0,25,2,30,30,5,8,7,8,8,7,7
0,2,4,18,17,3,1,0,0.64,0,28,4,20,20,20,10,10,20,0,9,8,8,6,7,7,6,5,2,29,9,2,1,2,5,6,1,7,7,2,8,10,9,9,9,2,9,10,4,10,10,8,10,6,9,5,10,20,20,20,20,10,30,10,10,30,10,10,9,10,9,9,9,0,4,3,9,3,8,5,3,3,2,6,1,2,20,20,15,20,10,15,7,9,9,9,8,1,4,1,15,20,15,20,15,15,8,10,8,9,8
0,2,4,18,17,5,2,0,-0.23,1,26,2,18,18,18,19,13,14,1,6,6,7,7,4,5,6,4,2,29,9,2,1,2,5,6,1,7,7,2,8,10,9,9,9,2,9,10,4,10,10,8,10,6,9,5,10,20,20,20,20,10,30,10,10,30,10,10,9,10,9,9,9,0,4,8,9,4,8,3,4,5,2,6,1,2,20,20,15,20,10,15,7,9,9,9,8,1,4,1,15,20,15,20,15,15,8,10,8,9,8
0,2,4,18,17,17,4,1,0.17,1,29,2,50,7,20,23,0,0,1,8,7,8,6,8,9,6,5,2,29,9,2,1,2,5,6,1,7,7,2,8,10,9,9,9,2,9,10,4,10,10,8,10,6,9,5,10,20,20,20,20,10,30,10,10,30,10,10,9,10,9,9,9,1,10,10,10,8,9,10,9,8,2,6,1,2,20,20,15,20,10,15,7,9,9,9,8,1,4,1,15,20,15,20,15,15,8,10,8,9,8
0,2,4,18,17,14,6,1,0.59,1,28,2,30,30,20,10,10,0,1,6,7,8,5,7,7,8,9,2,29,9,2,1,2,5,6,1,7,7,2,8,10,9,9,9,2,9,10,4,10,10,8,10,6,9,5,10,20,20,20,20,10,30,10,10,30,10,10,9,10,9,9,9,1,10,10,9,10,9,9,9,9,2,6,1,2,20,20,15,20,10,15,7,9,9,9,8,1,4,1,15,20,15,20,15,15,8,10,8,9,8
0,2,4,18,17,9,7,0,0.54,0,30,6,20,25,25,15,5,10,0,9,8,8,7,6,6,6,3,2,29,9,2,1,2,5,6,1,7,7,2,8,10,9,9,9,2,9,10,4,10,10,8,10,6,9,5,10,20,20,20,20,10,30,10,10,30,10,10,9,10,9,9,9,0,6,8,9,4,9,5,6,6,2,6,1,2,20,20,15,20,10,15,7,9,9,9,8,1,4,1,15,20,15,20,15,15,8,10,8,9,8
0,2,4,18,17,16,9,0,0.12,1,32,2,30,10,30,20,10,0,1,7,8,8,6,8,7,7,7,2,29,9,2,1,2,5,6,1,7,7,2,8,10,9,9,9,2,9,10,4,10,10,8,10,6,9,5,10,20,20,20,20,10,30,10,10,30,10,10,9,10,9,9,9,0,4,8,9,7,8,6,7,5,2,6,1,2,20,20,15,20,10,15,7,9,9,9,8,1,4,1,15,20,15,20,15,15,8,10,8,9,8
0,2,4,18,17,13,10,0,0.2,1,26,2,40,5,20,10,10,15,0,6,6,6,6,6,6,6,3,2,29,9,2,1,2,5,6,1,7,7,2,8,10,9,9,9,2,9,10,4,10,10,8,10,6,9,5,10,20,20,20,20,10,30,10,10,30,10,10,9,10,9,9,9,0,8,7,8,5,8,5,5,3,2,6,1,2,20,20,15,20,10,15,7,9,9,9,8,1,4,1,15,20,15,20,15,15,8,10,8,9,8
0,2,4,18,17,4,11,0,0.8,1,27,2,20,15,25,15,20,5,1,9,8,6,6,6,6,7,5,2,29,9,2,1,2,5,6,1,7,7,2,8,10,9,9,9,2,9,10,4,10,10,8,10,6,9,5,10,20,20,20,20,10,30,10,10,30,10,10,9,10,9,9,9,0,8,8,8,7,8,7,6,5,2,6,1,2,20,20,15,20,10,15,7,9,9,9,8,1,4,1,15,20,15,20,15,15,8,10,8,9,8
0,2,4,18,17,7,12,1,0.03,0,25,1,30,15,20,20,0,5,1,8,7,8,7,6,6,7,3,2,29,9,2,1,2,5,6,1,7,7,2,8,10,9,9,9,2,9,10,4,10,10,8,10,6,9,5,10,20,20,20,20,10,30,10,10,30,10,10,9,10,9,9,9,1,7,8,9,9,8,8,7,6,2,6,1,2,20,20,15,20,10,15,7,9,9,9,8,1,4,1,15,20,15,20,15,15,8,10,8,9,8
0,2,4,18,17,6,14,1,0.8,1,21,2,19,24,21,23,5,8,1,9,9,9,9,9,8,8,6,2,29,9,2,1,2,5,6,1,7,7,2,8,10,9,9,9,2,9,10,4,10,10,8,10,6,9,5,10,20,20,20,20,10,30,10,10,30,10,10,9,10,9,9,9,1,8,9,9,10,9,9,8,8,2,6,1,2,20,20,15,20,10,15,7,9,9,9,8,1,4,1,15,20,15,20,15,15,8,10,8,9,8
0,2,4,18,17,10,15,0,0.72,1,24,2,10,20,35,20,0,15,0,8,7,6,6,8,2,6,4,2,29,9,2,1,2,5,6,1,7,7,2,8,10,9,9,9,2,9,10,4,10,10,8,10,6,9,5,10,20,20,20,20,10,30,10,10,30,10,10,9,10,9,9,9,1,8,9,10,9,8,9,8,9,2,6,1,2,20,20,15,20,10,15,7,9,9,9,8,1,4,1,15,20,15,20,15,15,8,10,8,9,8
0,2,4,18,17,2,16,1,0.6,0,25,4,15,10,30,10,5,30,1,9,10,8,6,8,3,8,5,2,29,9,2,1,2,5,6,1,7,7,2,8,10,9,9,9,2,9,10,4,10,10,8,10,6,9,5,10,20,20,20,20,10,30,10,10,30,10,10,9,10,9,9,9,1,7,9,9,7,9,7,7,8,2,6,1,2,20,20,15,20,10,15,7,9,9,9,8,1,4,1,15,20,15,20,15,15,8,10,8,9,8
0,2,4,18,17,18,18,0,0.5,0,27,4,20,20,20,20,10,10,0,7,6,6,3,4,4,4,4,2,29,9,2,1,2,5,6,1,7,7,2,8,10,9,9,9,2,9,10,4,10,10,8,10,6,9,5,10,20,20,20,20,10,30,10,10,30,10,10,9,10,9,9,9,0,6,7,8,7,8,5,6,5,2,6,1,2,20,20,15,20,10,15,7,9,9,9,8,1,4,1,15,20,15,20,15,15,8,10,8,9,8
0,2,4,18,18,4,1,0,0.27,0,28,4,20,20,20,10,10,20,1,7,9,9,8,6,7,7,5,2,29,5,2,2,2,1,5,1,2,3,2,6,10,7,6,8,7,8,7,5,8,8,6,5,7,6,6,14,20,18,24,18,6,30,15,15,20,10,10,8,8,8,8,7,0,6,6,7,7,8,6,7,5,2,6,1,2,17,17,11,28,10,17,7,7,7,8,6,0,1,1,18,18,18,18,10,18,8,8,8,8,7
0,2,4,18,18,6,2,1,-0.57,1,26,2,18,18,18,19,13,14,1,5,7,7,8,5,6,6,5,2,29,5,2,2,2,1,5,1,2,3,2,6,10,7,6,8,7,8,7,5,8,8,6,5,7,6,6,14,20,18,24,18,6,30,15,15,20,10,10,8,8,8,8,7,1,7,8,7,7,7,7,8,6,2,6,1,2,17,17,11,28,10,17,7,7,7,8,6,0,1,1,18,18,18,18,10,18,8,8,8,8,7
0,2,4,18,18,10,7,1,0.17,0,30,6,20,25,25,15,5,10,1,8,9,10,10,8,7,8,6,2,29,5,2,2,2,1,5,1,2,3,2,6,10,7,6,8,7,8,7,5,8,8,6,5,7,6,6,14,20,18,24,18,6,30,15,15,20,10,10,8,8,8,8,7,1,7,7,7,7,7,7,7.5,6,2,6,1,2,17,17,11,28,10,17,7,7,7,8,6,0,1,1,18,18,18,18,10,18,8,8,8,8,7
0,2,4,18,18,17,9,0,-0.15,1,32,2,30,10,30,20,10,0,1,7,7,7,6,6,5,6,6,2,29,5,2,2,2,1,5,1,2,3,2,6,10,7,6,8,7,8,7,5,8,8,6,5,7,6,6,14,20,18,24,18,6,30,15,15,20,10,10,8,8,8,8,7,0,6,7,7,6,7,6,6.5,6,2,6,1,2,17,17,11,28,10,17,7,7,7,8,6,0,1,1,18,18,18,18,10,18,8,8,8,8,7
0,2,4,18,18,14,10,0,-0.06,1,26,2,40,5,20,10,10,15,0,6,7,7,8,7,6,7,5,2,29,5,2,2,2,1,5,1,2,3,2,6,10,7,6,8,7,8,7,5,8,8,6,5,7,6,6,14,20,18,24,18,6,30,15,15,20,10,10,8,8,8,8,7,1,7,7,7,7,7,7,7,6,2,6,1,2,17,17,11,28,10,17,7,7,7,8,6,0,1,1,18,18,18,18,10,18,8,8,8,8,7
0,2,4,18,18,5,11,1,0.45,1,27,2,20,15,25,15,20,5,1,7,8,6,8,6,6,7,5,2,29,5,2,2,2,1,5,1,2,3,2,6,10,7,6,8,7,8,7,5,8,8,6,5,7,6,6,14,20,18,24,18,6,30,15,15,20,10,10,8,8,8,8,7,1,8,8,7,8,8,8,8,6,2,6,1,2,17,17,11,28,10,17,7,7,7,8,6,0,1,1,18,18,18,18,10,18,8,8,8,8,7
0,2,4,18,18,8,12,0,-0.36,0,25,1,30,15,20,20,0,5,1,8,7,8,7,6,5,7,4,2,29,5,2,2,2,1,5,1,2,3,2,6,10,7,6,8,7,8,7,5,8,8,6,5,7,6,6,14,20,18,24,18,6,30,15,15,20,10,10,8,8,8,8,7,0,7,7,7,7,7,6,7,6,2,6,1,2,17,17,11,28,10,17,7,7,7,8,6,0,1,1,18,18,18,18,10,18,8,8,8,8,7
0,2,4,18,18,16,13,0,0.37,0,22,3,10,20,35,10,5,20,1,9,10,10,8,8,8,10,6,2,29,5,2,2,2,1,5,1,2,3,2,6,10,7,6,8,7,8,7,5,8,8,6,5,7,6,6,14,20,18,24,18,6,30,15,15,20,10,10,8,8,8,8,7,0,7,7,7,7,7,7,7,6,2,6,1,2,17,17,11,28,10,17,7,7,7,8,6,0,1,1,18,18,18,18,10,18,8,8,8,8,7
0,2,4,18,18,7,14,0,0.23,1,21,2,19,24,21,23,5,8,1,7.5,8.5,9,9.5,9.5,9,8,6.5,2,29,5,2,2,2,1,5,1,2,3,2,6,10,7,6,8,7,8,7,5,8,8,6,5,7,6,6,14,20,18,24,18,6,30,15,15,20,10,10,8,8,8,8,7,0,7,7,7,7,7,6,7,6,2,6,1,2,17,17,11,28,10,17,7,7,7,8,6,0,1,1,18,18,18,18,10,18,8,8,8,8,7
0,2,4,18,18,11,15,0,0.09,1,24,2,10,20,35,20,0,15,1,8,8,7,7,6,4,7,4,2,29,5,2,2,2,1,5,1,2,3,2,6,10,7,6,8,7,8,7,5,8,8,6,5,7,6,6,14,20,18,24,18,6,30,15,15,20,10,10,8,8,8,8,7,0,7,7,7,7,7,6,7,4,2,6,1,2,17,17,11,28,10,17,7,7,7,8,6,0,1,1,18,18,18,18,10,18,8,8,8,8,7
0,2,4,18,18,3,16,0,0.34,0,25,4,15,10,30,10,5,30,1,7,10,8,7,7,3,8,5,2,29,5,2,2,2,1,5,1,2,3,2,6,10,7,6,8,7,8,7,5,8,8,6,5,7,6,6,14,20,18,24,18,6,30,15,15,20,10,10,8,8,8,8,7,0,7,7,7,6,7,6,7,6,2,6,1,2,17,17,11,28,10,17,7,7,7,8,6,0,1,1,18,18,18,18,10,18,8,8,8,8,7
0,2,4,18,18,2,17,0,0.31,1,28,2,20,20,15,15,5,25,0,5,7,8,7,8,8,5,6,2,29,5,2,2,2,1,5,1,2,3,2,6,10,7,6,8,7,8,7,5,8,8,6,5,7,6,6,14,20,18,24,18,6,30,15,15,20,10,10,8,8,8,8,7,0,7,7,7,6,6,6,7,6,2,6,1,2,17,17,11,28,10,17,7,7,7,8,6,0,1,1,18,18,18,18,10,18,8,8,8,8,7
0,2,4,18,18,1,18,0,-0.03,0,27,4,20,20,20,20,10,10,0,5,7,7,5,5,5,4,4,2,29,5,2,2,2,1,5,1,2,3,2,6,10,7,6,8,7,8,7,5,8,8,6,5,7,6,6,14,20,18,24,18,6,30,15,15,20,10,10,8,8,8,8,7,1,7,7,7,7,7,7,7,7,2,6,1,2,17,17,11,28,10,17,7,7,7,8,6,0,1,1,18,18,18,18,10,18,8,8,8,8,7
1,2,4,18,10,10,2,1,-0.05,1,22,2,15,20,20,20,15,10,1,6,5,6,7,6,7,6,4,2,29,10,2,4,1,2,5,2,2,6,8,8,3,3,3,6,1,5,8,3,2,7,3,7,3,5,5,50,7,20,23,0,0,30,10,12,8,30,10,7,5,7,6,6,1,6,9,9,9,6,6,6,4,2,5,3,3,55,8,14,13,0,10,7,5,6,7,5,4,1,1,50,5,15,20,5,5,8,5,7,6,4
1,2,4,18,15,15,4,0,-0.27,0,26,4,10,20,15,20,20,15,1,7,7,7,7,7,7,7,5,2,29,10,2,4,1,2,5,2,2,6,8,8,3,3,3,6,1,5,8,3,2,7,3,7,3,5,5,50,7,20,23,0,0,30,10,12,8,30,10,7,5,7,6,6,0,5,7,8,6,7,7,6,6,2,5,3,3,55,8,14,13,0,10,7,5,6,7,5,4,1,1,50,5,15,20,5,5,8,5,7,6,4
1,2,4,18,1,1,6,0,-0.04,1,28,2,10,10,20,20,20,20,0,8,8,9,8,7,6,6,5,2,29,10,2,4,1,2,5,2,2,6,8,8,3,3,3,6,1,5,8,3,2,7,3,7,3,5,5,50,7,20,23,0,0,30,10,12,8,30,10,7,5,7,6,6,0,7,7,8,7,8,7,6,7,2,5,3,3,55,8,14,13,0,10,7,5,6,7,5,4,1,1,50,5,15,20,5,5,8,5,7,6,4
1,2,4,18,6,6,7,0,0.1,0,25,6,20,20,20,20,10,10,0,8,9,10,7,8,8,7,7,2,29,10,2,4,1,2,5,2,2,6,8,8,3,3,3,6,1,5,8,3,2,7,3,7,3,5,5,50,7,20,23,0,0,30,10,12,8,30,10,7,5,7,6,6,0,5,6,6,5,6,7,5,6,2,5,3,3,55,8,14,13,0,10,7,5,6,7,5,4,1,1,50,5,15,20,5,5,8,5,7,6,4
1,2,4,18,13,13,9,0,0.14,0,32,3,30,30,30,5,0,5,0,4,6,7,4,7,3,4,3,2,29,10,2,4,1,2,5,2,2,6,8,8,3,3,3,6,1,5,8,3,2,7,3,7,3,5,5,50,7,20,23,0,0,30,10,12,8,30,10,7,5,7,6,6,1,7,7,7,7,6,6,7,5,2,5,3,3,55,8,14,13,0,10,7,5,6,7,5,4,1,1,50,5,15,20,5,5,8,5,7,6,4
1,2,4,18,2,2,10,0,0.01,1,30,2,20,25,15,15,15,10,1,7,8,7,7,5,4,7,7,2,29,10,2,4,1,2,5,2,2,6,8,8,3,3,3,6,1,5,8,3,2,7,3,7,3,5,5,50,7,20,23,0,0,30,10,12,8,30,10,7,5,7,6,6,0,6,6,6,5,7,4,5,7,2,5,3,3,55,8,14,13,0,10,7,5,6,7,5,4,1,1,50,5,15,20,5,5,8,5,7,6,4
1,2,4,18,7,7,11,1,-0.07,1,22,2,15,20,20,20,5,20,1,7,7,7,7,7,6,7,5,2,29,10,2,4,1,2,5,2,2,6,8,8,3,3,3,6,1,5,8,3,2,7,3,7,3,5,5,50,7,20,23,0,0,30,10,12,8,30,10,7,5,7,6,6,1,8,8,8,8,8,7,7,7,2,5,3,3,55,8,14,13,0,10,7,5,6,7,5,4,1,1,50,5,15,20,5,5,8,5,7,6,4
1,2,4,18,9,9,12,0,0.55,1,23,2,15,15,20,15,15,20,0,3,4,6,6,7,3,3,6,2,29,10,2,4,1,2,5,2,2,6,8,8,3,3,3,6,1,5,8,3,2,7,3,7,3,5,5,50,7,20,23,0,0,30,10,12,8,30,10,7,5,7,6,6,1,8,8,7,7,6,5,7,4,2,5,3,3,55,8,14,13,0,10,7,5,6,7,5,4,1,1,50,5,15,20,5,5,8,5,7,6,4
1,2,4,18,3,3,14,0,-0.29,1,27,2,25,15,20,20,20,0,0,7,9,9,8,9,5,2,5,2,29,10,2,4,1,2,5,2,2,6,8,8,3,3,3,6,1,5,8,3,2,7,3,7,3,5,5,50,7,20,23,0,0,30,10,12,8,30,10,7,5,7,6,6,1,8,8,7,7,7,5,7,5,2,5,3,3,55,8,14,13,0,10,7,5,6,7,5,4,1,1,50,5,15,20,5,5,8,5,7,6,4
1,2,4,18,4,4,15,0,0.38,0,23,4,15,21,18,18,10,18,1,7,6,8,7,7,5,7,3,2,29,10,2,4,1,2,5,2,2,6,8,8,3,3,3,6,1,5,8,3,2,7,3,7,3,5,5,50,7,20,23,0,0,30,10,12,8,30,10,7,5,7,6,6,0,3,7,8,4,9,5,4,5,2,5,3,3,55,8,14,13,0,10,7,5,6,7,5,4,1,1,50,5,15,20,5,5,8,5,7,6,4
1,2,4,18,17,17,17,1,0.17,1,29,2,10,20,20,20,20,10,1,10,10,10,8,9,10,9,8,2,29,10,2,4,1,2,5,2,2,6,8,8,3,3,3,6,1,5,8,3,2,7,3,7,3,5,5,50,7,20,23,0,0,30,10,12,8,30,10,7,5,7,6,6,1,8,7,8,6,8,9,6,5,2,5,3,3,55,8,14,13,0,10,7,5,6,7,5,4,1,1,50,5,15,20,5,5,8,5,7,6,4
1,2,4,18,15,7,4,0,0.56,0,26,4,10,20,15,20,20,15,0,4,6,6,6,6,4,5,5,2,30,8,6,8,9,1,3,2,2,5,4,6,7,6,6,2,2,4,6,5,7,7,3,7,6,2,5,20,25,25,15,5,10,20,15,20,15,15,15,7,8,8,9,6,0,4,8,8,8,6,4,6,4,2,8,1,2,25,30,15,20,0,10,8,7,9,8,7,0,0,0,20,25,25,15,10,5,8,8,9,9,7
1,2,4,18,14,6,5,0,0.54,0,27,4,10,20,20,10,20,20,0,6,8,8,7,8,7,7,7,2,30,8,6,8,9,1,3,2,2,5,4,6,7,6,6,2,2,4,6,5,7,7,3,7,6,2,5,20,25,25,15,5,10,20,15,20,15,15,15,7,8,8,9,6,0,6,9,8,7,8,4,6,2,2,8,1,2,25,30,15,20,0,10,8,7,9,8,7,0,0,0,20,25,25,15,10,5,8,8,9,9,7
1,2,4,18,1,11,6,0,0.65,0,28,2,10,10,20,20,20,20,0,3,8,8,6,7,5,7,8,2,30,8,6,8,9,1,3,2,2,5,4,6,7,6,6,2,2,4,6,5,7,7,3,7,6,2,5,20,25,25,15,5,10,20,15,20,15,15,15,7,8,8,9,6,1,9,8,9,9,9,8,8,3,2,8,1,2,25,30,15,20,0,10,8,7,9,8,7,0,0,0,20,25,25,15,10,5,8,8,9,9,7
1,2,4,18,6,16,7,0,0.43,1,25,6,20,20,20,20,10,10,1,5,10,10,9,10,8,9,8,2,30,8,6,8,9,1,3,2,2,5,4,6,7,6,6,2,2,4,6,5,7,7,3,7,6,2,5,20,25,25,15,5,10,20,15,20,15,15,15,7,8,8,9,6,0,6,9,9,8,8,7,7,5,2,8,1,2,25,30,15,20,0,10,8,7,9,8,7,0,0,0,20,25,25,15,10,5,8,8,9,9,7
1,2,4,18,12,4,8,0,0.58,0,35,3,10,32,20,12,11,15,0,4,8,7,4,5,3,4,2,2,30,8,6,8,9,1,3,2,2,5,4,6,7,6,6,2,2,4,6,5,7,7,3,7,6,2,5,20,25,25,15,5,10,20,15,20,15,15,15,7,8,8,9,6,0,5,9,8,8,8,6,6,8,2,8,1,2,25,30,15,20,0,10,8,7,9,8,7,0,0,0,20,25,25,15,10,5,8,8,9,9,7
1,2,4,18,13,5,9,0,0.62,0,32,3,30,30,30,5,0,5,0,2,5,7,4,7,5,3,4,2,30,8,6,8,9,1,3,2,2,5,4,6,7,6,6,2,2,4,6,5,7,7,3,7,6,2,5,20,25,25,15,5,10,20,15,20,15,15,15,7,8,8,9,6,0,5,8,9,8,7,5,6,6,2,8,1,2,25,30,15,20,0,10,8,7,9,8,7,0,0,0,20,25,25,15,10,5,8,8,9,9,7
1,2,4,18,2,12,10,0,0.32,0,30,2,20,25,15,15,15,10,0,5,8,8,5,8,3,7,6,2,30,8,6,8,9,1,3,2,2,5,4,6,7,6,6,2,2,4,6,5,7,7,3,7,6,2,5,20,25,25,15,5,10,20,15,20,15,15,15,7,8,8,9,6,0,7,9,9,9,7,9,8,8,2,8,1,2,25,30,15,20,0,10,8,7,9,8,7,0,0,0,20,25,25,15,10,5,8,8,9,9,7
1,2,4,18,7,17,11,1,0.32,0,22,2,15,20,20,20,5,20,1,7,6,6,5,5,5,6,5,2,30,8,6,8,9,1,3,2,2,5,4,6,7,6,6,2,2,4,6,5,7,7,3,7,6,2,5,20,25,25,15,5,10,20,15,20,15,15,15,7,8,8,9,6,1,8,10,9,9,7,8,8,3,2,8,1,2,25,30,15,20,0,10,8,7,9,8,7,0,0,0,20,25,25,15,10,5,8,8,9,9,7
1,2,4,18,9,1,12,0,0.38,0,23,2,15,15,20,15,15,20,0,3,10,9,5,9,5,4,9,2,30,8,6,8,9,1,3,2,2,5,4,6,7,6,6,2,2,4,6,5,7,7,3,7,6,2,5,20,25,25,15,5,10,20,15,20,15,15,15,7,8,8,9,6,1,6,8,8,8,6,4,6,9,2,8,1,2,25,30,15,20,0,10,8,7,9,8,7,0,0,0,20,25,25,15,10,5,8,8,9,9,7
1,2,4,18,8,18,13,0,0.54,0,23,2,15,15,20,15,20,15,0,4,10,10,6,10,9,7,8,2,30,8,6,8,9,1,3,2,2,5,4,6,7,6,6,2,2,4,6,5,7,7,3,7,6,2,5,20,25,25,15,5,10,20,15,20,15,15,15,7,8,8,9,6,0,7,8,9,9,9,8,8,5,2,8,1,2,25,30,15,20,0,10,8,7,9,8,7,0,0,0,20,25,25,15,10,5,8,8,9,9,7
1,2,4,18,3,13,14,0,0.13,0,27,2,25,15,20,20,20,0,1,8,9,10,10,9,9,10,10,2,30,8,6,8,9,1,3,2,2,5,4,6,7,6,6,2,2,4,6,5,7,7,3,7,6,2,5,20,25,25,15,5,10,20,15,20,15,15,15,7,8,8,9,6,0,9,8,8,9,8,7,8,9,1,8,1,2,25,30,15,20,0,10,8,7,9,8,7,0,0,0,20,25,25,15,10,5,8,8,9,9,7
1,2,4,18,4,14,15,0,0.31,0,23,4,15,21,18,18,10,18,1,5,8,8,6,7,4,6,1,2,30,8,6,8,9,1,3,2,2,5,4,6,7,6,6,2,2,4,6,5,7,7,3,7,6,2,5,20,25,25,15,5,10,20,15,20,15,15,15,7,8,8,9,6,0,8,7,7,2,4,2,4,1,2,8,1,2,25,30,15,20,0,10,8,7,9,8,7,0,0,0,20,25,25,15,10,5,8,8,9,9,7
1,2,4,18,17,9,17,0,0.54,0,29,2,10,20,20,20,20,10,0,6,8,9,4,9,5,6,6,2,30,8,6,8,9,1,3,2,2,5,4,6,7,6,6,2,2,4,6,5,7,7,3,7,6,2,5,20,25,25,15,5,10,20,15,20,15,15,15,7,8,8,9,6,0,9,8,8,7,6,6,6,3,2,8,1,2,25,30,15,20,0,10,8,7,9,8,7,0,0,0,20,25,25,15,10,5,8,8,9,9,7
1,2,4,18,18,10,18,1,0.17,0,29,2,14,20,18,24,18,6,1,7,7,7,7,7,7,7.5,6,2,30,8,6,8,9,1,3,2,2,5,4,6,7,6,6,2,2,4,6,5,7,7,3,7,6,2,5,20,25,25,15,5,10,20,15,20,15,15,15,7,8,8,9,6,1,8,9,10,10,8,7,8,6,2,8,1,2,25,30,15,20,0,10,8,7,9,8,7,0,0,0,20,25,25,15,10,5,8,8,9,9,7
1,2,4,18,10,9,2,0,0,1,22,2,15,20,20,20,15,10,1,6,7,6,7,4,6,7,6,2,32,10,2,2,6,1,4,4,2,9,9,9,9,4,4,7,2,5,5,4,4,9,3,5,5,2,6,30,10,30,20,10,0,10,30,20,30,10,0,8,5,7,10,9,0,4,5,6,6,6,6,5,6,2,9,1,3,50,20,0,30,0,0,8,7,8,6,7,1,1,1,50,10,20,20,0,0,7,8,9,8,9
1,2,4,18,15,14,4,0,-0.15,0,26,4,10,20,15,20,20,15,0,2,2,2,2,2,2,2,2,2,32,10,2,2,6,1,4,4,2,9,9,9,9,4,4,7,2,5,5,4,4,9,3,5,5,2,6,30,10,30,20,10,0,10,30,20,30,10,0,8,5,7,10,9,0,4,4,4,4,6,3,4,4,2,9,1,3,50,20,0,30,0,0,8,7,8,6,7,1,1,1,50,10,20,20,0,0,7,8,9,8,9
1,2,4,18,14,13,5,1,0.06,0,27,4,10,20,20,10,20,20,1,8,8,8,8,8,9,9,8,1,32,10,2,2,6,1,4,4,2,9,9,9,9,4,4,7,2,5,5,4,4,9,3,5,5,2,6,30,10,30,20,10,0,10,30,20,30,10,0,8,5,7,10,9,1,10,9,8,7,7,10,10,5,1,9,1,3,50,20,0,30,0,0,8,7,8,6,7,1,1,1,50,10,20,20,0,0,7,8,9,8,9
1,2,4,18,1,18,6,0,0.11,1,28,2,10,10,20,20,20,20,0,2,8,10,1,7,1,2,5,2,32,10,2,2,6,1,4,4,2,9,9,9,9,4,4,7,2,5,5,4,4,9,3,5,5,2,6,30,10,30,20,10,0,10,30,20,30,10,0,8,5,7,10,9,1,10,9,7,8,8,9,9,5,2,9,1,3,50,20,0,30,0,0,8,7,8,6,7,1,1,1,50,10,20,20,0,0,7,8,9,8,9
1,2,4,18,6,5,7,0,-0.01,0,25,6,20,20,20,20,10,10,0,4,10,9,6,8,6,7,8,2,32,10,2,2,6,1,4,4,2,9,9,9,9,4,4,7,2,5,5,4,4,9,3,5,5,2,6,30,10,30,20,10,0,10,30,20,30,10,0,8,5,7,10,9,1,6,5,8,9,8,5,7,7,2,9,1,3,50,20,0,30,0,0,8,7,8,6,7,1,1,1,50,10,20,20,0,0,7,8,9,8,9
1,2,4,18,12,11,8,0,-0.18,0,35,3,10,32,20,12,11,15,0,5,7,8,6,7,4,6,3,2,32,10,2,2,6,1,4,4,2,9,9,9,9,4,4,7,2,5,5,4,4,9,3,5,5,2,6,30,10,30,20,10,0,10,30,20,30,10,0,8,5,7,10,9,1,10,9,8,8,5,6,9,8,2,9,1,3,50,20,0,30,0,0,8,7,8,6,7,1,1,1,50,10,20,20,0,0,7,8,9,8,9
1,2,4,18,13,12,9,0,0.1,0,32,3,30,30,30,5,0,5,0,4,5,6,3,7,3,4,3,2,32,10,2,2,6,1,4,4,2,9,9,9,9,4,4,7,2,5,5,4,4,9,3,5,5,2,6,30,10,30,20,10,0,10,30,20,30,10,0,8,5,7,10,9,1,9,8,7,5,5,4,7,8,2,9,1,3,50,20,0,30,0,0,8,7,8,6,7,1,1,1,50,10,20,20,0,0,7,8,9,8,9
1,2,4,18,2,1,10,0,-0.08,1,30,2,20,25,15,15,15,10,0,5,8,8,6,5,3,5,5,2,32,10,2,2,6,1,4,4,2,9,9,9,9,4,4,7,2,5,5,4,4,9,3,5,5,2,6,30,10,30,20,10,0,10,30,20,30,10,0,8,5,7,10,9,0,5,6,7,2,7,3,4,6,2,9,1,3,50,20,0,30,0,0,8,7,8,6,7,1,1,1,50,10,20,20,0,0,7,8,9,8,9
1,2,4,18,7,6,11,0,-0.28,1,22,2,15,20,20,20,5,20,0,5,8,6,5,5,4,6,4,2,32,10,2,2,6,1,4,4,2,9,9,9,9,4,4,7,2,5,5,4,4,9,3,5,5,2,6,30,10,30,20,10,0,10,30,20,30,10,0,8,5,7,10,9,1,6,8,8,8,8,5,7,7,2,9,1,3,50,20,0,30,0,0,8,7,8,6,7,1,1,1,50,10,20,20,0,0,7,8,9,8,9
1,2,4,18,9,8,12,0,0.42,1,23,2,15,15,20,15,15,20,0,2,3,4,5,4,2,1,7,2,32,10,2,2,6,1,4,4,2,9,9,9,9,4,4,7,2,5,5,4,4,9,3,5,5,2,6,30,10,30,20,10,0,10,30,20,30,10,0,8,5,7,10,9,1,8,6,6,7,4,3,7,4,2,9,1,3,50,20,0,30,0,0,8,7,8,6,7,1,1,1,50,10,20,20,0,0,7,8,9,8,9
1,2,4,18,8,7,13,0,0.26,1,23,2,15,15,20,15,20,15,0,2,10,10,1,10,1,2,4,2,32,10,2,2,6,1,4,4,2,9,9,9,9,4,4,7,2,5,5,4,4,9,3,5,5,2,6,30,10,30,20,10,0,10,30,20,30,10,0,8,5,7,10,9,0,5,5,6,6,7,5,5,6,2,9,1,3,50,20,0,30,0,0,8,7,8,6,7,1,1,1,50,10,20,20,0,0,7,8,9,8,9
1,2,4,18,3,2,14,0,-0.35,1,27,2,25,15,20,20,20,0,0,6,10,9,6,7,5,5,5,2,32,10,2,2,6,1,4,4,2,9,9,9,9,4,4,7,2,5,5,4,4,9,3,5,5,2,6,30,10,30,20,10,0,10,30,20,30,10,0,8,5,7,10,9,0,3,7,7,1,3,2,3,5,2,9,1,3,50,20,0,30,0,0,8,7,8,6,7,1,1,1,50,10,20,20,0,0,7,8,9,8,9
1,2,4,18,4,3,15,0,0.22,0,23,4,15,21,18,18,10,18,0,5,7,6,5,6,5,5,4,2,32,10,2,2,6,1,4,4,2,9,9,9,9,4,4,7,2,5,5,4,4,9,3,5,5,2,6,30,10,30,20,10,0,10,30,20,30,10,0,8,5,7,10,9,0,3,7,7,2,2,2,4,5,2,9,1,3,50,20,0,30,0,0,8,7,8,6,7,1,1,1,50,10,20,20,0,0,7,8,9,8,9
1,2,4,18,11,10,16,0,-0.21,0,25,6,15,3,50,20,2,10,0,4,6,7,6,5,3,5,2,2,32,10,2,2,6,1,4,4,2,9,9,9,9,4,4,7,2,5,5,4,4,9,3,5,5,2,6,30,10,30,20,10,0,10,30,20,30,10,0,8,5,7,10,9,1,7,7,8,8,10,7,8,7,2,9,1,3,50,20,0,30,0,0,8,7,8,6,7,1,1,1,50,10,20,20,0,0,7,8,9,8,9
1,2,4,18,17,16,17,0,0.12,1,29,2,10,20,20,20,20,10,0,4,8,9,7,8,6,7,5,2,32,10,2,2,6,1,4,4,2,9,9,9,9,4,4,7,2,5,5,4,4,9,3,5,5,2,6,30,10,30,20,10,0,10,30,20,30,10,0,8,5,7,10,9,1,7,8,8,6,8,7,7,7,2,9,1,3,50,20,0,30,0,0,8,7,8,6,7,1,1,1,50,10,20,20,0,0,7,8,9,8,9
1,2,4,18,18,17,18,0,-0.15,1,29,2,14,20,18,24,18,6,0,6,7,7,6,7,6,6.5,6,2,32,10,2,2,6,1,4,4,2,9,9,9,9,4,4,7,2,5,5,4,4,9,3,5,5,2,6,30,10,30,20,10,0,10,30,20,30,10,0,8,5,7,10,9,1,7,7,7,6,6,5,6,6,2,9,1,3,50,20,0,30,0,0,8,7,8,6,7,1,1,1,50,10,20,20,0,0,7,8,9,8,9
1,2,4,18,10,6,2,0,0.15,1,22,2,15,20,20,20,15,10,1,9,7,7,10,8,7,8,5,2,26,8,2,8,9,2,4,1,7,8,7,8,8,6,4,8,5,8,8,8,5,8,8,8,6,3,6,40,5,20,10,10,15,40,5,10,20,15,10,8,8,8,9,9,0,6,7,7,7,7,5,6,4,2,7,3,3,50,5,20,10,5,10,8,8,9,8,9,1,0,0,40,10,20,10,10,10,8,8,9,8,9
1,2,4,18,15,11,4,0,-0.18,0,26,4,10,20,15,20,20,15,0,5,5,5,5,5,5,5,5,2,26,8,2,8,9,2,4,1,7,8,7,8,8,6,4,8,5,8,8,8,5,8,8,8,6,3,6,40,5,20,10,10,15,40,5,10,20,15,10,8,8,8,9,9,0,5,7,8,6,7,6,6,5,2,7,3,3,50,5,20,10,5,10,8,8,9,8,9,1,0,0,40,10,20,10,10,10,8,8,9,8,9
1,2,4,18,14,10,5,0,0.38,0,27,4,10,20,20,10,20,20,1,7,8,8,8,8,8,7,7,2,26,8,2,8,9,2,4,1,7,8,7,8,8,6,4,8,5,8,8,8,5,8,8,8,6,3,6,40,5,20,10,10,15,40,5,10,20,15,10,8,8,8,9,9,0,7,8,8,6,7,6,6,5,2,7,3,3,50,5,20,10,5,10,8,8,9,8,9,1,0,0,40,10,20,10,10,10,8,8,9,8,9
1,2,4,18,1,15,6,0,0.2,1,28,2,10,10,20,20,20,20,0,4,9,8,6,7,6,7,8,2,26,8,2,8,9,2,4,1,7,8,7,8,8,6,4,8,5,8,8,8,5,8,8,8,6,3,6,40,5,20,10,10,15,40,5,10,20,15,10,8,8,8,9,9,1,8,8,8,8,8,8,8,7,2,7,3,3,50,5,20,10,5,10,8,8,9,8,9,1,0,0,40,10,20,10,10,10,8,8,9,8,9
1,2,4,18,6,2,7,0,0.06,0,25,6,20,20,20,20,10,10,0,6,8,8,8,9,7,7,7,2,26,8,2,8,9,2,4,1,7,8,7,8,8,6,4,8,5,8,8,8,5,8,8,8,6,3,6,40,5,20,10,10,15,40,5,10,20,15,10,8,8,8,9,9,0,6,7,6,6,6,3,5,4,2,7,3,3,50,5,20,10,5,10,8,8,9,8,9,1,0,0,40,10,20,10,10,10,8,8,9,8,9
1,2,4,18,12,8,8,0,0,0,35,3,10,32,20,12,11,15,0,7,8,8,8,8,8,7,4,2,26,8,2,8,9,2,4,1,7,8,7,8,8,6,4,8,5,8,8,8,5,8,8,8,6,3,6,40,5,20,10,10,15,40,5,10,20,15,10,8,8,8,9,9,1,8,8,8,8,8,8,7,6,2,7,3,3,50,5,20,10,5,10,8,8,9,8,9,1,0,0,40,10,20,10,10,10,8,8,9,8,9
1,2,4,18,13,9,9,0,0.1,0,32,3,30,30,30,5,0,5,0,5,5,5,5,5,5,4,6,2,26,8,2,8,9,2,4,1,7,8,7,8,8,6,4,8,5,8,8,8,5,8,8,8,6,3,6,40,5,20,10,10,15,40,5,10,20,15,10,8,8,8,9,9,0,7,7,9,8,8,7,7,5,2,7,3,3,50,5,20,10,5,10,8,8,9,8,9,1,0,0,40,10,20,10,10,10,8,8,9,8,9
1,2,4,18,2,16,10,0,0.12,1,30,2,20,25,15,15,15,10,0,8,7,7,6,6,3,6,6,2,26,8,2,8,9,2,4,1,7,8,7,8,8,6,4,8,5,8,8,8,5,8,8,8,6,3,6,40,5,20,10,10,15,40,5,10,20,15,10,8,8,8,9,9,0,6,7,8,8,7,7,7,5,2,7,3,3,50,5,20,10,5,10,8,8,9,8,9,1,0,0,40,10,20,10,10,10,8,8,9,8,9
1,2,4,18,7,3,11,0,0.13,1,22,2,15,20,20,20,5,20,0,7,6,6,5,5,3,5,4,2,26,8,2,8,9,2,4,1,7,8,7,8,8,6,4,8,5,8,8,8,5,8,8,8,6,3,6,40,5,20,10,10,15,40,5,10,20,15,10,8,8,8,9,9,0,6,7,7,7,7,6,7,5,2,7,3,3,50,5,20,10,5,10,8,8,9,8,9,1,0,0,40,10,20,10,10,10,8,8,9,8,9
1,2,4,18,9,5,12,0,0.62,1,23,2,15,15,20,15,15,20,0,3,5,6,4,7,1,2,6,2,26,8,2,8,9,2,4,1,7,8,7,8,8,6,4,8,5,8,8,8,5,8,8,8,6,3,6,40,5,20,10,10,15,40,5,10,20,15,10,8,8,8,9,9,1,8,7,7,7,7,8,8,7,2,7,3,3,50,5,20,10,5,10,8,8,9,8,9,1,0,0,40,10,20,10,10,10,8,8,9,8,9
1,2,4,18,8,4,13,0,0.34,1,23,2,15,15,20,15,20,15,0,6,7,7,6,10,3,4,7,2,26,8,2,8,9,2,4,1,7,8,7,8,8,6,4,8,5,8,8,8,5,8,8,8,6,3,6,40,5,20,10,10,15,40,5,10,20,15,10,8,8,8,9,9,0,7,6,7,6,7,6,7,5,2,7,3,3,50,5,20,10,5,10,8,8,9,8,9,1,0,0,40,10,20,10,10,10,8,8,9,8,9
1,2,4,18,3,17,14,0,-0.19,1,27,2,25,15,20,20,20,0,0,8,9,8,7,8,5,8,5,2,26,8,2,8,9,2,4,1,7,8,7,8,8,6,4,8,5,8,8,8,5,8,8,8,6,3,6,40,5,20,10,10,15,40,5,10,20,15,10,8,8,8,9,9,1,8,7,8,7,8,5,7,6,2,7,3,3,50,5,20,10,5,10,8,8,9,8,9,1,0,0,40,10,20,10,10,10,8,8,9,8,9
1,2,4,18,4,18,15,0,-0.05,0,23,4,15,21,18,18,10,18,0,4,8,5,6,4,4,4,0,2,26,8,2,8,9,2,4,1,7,8,7,8,8,6,4,8,5,8,8,8,5,8,8,8,6,3,6,40,5,20,10,10,15,40,5,10,20,15,10,8,8,8,9,9,0,6,7,8,5,5,5,5,3,2,7,3,3,50,5,20,10,5,10,8,8,9,8,9,1,0,0,40,10,20,10,10,10,8,8,9,8,9
1,2,4,18,17,13,17,0,0.2,1,29,2,10,20,20,20,20,10,0,8,7,8,5,8,5,5,3,2,26,8,2,8,9,2,4,1,7,8,7,8,8,6,4,8,5,8,8,8,5,8,8,8,6,3,6,40,5,20,10,10,15,40,5,10,20,15,10,8,8,8,9,9,0,6,6,6,6,6,6,6,3,2,7,3,3,50,5,20,10,5,10,8,8,9,8,9,1,0,0,40,10,20,10,10,10,8,8,9,8,9
1,2,4,18,18,14,18,0,-0.06,1,29,2,14,20,18,24,18,6,1,7,7,7,7,7,7,7,6,2,26,8,2,8,9,2,4,1,7,8,7,8,8,6,4,8,5,8,8,8,5,8,8,8,6,3,6,40,5,20,10,10,15,40,5,10,20,15,10,8,8,8,9,9,0,6,7,7,8,7,6,7,5,2,7,3,3,50,5,20,10,5,10,8,8,9,8,9,1,0,0,40,10,20,10,10,10,8,8,9,8,9
1,2,4,18,10,18,2,1,-0.28,0,22,2,15,20,20,20,15,10,1,7,7,8,10,9,8,9,5,2,25,1,1,1,1,2,7,1,1,9,9,6,8,5,5,3,4,7,8,6,6,7,4,7,5,5,5,30,15,20,20,0,5,25,15,20,15,10,15,8,7,9,8,6,1,8,7,8,8,7,7,7,3,2,6,1,3,30,10,20,20,10,10,8,6,8,9,5,8,6,1,40,10,20,20,5,5,8,7,8,9,7
1,2,4,18,16,6,3,0,-0.2,0,23,3,10,25,20,10,20,15,1,7,9,9,7,9,7,7,1,2,25,1,1,1,1,2,7,1,1,9,9,6,8,5,5,3,4,7,8,6,6,7,4,7,5,5,5,30,15,20,20,0,5,25,15,20,15,10,15,8,7,9,8,6,0,5,8,8,6,4,6,5,2,2,6,1,3,30,10,20,20,10,10,8,6,8,9,5,8,6,1,40,10,20,20,5,5,8,7,8,9,7
1,2,4,18,15,5,4,0,0.03,0,26,4,10,20,15,20,20,15,1,6,6,6,6,6,6,6,5,2,25,1,1,1,1,2,7,1,1,9,9,6,8,5,5,3,4,7,8,6,6,7,4,7,5,5,5,30,15,20,20,0,5,25,15,20,15,10,15,8,7,9,8,6,0,5,9,8,9,5,6,5,2,2,6,1,3,30,10,20,20,10,10,8,6,8,9,5,8,6,1,40,10,20,20,5,5,8,7,8,9,7
1,2,4,18,14,4,5,1,0.31,0,27,4,10,20,20,10,20,20,1,8,8,9,9,8,8,9,8,2,25,1,1,1,1,2,7,1,1,9,9,6,8,5,5,3,4,7,8,6,6,7,4,7,5,5,5,30,15,20,20,0,5,25,15,20,15,10,15,8,7,9,8,6,1,6,9,9,6,5,7,5,1,2,6,1,3,30,10,20,20,10,10,8,6,8,9,5,8,6,1,40,10,20,20,5,5,8,7,8,9,7
1,2,4,18,1,9,6,0,-0.02,0,28,2,10,10,20,20,20,20,0,9,9,9,8,2,7,7,7,2,25,1,1,1,1,2,7,1,1,9,9,6,8,5,5,3,4,7,8,6,6,7,4,7,5,5,5,30,15,20,20,0,5,25,15,20,15,10,15,8,7,9,8,6,1,8,7,9,8,10,5,7,1,2,6,1,3,30,10,20,20,10,10,8,6,8,9,5,8,6,1,40,10,20,20,5,5,8,7,8,9,7
1,2,4,18,6,14,7,1,-0.08,0,25,6,20,20,20,20,10,10,1,7,9,9,10,9,8,9,8,2,25,1,1,1,1,2,7,1,1,9,9,6,8,5,5,3,4,7,8,6,6,7,4,7,5,5,5,30,15,20,20,0,5,25,15,20,15,10,15,8,7,9,8,6,1,8,7,7,6,7,6,7,4,2,6,1,3,30,10,20,20,10,10,8,6,8,9,5,8,6,1,40,10,20,20,5,5,8,7,8,9,7
1,2,4,18,12,2,8,0,0.09,0,35,3,10,32,20,12,11,15,0,5,10,8,8,8,8,4,3,2,25,1,1,1,1,2,7,1,1,9,9,6,8,5,5,3,4,7,8,6,6,7,4,7,5,5,5,30,15,20,20,0,5,25,15,20,15,10,15,8,7,9,8,6,1,8,9,8,7,5,8,6,3,2,6,1,3,30,10,20,20,10,10,8,6,8,9,5,8,6,1,40,10,20,20,5,5,8,7,8,9,7
1,2,4,18,13,3,9,1,0.17,0,32,3,30,30,30,5,0,5,1,5,5,7,8,7,5,7,5,2,25,1,1,1,1,2,7,1,1,9,9,6,8,5,5,3,4,7,8,6,6,7,4,7,5,5,5,30,15,20,20,0,5,25,15,20,15,10,15,8,7,9,8,6,1,7,9,9,8,7,9,6,4,2,6,1,3,30,10,20,20,10,10,8,6,8,9,5,8,6,1,40,10,20,20,5,5,8,7,8,9,7
1,2,4,18,2,10,10,0,-0.14,0,30,2,20,25,15,15,15,10,0,8,8,8,6,6,2,6,4,2,25,1,1,1,1,2,7,1,1,9,9,6,8,5,5,3,4,7,8,6,6,7,4,7,5,5,5,30,15,20,20,0,5,25,15,20,15,10,15,8,7,9,8,6,1,7,7,8,7,6,7,6,4,2,6,1,3,30,10,20,20,10,10,8,6,8,9,5,8,6,1,40,10,20,20,5,5,8,7,8,9,7
1,2,4,18,7,15,11,1,-0.06,0,22,2,15,20,20,20,5,20,1,7,8,8,8,8,6,7,6,2,25,1,1,1,1,2,7,1,1,9,9,6,8,5,5,3,4,7,8,6,6,7,4,7,5,5,5,30,15,20,20,0,5,25,15,20,15,10,15,8,7,9,8,6,1,8,8,8,8,7,6,7,5,2,6,1,3,30,10,20,20,10,10,8,6,8,9,5,8,6,1,40,10,20,20,5,5,8,7,8,9,7
1,2,4,18,9,17,12,0,0.27,0,23,2,15,15,20,15,15,20,0,1,6,7,7,9,4,2,5,2,25,1,1,1,1,2,7,1,1,9,9,6,8,5,5,3,4,7,8,6,6,7,4,7,5,5,5,30,15,20,20,0,5,25,15,20,15,10,15,8,7,9,8,6,1,8,7,7,6,7,5,7,1,2,6,1,3,30,10,20,20,10,10,8,6,8,9,5,8,6,1,40,10,20,20,5,5,8,7,8,9,7
1,2,4,18,8,16,13,0,0.15,0,23,2,15,15,20,15,20,15,0,6,9,10,10,10,8,8,6,2,25,1,1,1,1,2,7,1,1,9,9,6,8,5,5,3,4,7,8,6,6,7,4,7,5,5,5,30,15,20,20,0,5,25,15,20,15,10,15,8,7,9,8,6,1,7,8,8,8,7,7,7,5,2,6,1,3,30,10,20,20,10,10,8,6,8,9,5,8,6,1,40,10,20,20,5,5,8,7,8,9,7
1,2,4,18,3,11,14,0,-0.22,0,27,2,25,15,20,20,20,0,0,6,9,9,7,7,5,5,5,2,25,1,1,1,1,2,7,1,1,9,9,6,8,5,5,3,4,7,8,6,6,7,4,7,5,5,5,30,15,20,20,0,5,25,15,20,15,10,15,8,7,9,8,6,1,7,8,9,6,8,5,7,5,2,6,1,3,30,10,20,20,10,10,8,6,8,9,5,8,6,1,40,10,20,20,5,5,8,7,8,9,7
1,2,4,18,4,12,15,0,0.28,0,23,4,15,21,18,18,10,18,0,5,7,6,7,7,6,5,4,2,25,1,1,1,1,2,7,1,1,9,9,6,8,5,5,3,4,7,8,6,6,7,4,7,5,5,5,30,15,20,20,0,5,25,15,20,15,10,15,8,7,9,8,6,0,6,7,7,5,6,5,6,3,2,6,1,3,30,10,20,20,10,10,8,6,8,9,5,8,6,1,40,10,20,20,5,5,8,7,8,9,7
1,2,4,18,17,7,17,1,0.03,0,29,2,10,20,20,20,20,10,1,7,8,9,9,8,8,7,6,2,25,1,1,1,1,2,7,1,1,9,9,6,8,5,5,3,4,7,8,6,6,7,4,7,5,5,5,30,15,20,20,0,5,25,15,20,15,10,15,8,7,9,8,6,1,8,7,8,7,6,6,7,3,2,6,1,3,30,10,20,20,10,10,8,6,8,9,5,8,6,1,40,10,20,20,5,5,8,7,8,9,7
1,2,4,18,18,8,18,0,-0.36,0,29,2,14,20,18,24,18,6,0,7,7,7,7,7,6,7,6,2,25,1,1,1,1,2,7,1,1,9,9,6,8,5,5,3,4,7,8,6,6,7,4,7,5,5,5,30,15,20,20,0,5,25,15,20,15,10,15,8,7,9,8,6,1,8,7,8,7,6,5,7,4,2,6,1,3,30,10,20,20,10,10,8,6,8,9,5,8,6,1,40,10,20,20,5,5,8,7,8,9,7
1,2,4,18,15,13,4,0,0.24,0,26,4,10,20,15,20,20,15,0,5,5,5,5,5,5,5,5,2,22,1,3,1,3,5,7,3,1,2,4,2,9,6,5,4,9,2,9,8,7,9,2,8,5,3,5,10,20,35,10,5,20,20,15,20,20,5,20,4,7,3,9,2,1,8,10,10,6,9,8,9,2,2,8,3,3,15,30,30,10,5,10,5,9,9,5,2,0,1,1,20,20,35,5,10,10,3,7,9,3,4
1,2,4,18,1,17,6,0,0.09,0,28,2,10,10,20,20,20,20,0,4,9,8,9,8,3,7,2,2,22,1,3,1,3,5,7,3,1,2,4,2,9,6,5,4,9,2,9,8,7,9,2,8,5,3,5,10,20,35,10,5,20,20,15,20,20,5,20,4,7,3,9,2,0,9,5,6,3,10,9,3,7,2,8,3,3,15,30,30,10,5,10,5,9,9,5,2,0,1,1,20,20,35,5,10,10,3,7,9,3,4
1,2,4,18,12,10,8,0,0.17,1,35,3,10,32,20,12,11,15,0,5,8,8,8,8,8,4,3,2,22,1,3,1,3,5,7,3,1,2,4,2,9,6,5,4,9,2,9,8,7,9,2,8,5,3,5,10,20,35,10,5,20,20,15,20,20,5,20,4,7,3,9,2,1,10,10,10,10,10,10,10,7,2,8,3,3,15,30,30,10,5,10,5,9,9,5,2,0,1,1,20,20,35,5,10,10,3,7,9,3,4
1,2,4,18,13,11,9,0,-0.06,1,32,3,30,30,30,5,0,5,0,4,6,8,6,5,5,5,4,2,22,1,3,1,3,5,7,3,1,2,4,2,9,6,5,4,9,2,9,8,7,9,2,8,5,3,5,10,20,35,10,5,20,20,15,20,20,5,20,4,7,3,9,2,1,10,10,10,8,8,8,10,6,2,8,3,3,15,30,30,10,5,10,5,9,9,5,2,0,1,1,20,20,35,5,10,10,3,7,9,3,4
1,2,4,18,7,5,11,0,0.21,0,22,2,15,20,20,20,5,20,1,5,7,7,7,7,6,7,7,2,22,1,3,1,3,5,7,3,1,2,4,2,9,6,5,4,9,2,9,8,7,9,2,8,5,3,5,10,20,35,10,5,20,20,15,20,20,5,20,4,7,3,9,2,0,8,6,7,8,9,1,7,6,2,8,3,3,15,30,30,10,5,10,5,9,9,5,2,0,1,1,20,20,35,5,10,10,3,7,9,3,4
1,2,4,18,8,6,13,0,0.18,0,23,2,15,15,20,15,20,15,0,2,10,10,2,2,3,7,2,2,22,1,3,1,3,5,7,3,1,2,4,2,9,6,5,4,9,2,9,8,7,9,2,8,5,3,5,10,20,35,10,5,20,20,15,20,20,5,20,4,7,3,9,2,1,8,10,8,8,6,5,7,3,2,8,3,3,15,30,30,10,5,10,5,9,9,5,2,0,1,1,20,20,35,5,10,10,3,7,9,3,4
1,2,4,18,18,16,18,0,0.37,0,29,2,14,20,18,24,18,6,0,7,7,7,7,7,7,7,6,2,22,1,3,1,3,5,7,3,1,2,4,2,9,6,5,4,9,2,9,8,7,9,2,8,5,3,5,10,20,35,10,5,20,20,15,20,20,5,20,4,7,3,9,2,1,9,10,10,8,8,8,10,6,2,8,3,3,15,30,30,10,5,10,5,9,9,5,2,0,1,1,20,20,35,5,10,10,3,7,9,3,4
1,2,4,18,5,16,1,0,0.32,1,34,2,10,10,30,20,10,20,1,5,5,5,5,8,8,5,5,2,24,5,2,1,1,1,6,3,5,7,3,4,5,6,7,3,2,5,7,3,7,7,4,6,2,2,5,10,20,35,20,0,15,25,25,15,15,10,10,4,8,3,7,2,0,7,7,8,7,5,8,6,5,2,7,1,2,10,10,40,30,0,10,3,8,6,4,2,0,2,1,5,25,45,5,0,20,3,5,6,2,2
1,2,4,18,10,3,2,0,0.41,1,22,2,15,20,20,20,15,10,1,9,7,7,9,6,5,8,6,2,24,5,2,1,1,1,6,3,5,7,3,4,5,6,7,3,2,5,7,3,7,7,4,6,2,2,5,10,20,35,20,0,15,25,25,15,15,10,10,4,8,3,7,2,0,9,6,7,6,5,3,5,2,2,7,1,2,10,10,40,30,0,10,3,8,6,4,2,0,2,1,5,25,45,5,0,20,3,5,6,2,2
1,2,4,18,16,9,3,0,0.51,0,23,3,10,25,20,10,20,15,0,7,4,7,2,2,2,5,1,2,24,5,2,1,1,1,6,3,5,7,3,4,5,6,7,3,2,5,7,3,7,7,4,6,2,2,5,10,20,35,20,0,15,25,25,15,15,10,10,4,8,3,7,2,0,7,7,5,5,4,3,5,3,2,7,1,2,10,10,40,30,0,10,3,8,6,4,2,0,2,1,5,25,45,5,0,20,3,5,6,2,2
1,2,4,18,15,8,4,1,0.6,0,26,4,10,20,15,20,20,15,1,6,6,6,6,6,6,7,5,1,24,5,2,1,1,1,6,3,5,7,3,4,5,6,7,3,2,5,7,3,7,7,4,6,2,2,5,10,20,35,20,0,15,25,25,15,15,10,10,4,8,3,7,2,1,7,8,7,7,4,7,7,5,1,7,1,2,10,10,40,30,0,10,3,8,6,4,2,0,2,1,5,25,45,5,0,20,3,5,6,2,2
1,2,4,18,14,7,5,0,0.31,0,27,4,10,20,20,10,20,20,1,8,8,8,8,8,8,8,8,2,24,5,2,1,1,1,6,3,5,7,3,4,5,6,7,3,2,5,7,3,7,7,4,6,2,2,5,10,20,35,20,0,15,25,25,15,15,10,10,4,8,3,7,2,0,6,8,8,7,6,2,6,6,2,7,1,2,10,10,40,30,0,10,3,8,6,4,2,0,2,1,5,25,45,5,0,20,3,5,6,2,2
1,2,4,18,1,12,6,1,0.55,1,28,2,10,10,20,20,20,20,1,7,7,7,8,7,7,8,9,2,24,5,2,1,1,1,6,3,5,7,3,4,5,6,7,3,2,5,7,3,7,7,4,6,2,2,5,10,20,35,20,0,15,25,25,15,15,10,10,4,8,3,7,2,1,8,7,6,7,6,6,7,5,2,7,1,2,10,10,40,30,0,10,3,8,6,4,2,0,2,1,5,25,45,5,0,20,3,5,6,2,2
1,2,4,18,6,17,7,0,0.56,0,25,6,20,20,20,20,10,10,1,7,10,10,10,8,10,8,8,2,24,5,2,1,1,1,6,3,5,7,3,4,5,6,7,3,2,5,7,3,7,7,4,6,2,2,5,10,20,35,20,0,15,25,25,15,15,10,10,4,8,3,7,2,0,6,7,6,7,5,4,6,4,2,7,1,2,10,10,40,30,0,10,3,8,6,4,2,0,2,1,5,25,45,5,0,20,3,5,6,2,2
1,2,4,18,12,5,8,0,0.83,0,35,3,10,32,20,12,11,15,0,5,7,9,6,7,5,5,4,2,24,5,2,1,1,1,6,3,5,7,3,4,5,6,7,3,2,5,7,3,7,7,4,6,2,2,5,10,20,35,20,0,15,25,25,15,15,10,10,4,8,3,7,2,0,6,7,5,7,6,4,6,5,2,7,1,2,10,10,40,30,0,10,3,8,6,4,2,0,2,1,5,25,45,5,0,20,3,5,6,2,2
1,2,4,18,13,6,9,1,0.76,0,32,3,30,30,30,5,0,5,1,4,0,8,7,7,6,7,7,2,24,5,2,1,1,1,6,3,5,7,3,4,5,6,7,3,2,5,7,3,7,7,4,6,2,2,5,10,20,35,20,0,15,25,25,15,15,10,10,4,8,3,7,2,1,7,8,9,8,8,5,7,5,2,7,1,2,10,10,40,30,0,10,3,8,6,4,2,0,2,1,5,25,45,5,0,20,3,5,6,2,2
1,2,4,18,2,13,10,0,0.33,1,30,2,20,25,15,15,15,10,0,6,6,6,4,6,1,5,5,2,24,5,2,1,1,1,6,3,5,7,3,4,5,6,7,3,2,5,7,3,7,7,4,6,2,2,5,10,20,35,20,0,15,25,25,15,15,10,10,4,8,3,7,2,0,7,7,6,5,4,3,5,3,2,7,1,2,10,10,40,30,0,10,3,8,6,4,2,0,2,1,5,25,45,5,0,20,3,5,6,2,2
1,2,4,18,7,18,11,1,0.44,1,22,2,15,20,20,20,5,20,1,10,8,6,7,10,5,9,4,2,24,5,2,1,1,1,6,3,5,7,3,4,5,6,7,3,2,5,7,3,7,7,4,6,2,2,5,10,20,35,20,0,15,25,25,15,15,10,10,4,8,3,7,2,1,8,6,8,7,7,5,8,2,2,7,1,2,10,10,40,30,0,10,3,8,6,4,2,0,2,1,5,25,45,5,0,20,3,5,6,2,2
1,2,4,18,9,2,12,0,0.55,1,23,2,15,15,20,15,15,20,0,7,9,7,6,7,5,5,9,2,24,5,2,1,1,1,6,3,5,7,3,4,5,6,7,3,2,5,7,3,7,7,4,6,2,2,5,10,20,35,20,0,15,25,25,15,15,10,10,4,8,3,7,2,0,7,7,6,6,7,3,5,4,2,7,1,2,10,10,40,30,0,10,3,8,6,4,2,0,2,1,5,25,45,5,0,20,3,5,6,2,2
1,2,4,18,8,1,13,0,0.31,1,23,2,15,15,20,15,20,15,0,8,10,10,5,10,8,7,8,2,24,5,2,1,1,1,6,3,5,7,3,4,5,6,7,3,2,5,7,3,7,7,4,6,2,2,5,10,20,35,20,0,15,25,25,15,15,10,10,4,8,3,7,2,1,8,9,7,8,5,4,7,6,2,7,1,2,10,10,40,30,0,10,3,8,6,4,2,0,2,1,5,25,45,5,0,20,3,5,6,2,2
1,2,4,18,3,14,14,0,0.39,1,27,2,25,15,20,20,20,0,0,9,9,8,10,8,7,8,5,2,24,5,2,1,1,1,6,3,5,7,3,4,5,6,7,3,2,5,7,3,7,7,4,6,2,2,5,10,20,35,20,0,15,25,25,15,15,10,10,4,8,3,7,2,0,6,5,7,6,6,4,5,3,2,7,1,2,10,10,40,30,0,10,3,8,6,4,2,0,2,1,5,25,45,5,0,20,3,5,6,2,2
1,2,4,18,4,15,15,0,0.52,0,23,4,15,21,18,18,10,18,1,7,7,6,6,4,5,7,2,2,24,5,2,1,1,1,6,3,5,7,3,4,5,6,7,3,2,5,7,3,7,7,4,6,2,2,5,10,20,35,20,0,15,25,25,15,15,10,10,4,8,3,7,2,0,6,8,7,6,5,3,5,4,2,7,1,2,10,10,40,30,0,10,3,8,6,4,2,0,2,1,5,25,45,5,0,20,3,5,6,2,2
1,2,4,18,11,4,16,0,0.39,0,25,6,15,3,50,20,2,10,0,9,7,8,7,6,7,3,2,2,24,5,2,1,1,1,6,3,5,7,3,4,5,6,7,3,2,5,7,3,7,7,4,6,2,2,5,10,20,35,20,0,15,25,25,15,15,10,10,4,8,3,7,2,1,8,7,7,9,8,4,7,5,2,7,1,2,10,10,40,30,0,10,3,8,6,4,2,0,2,1,5,25,45,5,0,20,3,5,6,2,2
1,2,4,18,17,10,17,0,0.72,1,29,2,10,20,20,20,20,10,1,8,9,10,9,8,9,8,9,2,24,5,2,1,1,1,6,3,5,7,3,4,5,6,7,3,2,5,7,3,7,7,4,6,2,2,5,10,20,35,20,0,15,25,25,15,15,10,10,4,8,3,7,2,0,8,7,6,6,8,2,6,4,2,7,1,2,10,10,40,30,0,10,3,8,6,4,2,0,2,1,5,25,45,5,0,20,3,5,6,2,2
1,2,4,18,18,11,18,0,0.09,1,29,2,14,20,18,24,18,6,0,7,7,7,7,7,6,7,4,2,24,5,2,1,1,1,6,3,5,7,3,4,5,6,7,3,2,5,7,3,7,7,4,6,2,2,5,10,20,35,20,0,15,25,25,15,15,10,10,4,8,3,7,2,1,8,8,7,7,6,4,7,4,2,7,1,2,10,10,40,30,0,10,3,8,6,4,2,0,2,1,5,25,45,5,0,20,3,5,6,2,2
1,2,4,18,10,12,2,0,0.76,1,22,2,15,20,20,20,15,10,1,8,9,8,9,9,8,8,4,2,28,14,2,4,6,2,6,1,6,4,3,8,7,7,9,8,2,3,7,5,7,9,7,8,3,6,6,20,20,15,15,5,25,20,20,15,15,5,25,7,9,8,8,7,0,6,7,8,6,9,8,5,3,2,6,1,2,30,10,10,20,10,20,7,9,9,8,8,1,0,0,20,15,20,15,15,15,8,6,10,8,8
1,2,4,18,1,3,6,0,0.67,1,28,2,10,10,20,20,20,20,0,6,6,7,6,7,6,6,2,2,28,14,2,4,6,2,6,1,6,4,3,8,7,7,9,8,2,3,7,5,7,9,7,8,3,6,6,20,20,15,15,5,25,20,20,15,15,5,25,7,9,8,8,7,0,5,5,8,5,10,5,4,2,2,6,1,2,30,10,10,20,10,20,7,9,9,8,8,1,0,0,20,15,20,15,15,15,8,6,10,8,8
1,2,4,18,6,8,7,0,0.76,0,25,6,20,20,20,20,10,10,0,7,8,8,9,8,6,8,7,2,28,14,2,4,6,2,6,1,6,4,3,8,7,7,9,8,2,3,7,5,7,9,7,8,3,6,6,20,20,15,15,5,25,20,20,15,15,5,25,7,9,8,8,7,0,6,8,9,8,6,7,5,5,2,6,1,2,30,10,10,20,10,20,7,9,9,8,8,1,0,0,20,15,20,15,15,15,8,6,10,8,8
1,2,4,18,7,9,11,1,0.5,1,22,2,15,20,20,20,5,20,1,8,7,7,7,7,8,8,6,2,28,14,2,4,6,2,6,1,6,4,3,8,7,7,9,8,2,3,7,5,7,9,7,8,3,6,6,20,20,15,15,5,25,20,20,15,15,5,25,7,9,8,8,7,1,7,8,9,8,7,8,8,6,2,6,1,2,30,10,10,20,10,20,7,9,9,8,8,1,0,0,20,15,20,15,15,15,8,6,10,8,8
1,2,4,18,8,10,13,0,0.52,1,23,2,15,15,20,15,20,15,0,4,10,10,10,10,8,7,8,2,28,14,2,4,6,2,6,1,6,4,3,8,7,7,9,8,2,3,7,5,7,9,7,8,3,6,6,20,20,15,15,5,25,20,20,15,15,5,25,7,9,8,8,7,0,6,8,8,7,6,6,6,5,2,6,1,2,30,10,10,20,10,20,7,9,9,8,8,1,0,0,20,15,20,15,15,15,8,6,10,8,8
1,2,4,18,3,5,14,0,0.36,1,27,2,25,15,20,20,20,0,0,7,10,10,10,7,6,8,5,2,28,14,2,4,6,2,6,1,6,4,3,8,7,7,9,8,2,3,7,5,7,9,7,8,3,6,6,20,20,15,15,5,25,20,20,15,15,5,25,7,9,8,8,7,0,5,7,8,5,9,6,6,6,2,6,1,2,30,10,10,20,10,20,7,9,9,8,8,1,0,0,20,15,20,15,15,15,8,6,10,8,8
1,2,4,18,18,2,18,0,0.31,1,29,2,14,20,18,24,18,6,0,7,7,7,6,6,6,7,6,2,28,14,2,4,6,2,6,1,6,4,3,8,7,7,9,8,2,3,7,5,7,9,7,8,3,6,6,20,20,15,15,5,25,20,20,15,15,5,25,7,9,8,8,7,0,5,7,8,7,8,8,5,6,2,6,1,2,30,10,10,20,10,20,7,9,9,8,8,1,0,0,20,15,20,15,15,15,8,6,10,8,8
0,1,5,10,9,1,1,0,0.08,0,22,6,40,15,10,20,5,10,0,10,10,10,10,10,10,10,1,1,21,8,2,3,8,1,4,1,10,5,3,7,10,9,8,7,2,6,8,7,10,10,9,10,10,7,7,15,15,25,25,15,5,30,5,15,25,10,20,8,10,10,8,9,1,8,10,9,10,5,5,8,1,1,6,3,3,10,20,15,25,5,30,8,7,8,10,7,0,1,1,10,20,15,25,10,20,8,9,9,10,7
0,1,5,10,9,5,2,0,-0.22,0,18,4,50,10,20,5,5,10,0,6,5,5,4,4,5,4,2,2,21,8,2,3,8,1,4,1,10,5,3,7,10,9,8,7,2,6,8,7,10,10,9,10,10,7,7,15,15,25,25,15,5,30,5,15,25,10,20,8,10,10,8,9,0,5,9,6,5,5,2,4,6,2,6,3,3,10,20,15,25,5,30,8,7,8,10,7,0,1,1,10,20,15,25,10,20,8,9,9,10,7
0,1,5,10,9,8,3,0,0.85,0,22,4,40,10,10,10,10,20,1,7,6,7,5,5,8,8,8,2,21,8,2,3,8,1,4,1,10,5,3,7,10,9,8,7,2,6,8,7,10,10,9,10,10,7,7,15,15,25,25,15,5,30,5,15,25,10,20,8,10,10,8,9,0,5,9,8,1,10,1,1,4,2,6,3,3,10,20,15,25,5,30,8,7,8,10,7,0,1,1,10,20,15,25,10,20,8,9,9,10,7
0,1,5,10,9,3,4,1,0.76,1,21,2,20,15,20,15,12,18,1,8,8,7,7,7,6,7,5,1,21,8,2,3,8,1,4,1,10,5,3,7,10,9,8,7,2,6,8,7,10,10,9,10,10,7,7,15,15,25,25,15,5,30,5,15,25,10,20,8,10,10,8,9,1,10,9,10,10,10,7,9,2,1,6,3,3,10,20,15,25,5,30,8,7,8,10,7,0,1,1,10,20,15,25,10,20,8,9,9,10,7
0,1,5,10,9,6,5,1,0.44,1,22,2,25,40,15,10,5,5,1,6,8,9,9,8,6,7,8,2,21,8,2,3,8,1,4,1,10,5,3,7,10,9,8,7,2,6,8,7,10,10,9,10,10,7,7,15,15,25,25,15,5,30,5,15,25,10,20,8,10,10,8,9,1,6,9,8,7,7,6,7,7,2,6,3,3,10,20,15,25,5,30,8,7,8,10,7,0,1,1,10,20,15,25,10,20,8,9,9,10,7
0,1,5,10,9,2,6,0,-0.28,1,22,2,25,25,25,15,5,5,0,5,5,5,5,5,5,5,8,2,21,8,2,3,8,1,4,1,10,5,3,7,10,9,8,7,2,6,8,7,10,10,9,10,10,7,7,15,15,25,25,15,5,30,5,15,25,10,20,8,10,10,8,9,1,9,9,8,10,7,8,9,7,2,6,3,3,10,20,15,25,5,30,8,7,8,10,7,0,1,1,10,20,15,25,10,20,8,9,9,10,7
0,1,5,10,9,4,7,1,-0.09,1,21,2,40,15,10,20,10,5,1,7,9,9,8,8,8,7,8,2,21,8,2,3,8,1,4,1,10,5,3,7,10,9,8,7,2,6,8,7,10,10,9,10,10,7,7,15,15,25,25,15,5,30,5,15,25,10,20,8,10,10,8,9,1,6,10,9,8,7,4,6,8,2,6,3,3,10,20,15,25,5,30,8,7,8,10,7,0,1,1,10,20,15,25,10,20,8,9,9,10,7
0,1,5,10,9,9,10,0,0.45,0,19,4,25,10,20,20,10,15,0,5,5,5,5,5,5,5,1,2,21,8,2,3,8,1,4,1,10,5,3,7,10,9,8,7,2,6,8,7,10,10,9,10,10,7,7,15,15,25,25,15,5,30,5,15,25,10,20,8,10,10,8,9,0,4,9,8,3,6,2,3,5,2,6,3,3,10,20,15,25,5,30,8,7,8,10,7,0,1,1,10,20,15,25,10,20,8,9,9,10,7
0,1,5,10,1,3,1,0,-0.05,0,22,6,40,15,10,20,5,10,0,10,10,10,10,10,10,10,1,1,21,3,2,10,7,1,5,1,3,2,2,8,7,3,3,1,1,8,10,2,2,6,4,7,8,1,3,20,10,30,20,15,5,40,10,20,20,0,10,8,7,8,9,8,0,10,10,10,10,10,10,10,1,1,6,3,2,20,5,30,20,10,15,8,8,9,8,7,0,0,0,20,10,30,20,10,10,9,8,10,9,8
0,1,5,10,1,7,2,0,0.07,0,18,4,50,10,20,5,5,10,0,4,5,4,4,5,4,4,2,2,21,3,2,10,7,1,5,1,3,2,2,8,7,3,3,1,1,8,10,2,2,6,4,7,8,1,3,20,10,30,20,15,5,40,10,20,20,0,10,8,7,8,9,8,0,6,10,10,7,6,5,5,8,2,6,3,2,20,5,30,20,10,15,8,8,9,8,7,0,0,0,20,10,30,20,10,10,9,8,10,9,8
0,1,5,10,1,10,3,0,0.58,0,22,4,40,10,10,10,10,20,1,6,2,4,4,4,6,6,6,1,21,3,2,10,7,1,5,1,3,2,2,8,7,3,3,1,1,8,10,2,2,6,4,7,8,1,3,20,10,30,20,15,5,40,10,20,20,0,10,8,7,8,9,8,0,2,10,10,2,10,2,2,6,1,6,3,2,20,5,30,20,10,15,8,8,9,8,7,0,0,0,20,10,30,20,10,10,9,8,10,9,8
0,1,5,10,1,5,4,1,0.71,1,21,2,20,15,20,15,12,18,1,10,10,9,10,9,10,10,10,1,21,3,2,10,7,1,5,1,3,2,2,8,7,3,3,1,1,8,10,2,2,6,4,7,8,1,3,20,10,30,20,15,5,40,10,20,20,0,10,8,7,8,9,8,1,10,10,10,10,10,10,10,10,1,6,3,2,20,5,30,20,10,15,8,8,9,8,7,0,0,0,20,10,30,20,10,10,9,8,10,9,8
0,1,5,10,1,8,5,0,0.4,1,22,2,25,40,15,10,5,5,0,5,7,6,6,6,5,5,5,2,21,3,2,10,7,1,5,1,3,2,2,8,7,3,3,1,1,8,10,2,2,6,4,7,8,1,3,20,10,30,20,15,5,40,10,20,20,0,10,8,7,8,9,8,0,6,10,10,8,10,6,8,8,2,6,3,2,20,5,30,20,10,15,8,8,9,8,7,0,0,0,20,10,30,20,10,10,9,8,10,9,8
0,1,5,10,1,4,6,1,-0.09,1,22,2,25,25,25,15,5,5,1,7,3,7,10,7,8,7,10,1,21,3,2,10,7,1,5,1,3,2,2,8,7,3,3,1,1,8,10,2,2,6,4,7,8,1,3,20,10,30,20,15,5,40,10,20,20,0,10,8,7,8,9,8,1,8,5,9,9,10,8,7,7,1,6,3,2,20,5,30,20,10,15,8,8,9,8,7,0,0,0,20,10,30,20,10,10,9,8,10,9,8
0,1,5,10,1,6,7,1,-0.13,1,21,2,40,15,10,20,10,5,1,9,7,6,10,8,7,8,9,2,21,3,2,10,7,1,5,1,3,2,2,8,7,3,3,1,1,8,10,2,2,6,4,7,8,1,3,20,10,30,20,15,5,40,10,20,20,0,10,8,7,8,9,8,1,9,10,9,8,8,7,8,8,2,6,3,2,20,5,30,20,10,15,8,8,9,8,7,0,0,0,20,10,30,20,10,10,9,8,10,9,8
0,1,5,10,8,10,1,1,0.08,0,22,6,40,15,10,20,5,10,1,10,10,10,10,10,10,10,10,1,21,13,2,4,1,1,1,1,10,5,4,3,10,10,10,6,4,8,10,10,10,10,10,10,10,8,7,15,15,25,25,20,0,30,5,10,30,5,20,8,9,8,9,9,1,10,10,10,10,10,10,10,10,1,6,3,3,30,10,10,30,10,10,9,9,8,9,8,0,2,1,15,15,20,20,15,15,8,7,9,8,9
0,1,5,10,8,4,2,0,-0.41,0,18,4,50,10,20,5,5,10,0,6,5,5,4,4,6,4,2,2,21,13,2,4,1,1,1,1,10,5,4,3,10,10,10,6,4,8,10,10,10,10,10,10,10,8,7,15,15,25,25,20,0,30,5,10,30,5,20,8,9,8,9,9,1,7,10,8,8,8,6,8,7,2,6,3,3,30,10,10,30,10,10,9,9,8,9,8,0,2,1,15,15,20,20,15,15,8,7,9,8,9
0,1,5,10,8,7,3,0,0.68,0,22,4,40,10,10,10,10,20,1,5,4,3,2,5,4,7,7,2,21,13,2,4,1,1,1,1,10,5,4,3,10,10,10,6,4,8,10,10,10,10,10,10,10,8,7,15,15,25,25,20,0,30,5,10,30,5,20,8,9,8,9,9,0,4,4,8,2,10,0,3,5,2,6,3,3,30,10,10,30,10,10,9,9,8,9,8,0,2,1,15,15,20,20,15,15,8,7,9,8,9
0,1,5,10,8,2,4,1,0.62,1,21,2,20,15,20,15,12,18,1,10,10,10,10,10,10,10,9,1,21,13,2,4,1,1,1,1,10,5,4,3,10,10,10,6,4,8,10,10,10,10,10,10,10,8,7,15,15,25,25,20,0,30,5,10,30,5,20,8,9,8,9,9,1,10,8,8,9,8,8,10,10,1,6,3,3,30,10,10,30,10,10,9,9,8,9,8,0,2,1,15,15,20,20,15,15,8,7,9,8,9
0,1,5,10,8,5,5,0,0.33,1,22,2,25,40,15,10,5,5,0,7,6,8,9,7,7,7,3,1,21,13,2,4,1,1,1,1,10,5,4,3,10,10,10,6,4,8,10,10,10,10,10,10,10,8,7,15,15,25,25,20,0,30,5,10,30,5,20,8,9,8,9,9,0,6,9,10,7,9,4,7,6,1,6,3,3,30,10,10,30,10,10,9,9,8,9,8,0,2,1,15,15,20,20,15,15,8,7,9,8,9
0,1,5,10,8,1,6,1,-0.42,1,22,2,25,25,25,15,5,5,1,7,7,7,7,5,5,7,8,2,21,13,2,4,1,1,1,1,10,5,4,3,10,10,10,6,4,8,10,10,10,10,10,10,10,8,7,15,15,25,25,20,0,30,5,10,30,5,20,8,9,8,9,9,1,8,6,6,7,5,6,7,6,2,6,3,3,30,10,10,30,10,10,9,9,8,9,8,0,2,1,15,15,20,20,15,15,8,7,9,8,9
0,1,5,10,8,3,7,0,-0.31,1,21,2,40,15,10,20,10,5,1,7,7,7,7,8,6,6,7,2,21,13,2,4,1,1,1,1,10,5,4,3,10,10,10,6,4,8,10,10,10,10,10,10,10,8,7,15,15,25,25,20,0,30,5,10,30,5,20,8,9,8,9,9,0,7,8,8,6,6,3,6,3,2,6,3,3,30,10,10,30,10,10,9,9,8,9,8,0,2,1,15,15,20,20,15,15,8,7,9,8,9
0,1,5,10,8,8,10,0,0.54,0,19,4,25,10,20,20,10,15,0,5,5,5,5,5,5,5,1,2,21,13,2,4,1,1,1,1,10,5,4,3,10,10,10,6,4,8,10,10,10,10,10,10,10,8,7,15,15,25,25,20,0,30,5,10,30,5,20,8,9,8,9,9,0,4,8,7,3,7,0,5,6,2,6,3,3,30,10,10,30,10,10,9,9,8,9,8,0,2,1,15,15,20,20,15,15,8,7,9,8,9
0,1,5,10,2,4,1,0,0.12,0,22,6,40,15,10,20,5,10,0,10,10,10,10,10,10,10,1,1,21,8,2,8,10,1,3,1,7,6,8,6,9,8,6,3,5,8,8,5,6,5,6,5,9,3,6,20,10,20,20,20,10,20,10,15,20,15,20,8,7,8,8,8,1,10,10,10,10,10,10,8,1,1,5,3,1,25,10,25,15,10,15,7,6,7,7,7,0,0,0,18,14,20,18,17,13,7,6,7,7,7
0,1,5,10,2,6,4,1,0.47,1,21,2,20,15,20,15,12,18,1,10,5,6,10,10,10,10,9,1,21,8,2,8,10,1,3,1,7,6,8,6,9,8,6,3,5,8,8,5,6,5,6,5,9,3,6,20,10,20,20,20,10,20,10,15,20,15,20,8,7,8,8,8,1,10,10,10,10,10,10,10,9,1,5,3,1,25,10,25,15,10,15,7,6,7,7,7,0,0,0,18,14,20,18,17,13,7,6,7,7,7
0,1,5,10,2,9,5,0,0.3,1,22,2,25,40,15,10,5,5,0,7,7,7,7,7,8,7,3,2,21,8,2,8,10,1,3,1,7,6,8,6,9,8,6,3,5,8,8,5,6,5,6,5,9,3,6,20,10,20,20,20,10,20,10,15,20,15,20,8,7,8,8,8,0,6,10,9,7,8,6,7,4,1,5,3,1,25,10,25,15,10,15,7,6,7,7,7,0,0,0,18,14,20,18,17,13,7,6,7,7,7
0,1,5,10,2,5,6,0,0,1,22,2,25,25,25,15,5,5,1,7,7,8,8,10,6,7,10,2,21,8,2,8,10,1,3,1,7,6,8,6,9,8,6,3,5,8,8,5,6,5,6,5,9,3,6,20,10,20,20,20,10,20,10,15,20,15,20,8,7,8,8,8,0,8,6,7,6,8,5,7,2,2,5,3,1,25,10,25,15,10,15,7,6,7,7,7,0,0,0,18,14,20,18,17,13,7,6,7,7,7
0,1,5,10,2,7,7,0,-0.5,1,21,2,40,15,10,20,10,5,1,8,8,9,9,7,7,8,8,2,21,8,2,8,10,1,3,1,7,6,8,6,9,8,6,3,5,8,8,5,6,5,6,5,9,3,6,20,10,20,20,20,10,20,10,15,20,15,20,8,7,8,8,8,0,7,8,6,6,6,6,8,1,2,5,3,1,25,10,25,15,10,15,7,6,7,7,7,0,0,0,18,14,20,18,17,13,7,6,7,7,7
0,1,5,10,3,5,1,1,0.4,0,22,6,40,15,10,20,5,10,1,6,7,7,7,7,7,8,9,2,20,6,3,1,4,5,4,3,6,5,4,4,8,7,5,3,1,5,10,6,10,9,6,8,3,5,3,10,10,35,35,8,2,50,1,20,20,2,7,6,8,8,8,9,1,7,8,7,8,8,5,6,8,2,2,1,2,20,10,40,20,5,5,8,9,7,8,8,0,0,0,25,5,25,20,20,5,7,8,9,7,9
0,1,5,10,3,9,2,0,-0.31,0,18,4,50,10,20,5,5,10,0,9,6,8,5,7,4,5,8,1,20,6,3,1,4,5,4,3,6,5,4,4,8,7,5,3,1,5,10,6,10,9,6,8,3,5,3,10,10,35,35,8,2,50,1,20,20,2,7,6,8,8,8,9,0,5,8,6,2,2,2,4,6,2,2,1,2,20,10,40,20,5,5,8,9,7,8,8,0,0,0,25,5,25,20,20,5,7,8,9,7,9
0,1,5,10,3,2,3,0,0.64,0,22,4,40,10,10,10,10,20,0,7,5,6,6,8,7,8,8,2,20,6,3,1,4,5,4,3,6,5,4,4,8,7,5,3,1,5,10,6,10,9,6,8,3,5,3,10,10,35,35,8,2,50,1,20,20,2,7,6,8,8,8,9,0,2,1,4,1,6,0,1,8,2,2,1,2,20,10,40,20,5,5,8,9,7,8,8,0,0,0,25,5,25,20,20,5,7,8,9,7,9
0,1,5,10,3,7,4,1,0.53,0,21,2,20,15,20,15,12,18,1,9,8,7,8,7,7,7,7,2,20,6,3,1,4,5,4,3,6,5,4,4,8,7,5,3,1,5,10,6,10,9,6,8,3,5,3,10,10,35,35,8,2,50,1,20,20,2,7,6,8,8,8,9,1,6,8,8,6,8,5,5,7,2,2,1,2,20,10,40,20,5,5,8,9,7,8,8,0,0,0,25,5,25,20,20,5,7,8,9,7,9
0,1,5,10,3,10,5,0,0.69,0,22,2,25,40,15,10,5,5,1,7,7,7,7,6,8,7,7,2,20,6,3,1,4,5,4,3,6,5,4,4,8,7,5,3,1,5,10,6,10,9,6,8,3,5,3,10,10,35,35,8,2,50,1,20,20,2,7,6,8,8,8,9,0,8,10,8,7,8,6,7,8,2,2,1,2,20,10,40,20,5,5,8,9,7,8,8,0,0,0,25,5,25,20,20,5,7,8,9,7,9
0,1,5,10,3,6,6,0,-0.36,0,22,2,25,25,25,15,5,5,1,8,5,7,8,5,6,7,10,2,20,6,3,1,4,5,4,3,6,5,4,4,8,7,5,3,1,5,10,6,10,9,6,8,3,5,3,10,10,35,35,8,2,50,1,20,20,2,7,6,8,8,8,9,0,9,4,5,2,2,1,2,7,2,2,1,2,20,10,40,20,5,5,8,9,7,8,8,0,0,0,25,5,25,20,20,5,7,8,9,7,9
0,1,5,10,3,8,7,1,0,0,21,2,40,15,10,20,10,5,1,8,8,10,10,8,7,8,8,2,20,6,3,1,4,5,4,3,6,5,4,4,8,7,5,3,1,5,10,6,10,9,6,8,3,5,3,10,10,35,35,8,2,50,1,20,20,2,7,6,8,8,8,9,1,8,7,8,6,5,2,6,5,2,2,1,2,20,10,40,20,5,5,8,9,7,8,8,0,0,0,25,5,25,20,20,5,7,8,9,7,9
0,1,5,10,3,3,10,0,0.54,0,19,4,25,10,20,20,10,15,0,6,6,7,6,6,2,5,1,2,20,6,3,1,4,5,4,3,6,5,4,4,8,7,5,3,1,5,10,6,10,9,6,8,3,5,3,10,10,35,35,8,2,50,1,20,20,2,7,6,8,8,8,9,0,7,8,6,5,7,2,5,5,2,2,1,2,20,10,40,20,5,5,8,9,7,8,8,0,0,0,25,5,25,20,20,5,7,8,9,7,9
1,1,5,10,6,8,1,1,-0.29,1,20,6,15,15,20,25,10,15,1,7,7,7,9,7,8,8,8,2,22,1,6,1,1,1,3,1,1,7,9,7,9,7,6,5,6,6,6,8,7,8,8,8,5,4,6,40,15,10,20,5,10,50,10,10,10,10,10,7,10,8,8,8,1,9,9,9,9,9,9,9,7,2,5,3,3,50,10,10,10,10,10,8,10,8,8,8,1,0,1,50,10,10,10,10,10,8,10,8,8,8
1,1,5,10,9,1,2,0,0.08,0,21,2,15,15,25,25,15,5,1,8,10,9,10,5,5,8,1,1,22,1,6,1,1,1,3,1,1,7,9,7,9,7,6,5,6,6,6,8,7,8,8,8,5,4,6,40,15,10,20,5,10,50,10,10,10,10,10,7,10,8,8,8,0,10,10,10,10,10,10,10,1,1,5,3,3,50,10,10,10,10,10,8,10,8,8,8,1,0,1,50,10,10,10,10,10,8,10,8,8,8
1,1,5,10,7,9,3,0,0.48,0,20,1,20,20,20,20,10,10,1,7,6,6,7,4,4,6,6,2,22,1,6,1,1,1,3,1,1,7,9,7,9,7,6,5,6,6,6,8,7,8,8,8,5,4,6,40,15,10,20,5,10,50,10,10,10,10,10,7,10,8,8,8,0,6,10,7,7,7,7,8,4,2,5,3,3,50,10,10,10,10,10,8,10,8,8,8,1,0,1,50,10,10,10,10,10,8,10,8,8,8
1,1,5,10,1,3,4,0,-0.05,0,21,2,20,10,30,20,15,5,0,10,10,10,10,10,10,10,1,1,22,1,6,1,1,1,3,1,1,7,9,7,9,7,6,5,6,6,6,8,7,8,8,8,5,4,6,40,15,10,20,5,10,50,10,10,10,10,10,7,10,8,8,8,0,10,10,10,10,10,10,10,1,1,5,3,3,50,10,10,10,10,10,8,10,8,8,8,1,0,1,50,10,10,10,10,10,8,10,8,8,8
1,1,5,10,8,10,5,1,0.08,0,21,2,15,15,25,25,20,0,1,10,10,10,10,10,10,10,10,1,22,1,6,1,1,1,3,1,1,7,9,7,9,7,6,5,6,6,6,8,7,8,8,8,5,4,6,40,15,10,20,5,10,50,10,10,10,10,10,7,10,8,8,8,1,10,10,10,10,10,10,10,10,1,5,3,3,50,10,10,10,10,10,8,10,8,8,8,1,0,1,50,10,10,10,10,10,8,10,8,8,8
1,1,5,10,2,4,6,0,0.12,0,21,2,20,10,20,20,20,10,1,10,10,10,10,10,10,8,1,1,22,1,6,1,1,1,3,1,1,7,9,7,9,7,6,5,6,6,6,8,7,8,8,8,5,4,6,40,15,10,20,5,10,50,10,10,10,10,10,7,10,8,8,8,0,10,10,10,10,10,10,10,1,1,5,3,3,50,10,10,10,10,10,8,10,8,8,8,1,0,1,50,10,10,10,10,10,8,10,8,8,8
1,1,5,10,3,5,11,1,0.4,0,20,3,10,10,35,35,8,2,1,7,8,7,8,8,5,6,8,2,22,1,6,1,1,1,3,1,1,7,9,7,9,7,6,5,6,6,6,8,7,8,8,8,5,4,6,40,15,10,20,5,10,50,10,10,10,10,10,7,10,8,8,8,1,6,7,7,7,7,7,8,9,2,5,3,3,50,10,10,10,10,10,8,10,8,8,8,1,0,1,50,10,10,10,10,10,8,10,8,8,8
1,1,5,10,10,2,12,0,0.04,0,21,2,35,15,5,30,15,0,1,8,10,10,7,7,8,9,1,2,22,1,6,1,1,1,3,1,1,7,9,7,9,7,6,5,6,6,6,8,7,8,8,8,5,4,6,40,15,10,20,5,10,50,10,10,10,10,10,7,10,8,8,8,0,6,9,8,7,6,6,7,7,2,5,3,3,50,10,10,10,10,10,8,10,8,8,8,1,0,1,50,10,10,10,10,10,8,10,8,8,8
1,1,5,10,6,3,1,1,0.3,0,20,6,15,15,20,25,10,15,1,5,7,9,6,8,7,8,5,2,22,7,2,7,5,4,6,3,4,10,8,7,8,8,7,5,2,7,10,5,8,8,9,10,6,7,6,25,40,15,10,5,5,20,20,15,20,15,10,9,10,9,9,9,1,7,8,7,6,6,6,6,7,2,6,1,3,20,20,20,30,0,10,8,10,9,9,9,2,2,1,20,25,15,15,10,15,9,10,9,10,9
1,1,5,10,9,6,2,1,0.44,1,21,2,15,15,25,25,15,5,1,6,9,8,7,7,6,7,7,2,22,7,2,7,5,4,6,3,4,10,8,7,8,8,7,5,2,7,10,5,8,8,9,10,6,7,6,25,40,15,10,5,5,20,20,15,20,15,10,9,10,9,9,9,1,6,8,9,9,8,6,7,8,2,6,1,3,20,20,20,30,0,10,8,10,9,9,9,2,2,1,20,25,15,15,10,15,9,10,9,10,9
1,1,5,10,7,4,3,0,0.6,0,20,1,20,20,20,20,10,10,0,5,6,5,5,5,7,6,5,2,22,7,2,7,5,4,6,3,4,10,8,7,8,8,7,5,2,7,10,5,8,8,9,10,6,7,6,25,40,15,10,5,5,20,20,15,20,15,10,9,10,9,9,9,0,6,7,7,6,7,7,6,6,2,6,1,3,20,20,20,30,0,10,8,10,9,9,9,2,2,1,20,25,15,15,10,15,9,10,9,10,9
1,1,5,10,1,8,4,0,0.4,1,21,2,20,10,30,20,15,5,0,6,10,10,8,10,6,8,8,2,22,7,2,7,5,4,6,3,4,10,8,7,8,8,7,5,2,7,10,5,8,8,9,10,6,7,6,25,40,15,10,5,5,20,20,15,20,15,10,9,10,9,9,9,0,5,7,6,6,6,5,5,5,2,6,1,3,20,20,20,30,0,10,8,10,9,9,9,2,2,1,20,25,15,15,10,15,9,10,9,10,9
1,1,5,10,8,5,5,0,0.33,1,21,2,15,15,25,25,20,0,0,6,9,10,7,9,4,7,6,1,22,7,2,7,5,4,6,3,4,10,8,7,8,8,7,5,2,7,10,5,8,8,9,10,6,7,6,25,40,15,10,5,5,20,20,15,20,15,10,9,10,9,9,9,0,7,6,8,9,7,7,7,3,1,6,1,3,20,20,20,30,0,10,8,10,9,9,9,2,2,1,20,25,15,15,10,15,9,10,9,10,9
1,1,5,10,2,9,6,0,0.3,1,21,2,20,10,20,20,20,10,0,6,10,9,7,8,6,7,4,1,22,7,2,7,5,4,6,3,4,10,8,7,8,8,7,5,2,7,10,5,8,8,9,10,6,7,6,25,40,15,10,5,5,20,20,15,20,15,10,9,10,9,9,9,0,7,7,7,7,7,8,7,3,2,6,1,3,20,20,20,30,0,10,8,10,9,9,9,2,2,1,20,25,15,15,10,15,9,10,9,10,9
1,1,5,10,3,10,11,0,0.69,0,20,3,10,10,35,35,8,2,0,8,10,8,7,8,6,7,8,2,22,7,2,7,5,4,6,3,4,10,8,7,8,8,7,5,2,7,10,5,8,8,9,10,6,7,6,25,40,15,10,5,5,20,20,15,20,15,10,9,10,9,9,9,1,7,7,7,7,6,8,7,7,2,6,1,3,20,20,20,30,0,10,8,10,9,9,9,2,2,1,20,25,15,15,10,15,9,10,9,10,9
1,1,5,10,10,7,12,0,0.14,1,21,2,35,15,5,30,15,0,1,8,7,10,7,10,9,9,1,2,22,7,2,7,5,4,6,3,4,10,8,7,8,8,7,5,2,7,10,5,8,8,9,10,6,7,6,25,40,15,10,5,5,20,20,15,20,15,10,9,10,9,9,9,0,4,8,7,6,6,5,5,7,2,6,1,3,20,20,20,30,0,10,8,10,9,9,9,2,2,1,20,25,15,15,10,15,9,10,9,10,9
1,1,5,10,6,9,1,1,-0.24,0,20,6,15,15,20,25,10,15,1,10,6,7,8,8,8,8,8,1,22,5,2,1,1,6,5,1,6,10,8,8,8,5,3,5,5,6,1,7,1,5,8,7,5,10,1,25,25,25,15,5,5,20,20,20,20,10,10,8,8,9,9,8,1,10,7,9,10,8,10,10,10,1,5,1,3,40,10,10,20,0,20,8,5,10,10,8,0,0,0,40,20,20,10,5,5,8,8,8,8,8
1,1,5,10,9,2,2,0,-0.28,1,21,2,15,15,25,25,15,5,1,9,9,8,10,7,8,9,7,2,22,5,2,1,1,6,5,1,6,10,8,8,8,5,3,5,5,6,1,7,1,5,8,7,5,10,1,25,25,25,15,5,5,20,20,20,20,10,10,8,8,9,9,8,0,5,5,5,5,5,5,5,8,2,5,1,3,40,10,10,20,0,20,8,5,10,10,8,0,0,0,40,20,20,10,5,5,8,8,8,8,8
1,1,5,10,1,4,4,1,-0.09,1,21,2,20,10,30,20,15,5,1,8,5,9,9,10,8,7,7,1,22,5,2,1,1,6,5,1,6,10,8,8,8,5,3,5,5,6,1,7,1,5,8,7,5,10,1,25,25,25,15,5,5,20,20,20,20,10,10,8,8,9,9,8,1,7,3,7,10,7,8,7,10,1,5,1,3,40,10,10,20,0,20,8,5,10,10,8,0,0,0,40,20,20,10,5,5,8,8,8,8,8
1,1,5,10,8,1,5,1,-0.42,1,21,2,15,15,25,25,20,0,1,8,6,6,7,5,6,7,6,2,22,5,2,1,1,6,5,1,6,10,8,8,8,5,3,5,5,6,1,7,1,5,8,7,5,10,1,25,25,25,15,5,5,20,20,20,20,10,10,8,8,9,9,8,1,7,7,7,7,5,5,7,8,2,5,1,3,40,10,10,20,0,20,8,5,10,10,8,0,0,0,40,20,20,10,5,5,8,8,8,8,8
1,1,5,10,2,5,6,0,0,1,21,2,20,10,20,20,20,10,0,8,6,7,6,8,5,7,2,2,22,5,2,1,1,6,5,1,6,10,8,8,8,5,3,5,5,6,1,7,1,5,8,7,5,10,1,25,25,25,15,5,5,20,20,20,20,10,10,8,8,9,9,8,1,7,7,8,8,10,6,7,10,2,5,1,3,40,10,10,20,0,20,8,5,10,10,8,0,0,0,40,20,20,10,5,5,8,8,8,8,8
1,1,5,10,5,8,10,1,-0.24,0,19,3,50,15,10,10,10,5,1,8,10,9,10,8,7,8,9,2,22,5,2,1,1,6,5,1,6,10,8,8,8,5,3,5,5,6,1,7,1,5,8,7,5,10,1,25,25,25,15,5,5,20,20,20,20,10,10,8,8,9,9,8,1,9,8,8,6,7,3,8,7,2,5,1,3,40,10,10,20,0,20,8,5,10,10,8,0,0,0,40,20,20,10,5,5,8,8,8,8,8
1,1,5,10,3,6,11,0,-0.36,0,20,3,10,10,35,35,8,2,0,9,4,5,2,2,1,2,7,2,22,5,2,1,1,6,5,1,6,10,8,8,8,5,3,5,5,6,1,7,1,5,8,7,5,10,1,25,25,25,15,5,5,20,20,20,20,10,10,8,8,9,9,8,1,8,5,7,8,5,6,7,10,2,5,1,3,40,10,10,20,0,20,8,5,10,10,8,0,0,0,40,20,20,10,5,5,8,8,8,8,8
1,1,5,10,10,3,12,0,-0.36,1,21,2,35,15,5,30,15,0,0,4,4,2,1,1,1,1,1,2,22,5,2,1,1,6,5,1,6,10,8,8,8,5,3,5,5,6,1,7,1,5,8,7,5,10,1,25,25,25,15,5,5,20,20,20,20,10,10,8,8,9,9,8,0,5,8,7,0,5,0,4,7,2,5,1,3,40,10,10,20,0,20,8,5,10,10,8,0,0,0,40,20,20,10,5,5,8,8,8,8,8
1,1,5,10,6,1,1,1,0.44,0,20,6,15,15,20,25,10,15,1,9,10,8,8,7,9,9,9,2,21,5,2,3,1,1,3,2,5,8,7,7,6,4,4,8,7,3,5,3,4,8,10,10,2,2,5,40,15,10,20,10,5,25,15,20,20,10,10,8,7,7,8,7,1,10,9,8,9,9,7,9,8,2,5,1,2,30,15,15,20,10,10,8,8,8,8,7,0,1,0,50,10,10,20,5,5,9,8,9,8,7
1,1,5,10,9,4,2,1,-0.09,1,21,2,15,15,25,25,15,5,1,6,10,9,8,7,4,6,8,2,21,5,2,3,1,1,3,2,5,8,7,7,6,4,4,8,7,3,5,3,4,8,10,10,2,2,5,40,15,10,20,10,5,25,15,20,20,10,10,8,7,7,8,7,1,7,9,9,8,8,8,7,8,2,5,1,2,30,15,15,20,10,10,8,8,8,8,7,0,1,0,50,10,10,20,5,5,9,8,9,8,7
1,1,5,10,7,2,3,1,0.34,0,20,1,20,20,20,20,10,10,1,8,6,7,8,7,5,8,8,2,21,5,2,3,1,1,3,2,5,8,7,7,6,4,4,8,7,3,5,3,4,8,10,10,2,2,5,40,15,10,20,10,5,25,15,20,20,10,10,8,7,7,8,7,1,7,9,9,8,8,7,7,8,2,5,1,2,30,15,15,20,10,10,8,8,8,8,7,0,1,0,50,10,10,20,5,5,9,8,9,8,7
1,1,5,10,1,6,4,1,-0.13,1,21,2,20,10,30,20,15,5,1,9,10,9,8,8,7,8,8,2,21,5,2,3,1,1,3,2,5,8,7,7,6,4,4,8,7,3,5,3,4,8,10,10,2,2,5,40,15,10,20,10,5,25,15,20,20,10,10,8,7,7,8,7,1,9,7,6,10,8,7,8,9,2,5,1,2,30,15,15,20,10,10,8,8,8,8,7,0,1,0,50,10,10,20,5,5,9,8,9,8,7
1,1,5,10,8,3,5,0,-0.31,1,21,2,15,15,25,25,20,0,0,7,8,8,6,6,3,6,3,2,21,5,2,3,1,1,3,2,5,8,7,7,6,4,4,8,7,3,5,3,4,8,10,10,2,2,5,40,15,10,20,10,5,25,15,20,20,10,10,8,7,7,8,7,1,7,7,7,7,8,6,6,7,2,5,1,2,30,15,15,20,10,10,8,8,8,8,7,0,1,0,50,10,10,20,5,5,9,8,9,8,7
1,1,5,10,2,7,6,0,-0.5,1,21,2,20,10,20,20,20,10,0,7,8,6,6,6,6,8,1,2,21,5,2,3,1,1,3,2,5,8,7,7,6,4,4,8,7,3,5,3,4,8,10,10,2,2,5,40,15,10,20,10,5,25,15,20,20,10,10,8,7,7,8,7,1,8,8,9,9,7,7,8,8,2,5,1,2,30,15,15,20,10,10,8,8,8,8,7,0,1,0,50,10,10,20,5,5,9,8,9,8,7
1,1,5,10,3,8,11,1,0,0,20,3,10,10,35,35,8,2,1,8,7,8,6,5,2,6,5,2,21,5,2,3,1,1,3,2,5,8,7,7,6,4,4,8,7,3,5,3,4,8,10,10,2,2,5,40,15,10,20,10,5,25,15,20,20,10,10,8,7,7,8,7,1,8,8,10,10,8,7,8,8,2,5,1,2,30,15,15,20,10,10,8,8,8,8,7,0,1,0,50,10,10,20,5,5,9,8,9,8,7
1,1,5,10,10,5,12,0,-0.15,1,21,2,35,15,5,30,15,0,1,9,10,10,5,7,4,9,1,2,21,5,2,3,1,1,3,2,5,8,7,7,6,4,4,8,7,3,5,3,4,8,10,10,2,2,5,40,15,10,20,10,5,25,15,20,20,10,10,8,7,7,8,7,0,6,9,7,7,8,7,5,8,2,5,1,2,30,15,15,20,10,10,8,8,8,8,7,0,1,0,50,10,10,20,5,5,9,8,9,8,7
0,1,6,5,3,1,1,0,-0.15,1,26,4,17.39,17.39,15.22,17.39,13.04,19.57,0,6,10,10,6,7,5,7,6,2,24,5,4,8,6,1,6,5,2,8,7,6,7,10,8,10,4,3,6,4,8,7,10,9,7,6,5,12.77,19.15,17.02,17.02,14.89,19.15,24.32,16.22,13.51,16.22,10.81,18.92,6,8,7,8,7,0,7,7,7,8,6,8,7,7,2,7,1,1,15.22,17.39,17.39,17.39,15.22,17.39,6,7,7,6,7,0,0,0,11.36,18.18,18.18,18.18,15.91,18.18,4,7,7,7,7
0,1,6,5,3,3,2,0,-0.51,0,32,2,20,20,20,20,6.67,13.33,0,3,8,8,9,8,1,1,1,2,24,5,4,8,6,1,6,5,2,8,7,6,7,10,8,10,4,3,6,4,8,7,10,9,7,6,5,12.77,19.15,17.02,17.02,14.89,19.15,24.32,16.22,13.51,16.22,10.81,18.92,6,8,7,8,7,0,7,6,8,7,8,6,6,5,2,7,1,1,15.22,17.39,17.39,17.39,15.22,17.39,6,7,7,6,7,0,0,0,11.36,18.18,18.18,18.18,15.91,18.18,4,7,7,7,7
0,1,6,5,3,5,6,0,-0.35,0,29,2,18.6,16.28,18.6,18.6,11.63,16.28,0,5,9,8,6,8,6,6,6,2,24,5,4,8,6,1,6,5,2,8,7,6,7,10,8,10,4,3,6,4,8,7,10,9,7,6,5,12.77,19.15,17.02,17.02,14.89,19.15,24.32,16.22,13.51,16.22,10.81,18.92,6,8,7,8,7,0,8,7,7,8,8,7,7,6,2,7,1,1,15.22,17.39,17.39,17.39,15.22,17.39,6,7,7,6,7,0,0,0,11.36,18.18,18.18,18.18,15.91,18.18,4,7,7,7,7
0,1,6,5,3,2,10,0,0.19,0,28,3,20.83,20.83,16.67,16.67,6.25,18.75,1,6,10,9,9,6,5,8,8,2,24,5,4,8,6,1,6,5,2,8,7,6,7,10,8,10,4,3,6,4,8,7,10,9,7,6,5,12.77,19.15,17.02,17.02,14.89,19.15,24.32,16.22,13.51,16.22,10.81,18.92,6,8,7,8,7,0,5,6,5,7,5,6,5,5,2,7,1,1,15.22,17.39,17.39,17.39,15.22,17.39,6,7,7,6,7,0,0,0,11.36,18.18,18.18,18.18,15.91,18.18,4,7,7,7,7
0,1,6,5,4,2,1,1,-0.1,0,26,4,17.39,17.39,15.22,17.39,13.04,19.57,1,9,9,9,8,8,7,9,6,2,23,10,2,8,10,1,5,3,2,7,4,4,8,9,6,7,8,6,8,5,9,5,7,8,8,8,8,6.67,20,20,17.78,20,15.56,20.51,15.38,12.82,20.51,12.82,17.95,7,8,8,8,8,1,8,9,7,9,10,8,9,6,2,6,1,1,10,18,18,18,18,18,7,8,9,7,9,0,0,0,9.52,19.05,19.05,19.05,19.05,14.29,7,8,8,7,8
0,1,6,5,4,4,2,0,-0.06,1,32,2,20,20,20,20,6.67,13.33,0,3,8,8,2,7,1,1,8,2,23,10,2,8,10,1,5,3,2,7,4,4,8,9,6,7,8,6,8,5,9,5,7,8,8,8,8,6.67,20,20,17.78,20,15.56,20.51,15.38,12.82,20.51,12.82,17.95,7,8,8,8,8,1,7,8,9,8,7,8,7,5,2,6,1,1,10,18,18,18,18,18,7,8,9,7,9,0,0,0,9.52,19.05,19.05,19.05,19.05,14.29,7,8,8,7,8
0,1,6,5,4,3,10,0,-0.1,0,28,3,20.83,20.83,16.67,16.67,6.25,18.75,1,7,8,8,7,6,5,7,7,2,23,10,2,8,10,1,5,3,2,7,4,4,8,9,6,7,8,6,8,5,9,5,7,8,8,8,8,6.67,20,20,17.78,20,15.56,20.51,15.38,12.82,20.51,12.82,17.95,7,8,8,8,8,0,6,5,6,5,6,4,5,2,2,6,1,1,10,18,18,18,18,18,7,8,9,7,9,0,0,0,9.52,19.05,19.05,19.05,19.05,14.29,7,8,8,7,8
0,2,7,16,9,1,1,0,0.35,1,23,2,19.05,19.05,19.05,19.05,9.52,14.29,1,10,8,8,7,7,5,9,5,2,24,13,2,1,4,1,5,2,2,5,6,6,6,5,5,6,14,7,6,6,6,6,6,8,6,6,7,14.29,14.29,21.43,21.43,19.05,9.52,19.57,13.04,17.39,19.57,15.22,15.22,9,9,9,10,7,0,4,5,6,4,6,4,4,9,0,8,3,3,14.29,18.37,20.41,20.41,14.29,12.24,8,10,10,8,6,0,3,0,15.91,18.18,20.45,20.45,13.64,11.36,9,12,12,12,7
0,2,7,16,9,3,4,0,-0.01,1,22,2,16.67,18.75,18.75,18.75,18.75,8.33,0,8,7,8,7,6,4,7,6,2,24,13,2,1,4,1,5,2,2,5,6,6,6,5,5,6,14,7,6,6,6,6,6,8,6,6,7,14.29,14.29,21.43,21.43,19.05,9.52,19.57,13.04,17.39,19.57,15.22,15.22,9,9,9,10,7,1,10,10,9,8,8,7,9,8,0,8,3,3,14.29,18.37,20.41,20.41,14.29,12.24,8,10,10,8,6,0,3,0,15.91,18.18,20.45,20.45,13.64,11.36,9,12,12,12,7
0,2,7,16,9,12,5,0,-0.24,0,27,4,15.22,15.22,19.57,17.39,13.04,19.57,0,6,7,7,6,6,5,5,5,1,24,13,2,1,4,1,5,2,2,5,6,6,6,5,5,6,14,7,6,6,6,6,6,8,6,6,7,14.29,14.29,21.43,21.43,19.05,9.52,19.57,13.04,17.39,19.57,15.22,15.22,9,9,9,10,7,1,8,10,9,8,8,5,8,6,1,8,3,3,14.29,18.37,20.41,20.41,14.29,12.24,8,10,10,8,6,0,3,0,15.91,18.18,20.45,20.45,13.64,11.36,9,12,12,12,7
0,2,7,16,9,15,6,0,-0.43,1,26,2,12,20,20,20,16,12,0,7,7,7,5,6,5,6,2,2,24,13,2,1,4,1,5,2,2,5,6,6,6,5,5,6,14,7,6,6,6,6,6,8,6,6,7,14.29,14.29,21.43,21.43,19.05,9.52,19.57,13.04,17.39,19.57,15.22,15.22,9,9,9,10,7,1,6,8,8,8,8,7,8,10,1,8,3,3,14.29,18.37,20.41,20.41,14.29,12.24,8,10,10,8,6,0,3,0,15.91,18.18,20.45,20.45,13.64,11.36,9,12,12,12,7
0,2,7,16,9,14,8,0,-0.4,1,30,2,16.67,12.5,20.83,18.75,12.5,18.75,0,8,8,9,7,8,6,6,3,2,24,13,2,1,4,1,5,2,2,5,6,6,6,5,5,6,14,7,6,6,6,6,6,8,6,6,7,14.29,14.29,21.43,21.43,19.05,9.52,19.57,13.04,17.39,19.57,15.22,15.22,9,9,9,10,7,0,6,8,7,6,5,7,7,2,0,8,3,3,14.29,18.37,20.41,20.41,14.29,12.24,8,10,10,8,6,0,3,0,15.91,18.18,20.45,20.45,13.64,11.36,9,12,12,12,7
0,2,7,16,9,16,10,1,-0.63,1,23,2,18.6,13.95,18.6,16.28,16.28,16.28,1,7,6,7,6,4,4,6,4,2,24,13,2,1,4,1,5,2,2,5,6,6,6,5,5,6,14,7,6,6,6,6,6,8,6,6,7,14.29,14.29,21.43,21.43,19.05,9.52,19.57,13.04,17.39,19.57,15.22,15.22,9,9,9,10,7,1,8,8,8,8,8,8,8,8,0,8,3,3,14.29,18.37,20.41,20.41,14.29,12.24,8,10,10,8,6,0,3,0,15.91,18.18,20.45,20.45,13.64,11.36,9,12,12,12,7
0,2,7,16,9,11,11,1,-0.5,0,23,4,11.11,17.78,17.78,17.78,17.78,17.78,1,8,8,7,7,7,8,8,9,2,24,13,2,1,4,1,5,2,2,5,6,6,6,5,5,6,14,7,6,6,6,6,6,8,6,6,7,14.29,14.29,21.43,21.43,19.05,9.52,19.57,13.04,17.39,19.57,15.22,15.22,9,9,9,10,7,1,6,9,9,10,9,10,10,10,0,8,3,3,14.29,18.37,20.41,20.41,14.29,12.24,8,10,10,8,6,0,3,0,15.91,18.18,20.45,20.45,13.64,11.36,9,12,12,12,7
0,2,7,16,9,5,12,1,-0.59,1,28,2,17.78,20,17.78,15.56,15.56,13.33,1,8,8,9,8,7,8,8,7,2,24,13,2,1,4,1,5,2,2,5,6,6,6,5,5,6,14,7,6,6,6,6,6,8,6,6,7,14.29,14.29,21.43,21.43,19.05,9.52,19.57,13.04,17.39,19.57,15.22,15.22,9,9,9,10,7,1,10,10,10,10,10,10,10,9,0,8,3,3,14.29,18.37,20.41,20.41,14.29,12.24,8,10,10,8,6,0,3,0,15.91,18.18,20.45,20.45,13.64,11.36,9,12,12,12,7
0,2,7,16,9,4,13,0,-0.27,0,28,4,16.28,20.93,18.6,18.6,13.95,11.63,1,7,7,7,7,5,7,7,6,2,24,13,2,1,4,1,5,2,2,5,6,6,6,5,5,6,14,7,6,6,6,6,6,8,6,6,7,14.29,14.29,21.43,21.43,19.05,9.52,19.57,13.04,17.39,19.57,15.22,15.22,9,9,9,10,7,0,4,7,7,9,8,7,9,10,0,8,3,3,14.29,18.37,20.41,20.41,14.29,12.24,8,10,10,8,6,0,3,0,15.91,18.18,20.45,20.45,13.64,11.36,9,12,12,12,7
0,2,7,16,9,9,14,1,-0.36,1,29,2,19.57,10.87,19.57,19.57,19.57,10.87,1,7,8,9,9,8,7,7,7,2,24,13,2,1,4,1,5,2,2,5,6,6,6,5,5,6,14,7,6,6,6,6,6,8,6,6,7,14.29,14.29,21.43,21.43,19.05,9.52,19.57,13.04,17.39,19.57,15.22,15.22,9,9,9,10,7,1,4,10,9,5,6,2,7,10,0,8,3,3,14.29,18.37,20.41,20.41,14.29,12.24,8,10,10,8,6,0,3,0,15.91,18.18,20.45,20.45,13.64,11.36,9,12,12,12,7
0,2,7,16,9,13,15,1,0.04,1,27,2,17.78,17.78,22.22,20,15.56,6.67,1,8,7,6,7,7,6,6,6,2,24,13,2,1,4,1,5,2,2,5,6,6,6,5,5,6,14,7,6,6,6,6,6,8,6,6,7,14.29,14.29,21.43,21.43,19.05,9.52,19.57,13.04,17.39,19.57,15.22,15.22,9,9,9,10,7,1,8,7,8,8,8,8,8,8,0,8,3,3,14.29,18.37,20.41,20.41,14.29,12.24,8,10,10,8,6,0,3,0,15.91,18.18,20.45,20.45,13.64,11.36,9,12,12,12,7
0,2,7,16,9,10,16,1,-0.21,1,22,2,18.37,18.37,20.41,20.41,16.33,6.12,1,8,7,7,7,5,5,7,5,2,24,13,2,1,4,1,5,2,2,5,6,6,6,5,5,6,14,7,6,6,6,6,6,8,6,6,7,14.29,14.29,21.43,21.43,19.05,9.52,19.57,13.04,17.39,19.57,15.22,15.22,9,9,9,10,7,1,6,4,8,9,9,9,8,7,0,8,3,3,14.29,18.37,20.41,20.41,14.29,12.24,8,10,10,8,6,0,3,0,15.91,18.18,20.45,20.45,13.64,11.36,9,12,12,12,7
0,2,7,16,13,5,1,0,-0.4,1,23,2,19.05,19.05,19.05,19.05,9.52,14.29,1,9,9,9,7,7,8,9,7,2,23,10,2,5,2,1,5,2,2,10,7,9,6,6,6,4,3,7,7,5,4,7,9,8,7,4,5,16,16,16,18,18,16,20,15.56,15.56,17.78,15.56,15.56,7,8,8,9,9,0,4,6,7,4,7,4,4,7,0,5,3,3,16.67,16.67,16.67,18.75,16.67,14.58,8,9,9,9,9,0,0,0,17.78,15.56,17.78,17.78,15.56,15.56,8,8,9,9,9
0,2,7,16,13,6,2,0,0.32,1,28,2,15.91,20.45,20.45,20.45,11.36,11.36,1,8,8,8,8,7,9,9,7,2,23,10,2,5,2,1,5,2,2,10,7,9,6,6,6,4,3,7,7,5,4,7,9,8,7,4,5,16,16,16,18,18,16,20,15.56,15.56,17.78,15.56,15.56,7,8,8,9,9,0,4,7,8,5,7,4,4,8,0,5,3,3,16.67,16.67,16.67,18.75,16.67,14.58,8,9,9,9,9,0,0,0,17.78,15.56,17.78,17.78,15.56,15.56,8,8,9,9,9
0,2,7,16,13,11,3,0,0.64,0,29,1,16,18,18,18,14,16,0,6,8,9,9,9,7,7,6,2,23,10,2,5,2,1,5,2,2,10,7,9,6,6,6,4,3,7,7,5,4,7,9,8,7,4,5,16,16,16,18,18,16,20,15.56,15.56,17.78,15.56,15.56,7,8,8,9,9,0,7,8,8,8,8,7,7,7,0,5,3,3,16.67,16.67,16.67,18.75,16.67,14.58,8,9,9,9,9,0,0,0,17.78,15.56,17.78,17.78,15.56,15.56,8,8,9,9,9
0,2,7,16,13,7,4,0,0.44,1,22,2,16.67,18.75,18.75,18.75,18.75,8.33,0,6,8,10,9,3,1,5,3,1,23,10,2,5,2,1,5,2,2,10,7,9,6,6,6,4,3,7,7,5,4,7,9,8,7,4,5,16,16,16,18,18,16,20,15.56,15.56,17.78,15.56,15.56,7,8,8,9,9,1,8,8,8,10,7,9,9,5,1,5,3,3,16.67,16.67,16.67,18.75,16.67,14.58,8,9,9,9,9,0,0,0,17.78,15.56,17.78,17.78,15.56,15.56,8,8,9,9,9
0,2,7,16,13,16,5,1,0.28,0,27,4,15.22,15.22,19.57,17.39,13.04,19.57,1,8,7,7,7,7,5,8,10,1,23,10,2,5,2,1,5,2,2,10,7,9,6,6,6,4,3,7,7,5,4,7,9,8,7,4,5,16,16,16,18,18,16,20,15.56,15.56,17.78,15.56,15.56,7,8,8,9,9,1,7,7,8,8,7,7,9,5,1,5,3,3,16.67,16.67,16.67,18.75,16.67,14.58,8,9,9,9,9,0,0,0,17.78,15.56,17.78,17.78,15.56,15.56,8,8,9,9,9
0,2,7,16,13,3,6,0,0.14,1,26,2,12,20,20,20,16,12,0,8,8,8,6,6,5,6,4,2,23,10,2,5,2,1,5,2,2,10,7,9,6,6,6,4,3,7,7,5,4,7,9,8,7,4,5,16,16,16,18,18,16,20,15.56,15.56,17.78,15.56,15.56,7,8,8,9,9,0,6,7,7,8,7,7,7,8,0,5,3,3,16.67,16.67,16.67,18.75,16.67,14.58,8,9,9,9,9,0,0,0,17.78,15.56,17.78,17.78,15.56,15.56,8,8,9,9,9
0,2,7,16,13,10,7,0,0.27,1,27,2,20.51,23.08,20.51,17.95,2.56,15.38,0,7,7,9,7,6,5,7,4,2,23,10,2,5,2,1,5,2,2,10,7,9,6,6,6,4,3,7,7,5,4,7,9,8,7,4,5,16,16,16,18,18,16,20,15.56,15.56,17.78,15.56,15.56,7,8,8,9,9,0,8,8,7,7,6,7,8,0,0,5,3,3,16.67,16.67,16.67,18.75,16.67,14.58,8,9,9,9,9,0,0,0,17.78,15.56,17.78,17.78,15.56,15.56,8,8,9,9,9
0,2,7,16,13,2,8,0,0.01,1,30,2,16.67,12.5,20.83,18.75,12.5,18.75,0,7,8,10,8,7,6,7,5,2,23,10,2,5,2,1,5,2,2,10,7,9,6,6,6,4,3,7,7,5,4,7,9,8,7,4,5,16,16,16,18,18,16,20,15.56,15.56,17.78,15.56,15.56,7,8,8,9,9,0,7,6,6,5,6,5,6,8,0,5,3,3,16.67,16.67,16.67,18.75,16.67,14.58,8,9,9,9,9,0,0,0,17.78,15.56,17.78,17.78,15.56,15.56,8,8,9,9,9
0,2,7,16,13,4,10,0,0.38,1,23,2,18.6,13.95,18.6,16.28,16.28,16.28,0,4,6,5,4,5,6,3,3,2,23,10,2,5,2,1,5,2,2,10,7,9,6,6,6,4,3,7,7,5,4,7,9,8,7,4,5,16,16,16,18,18,16,20,15.56,15.56,17.78,15.56,15.56,7,8,8,9,9,0,6,7,8,7,7,7,6,6,0,5,3,3,16.67,16.67,16.67,18.75,16.67,14.58,8,9,9,9,9,0,0,0,17.78,15.56,17.78,17.78,15.56,15.56,8,8,9,9,9
0,2,7,16,13,15,11,0,0.03,0,23,4,11.11,17.78,17.78,17.78,17.78,17.78,1,8,8,8,8,8,8,7,7,1,23,10,2,5,2,1,5,2,2,10,7,9,6,6,6,4,3,7,7,5,4,7,9,8,7,4,5,16,16,16,18,18,16,20,15.56,15.56,17.78,15.56,15.56,7,8,8,9,9,0,5,5,6,6,5,5,5,8,1,5,3,3,16.67,16.67,16.67,18.75,16.67,14.58,8,9,9,9,9,0,0,0,17.78,15.56,17.78,17.78,15.56,15.56,8,8,9,9,9
0,2,7,16,13,9,12,0,0.55,1,28,2,17.78,20,17.78,15.56,15.56,13.33,0,8,7,8,9,7,9,8,7,1,23,10,2,5,2,1,5,2,2,10,7,9,6,6,6,4,3,7,7,5,4,7,9,8,7,4,5,16,16,16,18,18,16,20,15.56,15.56,17.78,15.56,15.56,7,8,8,9,9,1,7,7,8,8,6,7,7,6,1,5,3,3,16.67,16.67,16.67,18.75,16.67,14.58,8,9,9,9,9,0,0,0,17.78,15.56,17.78,17.78,15.56,15.56,8,8,9,9,9
0,2,7,16,13,13,14,0,0.45,1,29,2,19.57,10.87,19.57,19.57,19.57,10.87,1,8,9,9,9,8,10,8,9,2,23,10,2,5,2,1,5,2,2,10,7,9,6,6,6,4,3,7,7,5,4,7,9,8,7,4,5,16,16,16,18,18,16,20,15.56,15.56,17.78,15.56,15.56,7,8,8,9,9,0,5,7,8,7,7,6,6,8,0,5,3,3,16.67,16.67,16.67,18.75,16.67,14.58,8,9,9,9,9,0,0,0,17.78,15.56,17.78,17.78,15.56,15.56,8,8,9,9,9
0,2,7,16,13,1,15,0,0.52,1,27,2,17.78,17.78,22.22,20,15.56,6.67,0,4,7,8,5,6,4,4,5,2,23,10,2,5,2,1,5,2,2,10,7,9,6,6,6,4,3,7,7,5,4,7,9,8,7,4,5,16,16,16,18,18,16,20,15.56,15.56,17.78,15.56,15.56,7,8,8,9,9,0,5,8,7,7,8,7,7,9,0,5,3,3,16.67,16.67,16.67,18.75,16.67,14.58,8,9,9,9,9,0,0,0,17.78,15.56,17.78,17.78,15.56,15.56,8,8,9,9,9
0,2,7,16,13,14,16,0,0.72,1,22,2,18.37,18.37,20.41,20.41,16.33,6.12,0,5,7,6,6,6,5,4,4,2,23,10,2,5,2,1,5,2,2,10,7,9,6,6,6,4,3,7,7,5,4,7,9,8,7,4,5,16,16,16,18,18,16,20,15.56,15.56,17.78,15.56,15.56,7,8,8,9,9,0,6,7,8,6,7,6,6,8,0,5,3,3,16.67,16.67,16.67,18.75,16.67,14.58,8,9,9,9,9,0,0,0,17.78,15.56,17.78,17.78,15.56,15.56,8,8,9,9,9
0,2,7,16,14,6,1,0,0.42,1,23,2,19.05,19.05,19.05,19.05,9.52,14.29,1,9,8,9,7,7,8,9,6,2,24,10,2,9,7,2,7,1,2,2,1,2,9,9,5,2,2,1,8,10,10,10,5,8,9,2,5,11.36,18.18,22.73,18.18,11.36,18.18,22.22,13.33,17.78,20,8.89,17.78,5,5,7,9,7,0,7,10,10,7,9,8,8,5,0,5,3,3,15.69,17.65,19.61,15.69,15.69,15.69,7,7,9,7,8,0,0,0,15.09,16.98,18.87,16.98,15.09,16.98,6,6,9,7,8
0,2,7,16,14,7,2,0,0.68,1,28,2,15.91,20.45,20.45,20.45,11.36,11.36,1,8,8,8,7,7,9,8,6,2,24,10,2,9,7,2,7,1,2,2,1,2,9,9,5,2,2,1,8,10,10,10,5,8,9,2,5,11.36,18.18,22.73,18.18,11.36,18.18,22.22,13.33,17.78,20,8.89,17.78,5,5,7,9,7,0,7,10,10,10,10,8,8,5,0,5,3,3,15.69,17.65,19.61,15.69,15.69,15.69,7,7,9,7,8,0,0,0,15.09,16.98,18.87,16.98,15.09,16.98,6,6,9,7,8
0,2,7,16,14,12,3,0,-0.18,0,29,1,16,18,18,18,14,16,0,4,8,9,4,10,3,5,5,2,24,10,2,9,7,2,7,1,2,2,1,2,9,9,5,2,2,1,8,10,10,10,5,8,9,2,5,11.36,18.18,22.73,18.18,11.36,18.18,22.22,13.33,17.78,20,8.89,17.78,5,5,7,9,7,0,8,10,7,10,7,5,7,5,0,5,3,3,15.69,17.65,19.61,15.69,15.69,15.69,7,7,9,7,8,0,0,0,15.09,16.98,18.87,16.98,15.09,16.98,6,6,9,7,8
0,2,7,16,14,8,4,0,-0.29,1,22,2,16.67,18.75,18.75,18.75,18.75,8.33,0,6,8,10,7,5,3,4,2,1,24,10,2,9,7,2,7,1,2,2,1,2,9,9,5,2,2,1,8,10,10,10,5,8,9,2,5,11.36,18.18,22.73,18.18,11.36,18.18,22.22,13.33,17.78,20,8.89,17.78,5,5,7,9,7,1,10,9,9,9,8,7,9,1,1,5,3,3,15.69,17.65,19.61,15.69,15.69,15.69,7,7,9,7,8,0,0,0,15.09,16.98,18.87,16.98,15.09,16.98,6,6,9,7,8
0,2,7,16,14,1,5,0,0.34,0,27,4,15.22,15.22,19.57,17.39,13.04,19.57,0,5,6,7,7,6,5,6,3,1,24,10,2,9,7,2,7,1,2,2,1,2,9,9,5,2,2,1,8,10,10,10,5,8,9,2,5,11.36,18.18,22.73,18.18,11.36,18.18,22.22,13.33,17.78,20,8.89,17.78,5,5,7,9,7,0,9,9,9,8,9,8,8,1,1,5,3,3,15.69,17.65,19.61,15.69,15.69,15.69,7,7,9,7,8,0,0,0,15.09,16.98,18.87,16.98,15.09,16.98,6,6,9,7,8
0,2,7,16,14,4,6,0,0.39,1,26,2,12,20,20,20,16,12,0,6,7,6,8,5,3,5,3,2,24,10,2,9,7,2,7,1,2,2,1,2,9,9,5,2,2,1,8,10,10,10,5,8,9,2,5,11.36,18.18,22.73,18.18,11.36,18.18,22.22,13.33,17.78,20,8.89,17.78,5,5,7,9,7,1,9,9,8,7,9,7,9,5,0,5,3,3,15.69,17.65,19.61,15.69,15.69,15.69,7,7,9,7,8,0,0,0,15.09,16.98,18.87,16.98,15.09,16.98,6,6,9,7,8
0,2,7,16,14,3,8,0,0.72,1,30,2,16.67,12.5,20.83,18.75,12.5,18.75,0,6,8,9,6,8,5,6,4,2,24,10,2,9,7,2,7,1,2,2,1,2,9,9,5,2,2,1,8,10,10,10,5,8,9,2,5,11.36,18.18,22.73,18.18,11.36,18.18,22.22,13.33,17.78,20,8.89,17.78,5,5,7,9,7,0,8,8,7,7,5,4,2,5,0,5,3,3,15.69,17.65,19.61,15.69,15.69,15.69,7,7,9,7,8,0,0,0,15.09,16.98,18.87,16.98,15.09,16.98,6,6,9,7,8
0,2,7,16,14,5,10,0,-0.2,1,23,2,18.6,13.95,18.6,16.28,16.28,16.28,0,2,6,6,4,5,5,3,5,2,24,10,2,9,7,2,7,1,2,2,1,2,9,9,5,2,2,1,8,10,10,10,5,8,9,2,5,11.36,18.18,22.73,18.18,11.36,18.18,22.22,13.33,17.78,20,8.89,17.78,5,5,7,9,7,0,10,9,9,8,7,4,8,1,0,5,3,3,15.69,17.65,19.61,15.69,15.69,15.69,7,7,9,7,8,0,0,0,15.09,16.98,18.87,16.98,15.09,16.98,6,6,9,7,8
0,2,7,16,14,16,11,0,0.11,0,23,4,11.11,17.78,17.78,17.78,17.78,17.78,1,7,7,7,7,7,7,7,7,2,24,10,2,9,7,2,7,1,2,2,1,2,9,9,5,2,2,1,8,10,10,10,5,8,9,2,5,11.36,18.18,22.73,18.18,11.36,18.18,22.22,13.33,17.78,20,8.89,17.78,5,5,7,9,7,0,6,9,8,8,7,10,8,1,0,5,3,3,15.69,17.65,19.61,15.69,15.69,15.69,7,7,9,7,8,0,0,0,15.09,16.98,18.87,16.98,15.09,16.98,6,6,9,7,8
0,2,7,16,14,10,12,0,-0.11,1,28,2,17.78,20,17.78,15.56,15.56,13.33,0,7,9,9,8,9,8,8,8,1,24,10,2,9,7,2,7,1,2,2,1,2,9,9,5,2,2,1,8,10,10,10,5,8,9,2,5,11.36,18.18,22.73,18.18,11.36,18.18,22.22,13.33,17.78,20,8.89,17.78,5,5,7,9,7,0,9,7,9,7,7,5,7,1,1,5,3,3,15.69,17.65,19.61,15.69,15.69,15.69,7,7,9,7,8,0,0,0,15.09,16.98,18.87,16.98,15.09,16.98,6,6,9,7,8
0,2,7,16,14,9,13,0,0.7,0,28,4,16.28,20.93,18.6,18.6,13.95,11.63,1,6,7,6,6,6,8,6,5,2,24,10,2,9,7,2,7,1,2,2,1,2,9,9,5,2,2,1,8,10,10,10,5,8,9,2,5,11.36,18.18,22.73,18.18,11.36,18.18,22.22,13.33,17.78,20,8.89,17.78,5,5,7,9,7,0,8,10,9,7,7,10,9,5,0,5,3,3,15.69,17.65,19.61,15.69,15.69,15.69,7,7,9,7,8,0,0,0,15.09,16.98,18.87,16.98,15.09,16.98,6,6,9,7,8
0,2,7,16,14,14,14,0,0.38,1,29,2,19.57,10.87,19.57,19.57,19.57,10.87,1,6,8,9,5,8,3,6,6,2,24,10,2,9,7,2,7,1,2,2,1,2,9,9,5,2,2,1,8,10,10,10,5,8,9,2,5,11.36,18.18,22.73,18.18,11.36,18.18,22.22,13.33,17.78,20,8.89,17.78,5,5,7,9,7,0,9,9,9,7,8,5,8,5,0,5,3,3,15.69,17.65,19.61,15.69,15.69,15.69,7,7,9,7,8,0,0,0,15.09,16.98,18.87,16.98,15.09,16.98,6,6,9,7,8
0,2,7,16,14,2,15,0,-0.25,1,27,2,17.78,17.78,22.22,20,15.56,6.67,0,2,7,9,2,4,2,3,7,2,24,10,2,9,7,2,7,1,2,2,1,2,9,9,5,2,2,1,8,10,10,10,5,8,9,2,5,11.36,18.18,22.73,18.18,11.36,18.18,22.22,13.33,17.78,20,8.89,17.78,5,5,7,9,7,1,9,9,9,7,8,7,9,5,0,5,3,3,15.69,17.65,19.61,15.69,15.69,15.69,7,7,9,7,8,0,0,0,15.09,16.98,18.87,16.98,15.09,16.98,6,6,9,7,8
0,2,7,16,14,15,16,0,-0.5,1,22,2,18.37,18.37,20.41,20.41,16.33,6.12,0,4,6,6,5,5,5,4,4,2,24,10,2,9,7,2,7,1,2,2,1,2,9,9,5,2,2,1,8,10,10,10,5,8,9,2,5,11.36,18.18,22.73,18.18,11.36,18.18,22.22,13.33,17.78,20,8.89,17.78,5,5,7,9,7,1,8,10,10,10,10,10,10,6,0,5,3,3,15.69,17.65,19.61,15.69,15.69,15.69,7,7,9,7,8,0,0,0,15.09,16.98,18.87,16.98,15.09,16.98,6,6,9,7,8
0,2,7,16,3,11,1,0,-0.15,0,23,2,19.05,19.05,19.05,19.05,9.52,14.29,1,9,7,7,9,8,6,8,4,2,26,8,4,3,3,5,5,1,7,8,7,8,9,9,9,5,2,8,10,8,9,8,6,6,7,10,5,18,18,20,18,16,10,25,12.5,12.5,25,12.5,12.5,8,7,8,9,7,0,5,5,8,5,5,5,5,4,0,4,3,2,18.75,16.67,18.75,16.67,16.67,12.5,8,8,9,9,8,0,2,1,15.69,15.69,19.61,17.65,17.65,13.73,9,8,9,9,7
0,2,7,16,3,12,2,0,0.55,0,28,2,15.91,20.45,20.45,20.45,11.36,11.36,0,6,6,6,6,6,3,5,4,2,26,8,4,3,3,5,5,1,7,8,7,8,9,9,9,5,2,8,10,8,9,8,6,6,7,10,5,18,18,20,18,16,10,25,12.5,12.5,25,12.5,12.5,8,7,8,9,7,0,5,6,8,5,5,4,5,4,0,4,3,2,18.75,16.67,18.75,16.67,16.67,12.5,8,8,9,9,8,0,2,1,15.69,15.69,19.61,17.65,17.65,13.73,9,8,9,9,7
0,2,7,16,3,1,3,1,0.25,0,29,1,16,18,18,18,14,16,1,8,10,9,8,8,7,6,8,1,26,8,4,3,3,5,5,1,7,8,7,8,9,9,9,5,2,8,10,8,9,8,6,6,7,10,5,18,18,20,18,16,10,25,12.5,12.5,25,12.5,12.5,8,7,8,9,7,1,8,6,7,8,9,7,8,10,1,4,3,2,18.75,16.67,18.75,16.67,16.67,12.5,8,8,9,9,8,0,2,1,15.69,15.69,19.61,17.65,17.65,13.73,9,8,9,9,7
0,2,7,16,3,13,4,0,0.17,0,22,2,16.67,18.75,18.75,18.75,18.75,8.33,0,7,8,9,10,6,6,4,3,2,26,8,4,3,3,5,5,1,7,8,7,8,9,9,9,5,2,8,10,8,9,8,6,6,7,10,5,18,18,20,18,16,10,25,12.5,12.5,25,12.5,12.5,8,7,8,9,7,1,7,6,7,6,6,5,6,6,0,4,3,2,18.75,16.67,18.75,16.67,16.67,12.5,8,8,9,9,8,0,2,1,15.69,15.69,19.61,17.65,17.65,13.73,9,8,9,9,7
0,2,7,16,3,6,5,0,0.11,1,27,4,15.22,15.22,19.57,17.39,13.04,19.57,1,5,7,7,8,7,5,5,4,2,26,8,4,3,3,5,5,1,7,8,7,8,9,9,9,5,2,8,10,8,9,8,6,6,7,10,5,18,18,20,18,16,10,25,12.5,12.5,25,12.5,12.5,8,7,8,9,7,0,5,6,6,6,5,4,5,5,0,4,3,2,18.75,16.67,18.75,16.67,16.67,12.5,8,8,9,9,8,0,2,1,15.69,15.69,19.61,17.65,17.65,13.73,9,8,9,9,7
0,2,7,16,3,9,6,0,0.51,0,26,2,12,20,20,20,16,12,0,7,9,7,8,7,8,6,6,2,26,8,4,3,3,5,5,1,7,8,7,8,9,9,9,5,2,8,10,8,9,8,6,6,7,10,5,18,18,20,18,16,10,25,12.5,12.5,25,12.5,12.5,8,7,8,9,7,1,7,8,8,7,7,8,8,6,0,4,3,2,18.75,16.67,18.75,16.67,16.67,12.5,8,8,9,9,8,0,2,1,15.69,15.69,19.61,17.65,17.65,13.73,9,8,9,9,7
0,2,7,16,3,16,7,0,0.5,0,27,2,20.51,23.08,20.51,17.95,2.56,15.38,0,9,6,6,8,6,5,6,3,2,26,8,4,3,3,5,5,1,7,8,7,8,9,9,9,5,2,8,10,8,9,8,6,6,7,10,5,18,18,20,18,16,10,25,12.5,12.5,25,12.5,12.5,8,7,8,9,7,0,6,8,8,6,6,5,5,5,0,4,3,2,18.75,16.67,18.75,16.67,16.67,12.5,8,8,9,9,8,0,2,1,15.69,15.69,19.61,17.65,17.65,13.73,9,8,9,9,7
0,2,7,16,3,8,8,1,0.66,0,30,2,16.67,12.5,20.83,18.75,12.5,18.75,1,7,8,8,10,8,5,8,4,2,26,8,4,3,3,5,5,1,7,8,7,8,9,9,9,5,2,8,10,8,9,8,6,6,7,10,5,18,18,20,18,16,10,25,12.5,12.5,25,12.5,12.5,8,7,8,9,7,1,7,7,7,5,6,5,6,6,0,4,3,2,18.75,16.67,18.75,16.67,16.67,12.5,8,8,9,9,8,0,2,1,15.69,15.69,19.61,17.65,17.65,13.73,9,8,9,9,7
0,2,7,16,3,10,10,0,0.36,0,23,2,18.6,13.95,18.6,16.28,16.28,16.28,0,3,6,5,8,2,4,5,5,2,26,8,4,3,3,5,5,1,7,8,7,8,9,9,9,5,2,8,10,8,9,8,6,6,7,10,5,18,18,20,18,16,10,25,12.5,12.5,25,12.5,12.5,8,7,8,9,7,0,6,6,6,6,6,5,6,5,0,4,3,2,18.75,16.67,18.75,16.67,16.67,12.5,8,8,9,9,8,0,2,1,15.69,15.69,19.61,17.65,17.65,13.73,9,8,9,9,7
0,2,7,16,3,5,11,0,0.38,1,23,4,11.11,17.78,17.78,17.78,17.78,17.78,0,4,7,8,7,5,7,5,6,2,26,8,4,3,3,5,5,1,7,8,7,8,9,9,9,5,2,8,10,8,9,8,6,6,7,10,5,18,18,20,18,16,10,25,12.5,12.5,25,12.5,12.5,8,7,8,9,7,0,4,8,8,4,4,3,4,6,0,4,3,2,18.75,16.67,18.75,16.67,16.67,12.5,8,8,9,9,8,0,2,1,15.69,15.69,19.61,17.65,17.65,13.73,9,8,9,9,7
0,2,7,16,3,14,13,0,0.43,1,28,4,16.28,20.93,18.6,18.6,13.95,11.63,1,7,7,7,6,6,7,6,6,2,26,8,4,3,3,5,5,1,7,8,7,8,9,9,9,5,2,8,10,8,9,8,6,6,7,10,5,18,18,20,18,16,10,25,12.5,12.5,25,12.5,12.5,8,7,8,9,7,0,4,7,8,4,6,4,5,5,0,4,3,2,18.75,16.67,18.75,16.67,16.67,12.5,8,8,9,9,8,0,2,1,15.69,15.69,19.61,17.65,17.65,13.73,9,8,9,9,7
0,2,7,16,3,3,14,0,0.54,0,29,2,19.57,10.87,19.57,19.57,19.57,10.87,0,5,6,7,9,7,4,9,8,2,26,8,4,3,3,5,5,1,7,8,7,8,9,9,9,5,2,8,10,8,9,8,6,6,7,10,5,18,18,20,18,16,10,25,12.5,12.5,25,12.5,12.5,8,7,8,9,7,0,4,7,9,4,6,3,5,5,0,4,3,2,18.75,16.67,18.75,16.67,16.67,12.5,8,8,9,9,8,0,2,1,15.69,15.69,19.61,17.65,17.65,13.73,9,8,9,9,7
0,2,7,16,3,4,16,0,0.03,0,22,2,18.37,18.37,20.41,20.41,16.33,6.12,0,5,7,5,6,6,4,4,4,2,26,8,4,3,3,5,5,1,7,8,7,8,9,9,9,5,2,8,10,8,9,8,6,6,7,10,5,18,18,20,18,16,10,25,12.5,12.5,25,12.5,12.5,8,7,8,9,7,0,6,8,8,8,4,5,6,6,0,4,3,2,18.75,16.67,18.75,16.67,16.67,12.5,8,8,9,9,8,0,2,1,15.69,15.69,19.61,17.65,17.65,13.73,9,8,9,9,7
0,2,7,16,1,10,2,0,0.65,1,28,2,15.91,20.45,20.45,20.45,11.36,11.36,1,8,9,7,7,7,6,7,6,2,28,13,2,3,3,1,5,2,2,8,4,5,8,8,8,8,3,6,6,6,5,8,7,10,9,8,4,8.51,19.15,19.15,19.15,19.15,14.89,28.57,8.57,20,20,14.29,8.57,8,8,8,8,8,0,4,7,8,4,6,7,4,8,0,6,1,3,16.22,13.51,18.92,18.92,16.22,16.22,7,8,8,8,8,0,5,1,15.22,17.39,17.39,17.39,15.22,17.39,8,9,12,9,12
0,2,7,16,1,11,4,0,-0.11,1,22,2,16.67,18.75,18.75,18.75,18.75,8.33,0,7,6,7,5,8,7,7,5,2,28,13,2,3,3,1,5,2,2,8,4,5,8,8,8,8,3,6,6,6,5,8,7,10,9,8,4,8.51,19.15,19.15,19.15,19.15,14.89,28.57,8.57,20,20,14.29,8.57,8,8,8,8,8,0,8,6,8,8,6,8,7,3,0,6,1,3,16.22,13.51,18.92,18.92,16.22,16.22,7,8,8,8,8,0,5,1,15.22,17.39,17.39,17.39,15.22,17.39,8,9,12,9,12
0,2,7,16,1,7,6,0,0.47,1,26,2,12,20,20,20,16,12,1,8,8,8,7,7,6,8,3,2,28,13,2,3,3,1,5,2,2,8,4,5,8,8,8,8,3,6,6,6,5,8,7,10,9,8,4,8.51,19.15,19.15,19.15,19.15,14.89,28.57,8.57,20,20,14.29,8.57,8,8,8,8,8,0,5,6,6,4,4,4,5,7,0,6,1,3,16.22,13.51,18.92,18.92,16.22,16.22,7,8,8,8,8,0,5,1,15.22,17.39,17.39,17.39,15.22,17.39,8,9,12,9,12
0,2,7,16,1,8,10,0,0.26,1,23,2,18.6,13.95,18.6,16.28,16.28,16.28,1,6,6,6,5,4,4,7,5,2,28,13,2,3,3,1,5,2,2,8,4,5,8,8,8,8,3,6,6,6,5,8,7,10,9,8,4,8.51,19.15,19.15,19.15,19.15,14.89,28.57,8.57,20,20,14.29,8.57,8,8,8,8,8,0,4,6,7,7,5,8,5,7,0,6,1,3,16.22,13.51,18.92,18.92,16.22,16.22,7,8,8,8,8,0,5,1,15.22,17.39,17.39,17.39,15.22,17.39,8,9,12,9,12
0,2,7,16,1,13,12,0,0.45,1,28,2,17.78,20,17.78,15.56,15.56,13.33,0,9,8,9,8,8,8,9,8,2,28,13,2,3,3,1,5,2,2,8,4,5,8,8,8,8,3,6,6,6,5,8,7,10,9,8,4,8.51,19.15,19.15,19.15,19.15,14.89,28.57,8.57,20,20,14.29,8.57,8,8,8,8,8,1,8,7,8,7,7,8,7,7,0,6,1,3,16.22,13.51,18.92,18.92,16.22,16.22,7,8,8,8,8,0,5,1,15.22,17.39,17.39,17.39,15.22,17.39,8,9,12,9,12
0,2,7,16,8,6,3,0,0.11,0,29,1,16,18,18,18,14,16,1,7,10,9,8,8,3,7,7,2,31,7,2,3,3,4,5,2,2,5,1,3,5,3,3,9,1,5,7,1,1,7,5,4,2,10,5,12,20,20,20,14,14,25,15,15,15,15,15,7,9,8,9,8,0,9,7,7,7,7,2,7,1,0,6,1,2,14,18,18,18,16,16,6,9,9,8,7,1,1,1,10.87,19.57,17.39,19.57,15.22,17.39,6,6,7,7,7
0,2,7,16,8,2,4,0,0.2,1,22,2,16.67,18.75,18.75,18.75,18.75,8.33,0,8,8,10,8,6,5,6,3,2,31,7,2,3,3,4,5,2,2,5,1,3,5,3,3,9,1,5,7,1,1,7,5,4,2,10,5,12,20,20,20,14,14,25,15,15,15,15,15,7,9,8,9,8,0,8,5,8,8,8,7,7,2,0,6,1,2,14,18,18,18,16,16,6,9,9,8,7,1,1,1,10.87,19.57,17.39,19.57,15.22,17.39,6,6,7,7,7
0,2,7,16,8,11,5,0,0.46,0,27,4,15.22,15.22,19.57,17.39,13.04,19.57,0,6,9,8,5,6,3,5,5,2,31,7,2,3,3,4,5,2,2,5,1,3,5,3,3,9,1,5,7,1,1,7,5,4,2,10,5,12,20,20,20,14,14,25,15,15,15,15,15,7,9,8,9,8,0,6,6,7,6,6,5,7,4,0,6,1,2,14,18,18,18,16,16,6,9,9,8,7,1,1,1,10.87,19.57,17.39,19.57,15.22,17.39,6,6,7,7,7
0,2,7,16,8,15,10,1,0.39,1,23,2,18.6,13.95,18.6,16.28,16.28,16.28,1,7,5,6,7,5,4,6,5,2,31,7,2,3,3,4,5,2,2,5,1,3,5,3,3,9,1,5,7,1,1,7,5,4,2,10,5,12,20,20,20,14,14,25,15,15,15,15,15,7,9,8,9,8,1,7,7,8,8,8,8,7,5,0,6,1,2,14,18,18,18,16,16,6,9,9,8,7,1,1,1,10.87,19.57,17.39,19.57,15.22,17.39,6,6,7,7,7
0,2,7,16,8,4,12,0,0.3,1,28,2,17.78,20,17.78,15.56,15.56,13.33,0,7,8,9,7,9,8,8,7,2,31,7,2,3,3,4,5,2,2,5,1,3,5,3,3,9,1,5,7,1,1,7,5,4,2,10,5,12,20,20,20,14,14,25,15,15,15,15,15,7,9,8,9,8,1,9,9,9,9,9,7,9,5,0,6,1,2,14,18,18,18,16,16,6,9,9,8,7,1,1,1,10.87,19.57,17.39,19.57,15.22,17.39,6,6,7,7,7
0,2,7,16,8,3,13,0,0.15,0,28,4,16.28,20.93,18.6,18.6,13.95,11.63,1,6,7,7,7,6,7,6,5,2,31,7,2,3,3,4,5,2,2,5,1,3,5,3,3,9,1,5,7,1,1,7,5,4,2,10,5,12,20,20,20,14,14,25,15,15,15,15,15,7,9,8,9,8,0,5,6,9,6,9,3,8,5,0,6,1,2,14,18,18,18,16,16,6,9,9,8,7,1,1,1,10.87,19.57,17.39,19.57,15.22,17.39,6,6,7,7,7
0,2,7,16,6,14,1,0,0.24,1,23,2,19.05,19.05,19.05,19.05,9.52,14.29,1,10,8,8,9,7,6,9,4,2,28,13,2,1,2,3,3,1,9,5,1,8,10,9,8,8,4,1,8,1,9,8,9,10,7,7,3,14.55,16.36,18.18,18.18,16.36,16.36,23.81,14.29,16.67,19.05,14.29,11.9,9,10,10,10,8,0,4,5,5,1,3,1,2,3,0,5,1,1,15.38,17.31,17.31,17.31,15.38,17.31,9,9,9,9,8,2,2,1,15.38,19.23,17.31,19.23,13.46,15.38,12,9,9,12,8
0,2,7,16,6,16,4,0,-0.35,1,22,2,16.67,18.75,18.75,18.75,18.75,8.33,1,10,8,8,9,8,5,8,4,2,28,13,2,1,2,3,3,1,9,5,1,8,10,9,8,8,4,1,8,1,9,8,9,10,7,7,3,14.55,16.36,18.18,18.18,16.36,16.36,23.81,14.29,16.67,19.05,14.29,11.9,9,10,10,10,8,0,9,7,8,8,7,7,9,8,0,5,1,1,15.38,17.31,17.31,17.31,15.38,17.31,9,9,9,9,8,2,2,1,15.38,19.23,17.31,19.23,13.46,15.38,12,9,9,12,8
0,2,7,16,6,9,5,1,0.45,0,27,4,15.22,15.22,19.57,17.39,13.04,19.57,1,8,7,7,7,6,9,9,6,2,28,13,2,1,2,3,3,1,9,5,1,8,10,9,8,8,4,1,8,1,9,8,9,10,7,7,3,14.55,16.36,18.18,18.18,16.36,16.36,23.81,14.29,16.67,19.05,14.29,11.9,9,10,10,10,8,1,9,8,7,7,6,9,8,8,0,5,1,1,15.38,17.31,17.31,17.31,15.38,17.31,9,9,9,9,8,2,2,1,15.38,19.23,17.31,19.23,13.46,15.38,12,9,9,12,8
0,2,7,16,6,12,6,0,0.65,1,26,2,12,20,20,20,16,12,1,8,9,8,7,6,5,8,3,2,28,13,2,1,2,3,3,1,9,5,1,8,10,9,8,8,4,1,8,1,9,8,9,10,7,7,3,14.55,16.36,18.18,18.18,16.36,16.36,23.81,14.29,16.67,19.05,14.29,11.9,9,10,10,10,8,0,7,5,7,8,7,7,7.5,6,0,5,1,1,15.38,17.31,17.31,17.31,15.38,17.31,9,9,9,9,8,2,2,1,15.38,19.23,17.31,19.23,13.46,15.38,12,9,9,12,8
0,2,7,16,6,11,8,0,0.47,1,30,2,16.67,12.5,20.83,18.75,12.5,18.75,0,10,9,8,10,7,3,6,3,2,28,13,2,1,2,3,3,1,9,5,1,8,10,9,8,8,4,1,8,1,9,8,9,10,7,7,3,14.55,16.36,18.18,18.18,16.36,16.36,23.81,14.29,16.67,19.05,14.29,11.9,9,10,10,10,8,0,8,5,5,4,6,5,4,4,0,5,1,1,15.38,17.31,17.31,17.31,15.38,17.31,9,9,9,9,8,2,2,1,15.38,19.23,17.31,19.23,13.46,15.38,12,9,9,12,8
0,2,7,16,6,13,10,0,0.19,1,23,2,18.6,13.95,18.6,16.28,16.28,16.28,1,8,8,5,4,3,4,7,4,2,28,13,2,1,2,3,3,1,9,5,1,8,10,9,8,8,4,1,8,1,9,8,9,10,7,7,3,14.55,16.36,18.18,18.18,16.36,16.36,23.81,14.29,16.67,19.05,14.29,11.9,9,10,10,10,8,0,6,3,6,5,4,7,3,3,0,5,1,1,15.38,17.31,17.31,17.31,15.38,17.31,9,9,9,9,8,2,2,1,15.38,19.23,17.31,19.23,13.46,15.38,12,9,9,12,8
0,2,7,16,6,8,11,0,0.36,0,23,4,11.11,17.78,17.78,17.78,17.78,17.78,1,9,8,7,7,8,7,8,8,2,28,13,2,1,2,3,3,1,9,5,1,8,10,9,8,8,4,1,8,1,9,8,9,10,7,7,3,14.55,16.36,18.18,18.18,16.36,16.36,23.81,14.29,16.67,19.05,14.29,11.9,9,10,10,10,8,0,6,3,7,4,5,4,4,5,0,5,1,1,15.38,17.31,17.31,17.31,15.38,17.31,9,9,9,9,8,2,2,1,15.38,19.23,17.31,19.23,13.46,15.38,12,9,9,12,8
0,2,7,16,6,1,13,0,0.67,0,28,4,16.28,20.93,18.6,18.6,13.95,11.63,1,8,7,7,8,7,5,7,6,2,28,13,2,1,2,3,3,1,9,5,1,8,10,9,8,8,4,1,8,1,9,8,9,10,7,7,3,14.55,16.36,18.18,18.18,16.36,16.36,23.81,14.29,16.67,19.05,14.29,11.9,9,10,10,10,8,0,3,8,8,3,7,2,4,6,0,5,1,1,15.38,17.31,17.31,17.31,15.38,17.31,9,9,9,9,8,2,2,1,15.38,19.23,17.31,19.23,13.46,15.38,12,9,9,12,8
0,2,7,16,6,10,15,0,0,1,27,2,17.78,17.78,22.22,20,15.56,6.67,1,8,7,8,6,8,6,6,4,2,28,13,2,1,2,3,3,1,9,5,1,8,10,9,8,8,4,1,8,1,9,8,9,10,7,7,3,14.55,16.36,18.18,18.18,16.36,16.36,23.81,14.29,16.67,19.05,14.29,11.9,9,10,10,10,8,0,7,8,7,6,7,8,7,7,0,5,1,1,15.38,17.31,17.31,17.31,15.38,17.31,9,9,9,9,8,2,2,1,15.38,19.23,17.31,19.23,13.46,15.38,12,9,9,12,8
0,2,7,16,6,7,16,1,0.09,1,22,2,18.37,18.37,20.41,20.41,16.33,6.12,1,9,8,7,8,7,7,8,6,2,28,13,2,1,2,3,3,1,9,5,1,8,10,9,8,8,4,1,8,1,9,8,9,10,7,7,3,14.55,16.36,18.18,18.18,16.36,16.36,23.81,14.29,16.67,19.05,14.29,11.9,9,10,10,10,8,1,8,7,8,9,6,10,9,9,0,5,1,1,15.38,17.31,17.31,17.31,15.38,17.31,9,9,9,9,8,2,2,1,15.38,19.23,17.31,19.23,13.46,15.38,12,9,9,12,8
0,2,7,16,12,4,1,0,0.51,0,23,2,19.05,19.05,19.05,19.05,9.52,14.29,1,9,9,8,7,7,6,8,4,2,27,13,4,2,3,1,4,3,2,4,1,4,8,9,8,5,5,7,10,5,9,10,9,9,7,1,5,14,20,20,14,18,14,24.32,13.51,13.51,24.32,8.11,16.22,7,9,8,10,8,0,6,7,7,6,8,6,6,6,0,4,3,3,16.67,18.75,18.75,14.58,16.67,14.58,8,7,9,8,8,0,1,0,15.22,17.39,17.39,15.22,17.39,17.39,7,8,9,9,8
0,2,7,16,12,10,3,0,-0.01,0,29,1,16,18,18,18,14,16,0,7,9,10,6,9,3,5,5,2,27,13,4,2,3,1,4,3,2,4,1,4,8,9,8,5,5,7,10,5,9,10,9,9,7,1,5,14,20,20,14,18,14,24.32,13.51,13.51,24.32,8.11,16.22,7,9,8,10,8,0,6,8,7,7,7,4,6,5,0,4,3,3,16.67,18.75,18.75,14.58,16.67,14.58,8,7,9,8,8,0,1,0,15.22,17.39,17.39,15.22,17.39,17.39,7,8,9,9,8
0,2,7,16,12,6,4,0,-0.32,0,22,2,16.67,18.75,18.75,18.75,18.75,8.33,0,7,10,9,6,5,2,6,5,2,27,13,4,2,3,1,4,3,2,4,1,4,8,9,8,5,5,7,10,5,9,10,9,9,7,1,5,14,20,20,14,18,14,24.32,13.51,13.51,24.32,8.11,16.22,7,9,8,10,8,1,8,8,8,8,9,9,8,7,0,4,3,3,16.67,18.75,18.75,14.58,16.67,14.58,8,7,9,8,8,0,1,0,15.22,17.39,17.39,15.22,17.39,17.39,7,8,9,9,8
0,2,7,16,12,1,8,1,0.62,0,30,2,16.67,12.5,20.83,18.75,12.5,18.75,1,8,9,10,5,9,5,7,4,2,27,13,4,2,3,1,4,3,2,4,1,4,8,9,8,5,5,7,10,5,9,10,9,9,7,1,5,14,20,20,14,18,14,24.32,13.51,13.51,24.32,8.11,16.22,7,9,8,10,8,1,8,8,7,8,8,9,9,6,0,4,3,3,16.67,18.75,18.75,14.58,16.67,14.58,8,7,9,8,8,0,1,0,15.22,17.39,17.39,15.22,17.39,17.39,7,8,9,9,8
0,2,7,16,12,14,11,0,0.22,1,23,4,11.11,17.78,17.78,17.78,17.78,17.78,1,7,7,7,7,7,6,7,7,2,27,13,4,2,3,1,4,3,2,4,1,4,8,9,8,5,5,7,10,5,9,10,9,9,7,1,5,14,20,20,14,18,14,24.32,13.51,13.51,24.32,8.11,16.22,7,9,8,10,8,0,4,7,7,6,7,5,6,7,0,4,3,3,16.67,18.75,18.75,14.58,16.67,14.58,8,7,9,8,8,0,1,0,15.22,17.39,17.39,15.22,17.39,17.39,7,8,9,9,8
0,2,7,16,12,8,12,0,0.07,0,28,2,17.78,20,17.78,15.56,15.56,13.33,0,10,9,8,7,8,6,8,8,2,27,13,4,2,3,1,4,3,2,4,1,4,8,9,8,5,5,7,10,5,9,10,9,9,7,1,5,14,20,20,14,18,14,24.32,13.51,13.51,24.32,8.11,16.22,7,9,8,10,8,1,8,9,9,8,8,6,8,7,0,4,3,3,16.67,18.75,18.75,14.58,16.67,14.58,8,7,9,8,8,0,1,0,15.22,17.39,17.39,15.22,17.39,17.39,7,8,9,9,8
0,2,7,16,12,13,16,0,-0.15,0,22,2,18.37,18.37,20.41,20.41,16.33,6.12,0,5,5,5,5,5,5,5,3,2,27,13,4,2,3,1,4,3,2,4,1,4,8,9,8,5,5,7,10,5,9,10,9,9,7,1,5,14,20,20,14,18,14,24.32,13.51,13.51,24.32,8.11,16.22,7,9,8,10,8,0,5,8,8,6,7,7,7,7,0,4,3,3,16.67,18.75,18.75,14.58,16.67,14.58,8,7,9,8,8,0,1,0,15.22,17.39,17.39,15.22,17.39,17.39,7,8,9,9,8
0,2,7,16,11,14,5,0,0.3,1,27,4,15.22,15.22,19.57,17.39,13.04,19.57,0,5,7,6,3,7,3,4,3,2,28,7,4,1,1,2,6,3,2,8,5,7,7,7,6,6,5,7,10,6,7,9,7,7,8,5,6,9.76,19.51,19.51,14.63,19.51,17.07,23.53,17.65,14.71,14.71,14.71,14.71,7,7,6,7,6,1,5,5,7,6,7,6,5,5,0,5,1,3,13.95,16.28,18.6,16.28,18.6,16.28,7,7,7,7,7,0,2,1,11.9,16.67,19.05,16.67,19.05,16.67,7,7,8,7,7
0,2,7,16,11,1,6,1,0.49,0,26,2,12,20,20,20,16,12,1,8,10,8,8,8,6,8,5,2,28,7,4,1,1,2,6,3,2,8,5,7,7,7,6,6,5,7,10,6,7,9,7,7,8,5,6,9.76,19.51,19.51,14.63,19.51,17.07,23.53,17.65,14.71,14.71,14.71,14.71,7,7,6,7,6,1,8,8,8,8,6,7,8,7,0,5,1,3,13.95,16.28,18.6,16.28,18.6,16.28,7,7,7,7,7,0,2,1,11.9,16.67,19.05,16.67,19.05,16.67,7,7,8,7,7
1,2,7,16,9,1,1,0,0.35,1,24,2,14.29,14.29,21.43,21.43,19.05,9.52,0,4,5,6,4,6,4,4,9,2,23,10,2,3,4,4,6,2,2,2,4,4,6,7,4,7,7,6,8,6,5,8,4,9,5,1,7,19.05,19.05,19.05,19.05,9.52,14.29,15.22,19.57,19.57,19.57,8.7,17.39,7,9,7,9,6,1,10,8,8,7,7,5,9,5,0,8,1,2,17.78,20,20,17.78,11.11,13.33,6,9,9,7,6,0,0,0,16.28,18.6,18.6,16.28,11.63,18.6,7,8,9,8,7
1,2,7,16,13,5,3,0,-0.4,1,23,2,16,16,16,18,18,16,0,4,6,7,4,7,4,4,7,2,23,10,2,3,4,4,6,2,2,2,4,4,6,7,4,7,7,6,8,6,5,8,4,9,5,1,7,19.05,19.05,19.05,19.05,9.52,14.29,15.22,19.57,19.57,19.57,8.7,17.39,7,9,7,9,6,1,9,9,9,7,7,8,9,7,0,8,1,2,17.78,20,20,17.78,11.11,13.33,6,9,9,7,6,0,0,0,16.28,18.6,18.6,16.28,11.63,18.6,7,8,9,8,7
1,2,7,16,14,6,4,0,0.42,1,24,2,11.36,18.18,22.73,18.18,11.36,18.18,0,7,10,10,7,9,8,8,5,2,23,10,2,3,4,4,6,2,2,2,4,4,6,7,4,7,7,6,8,6,5,8,4,9,5,1,7,19.05,19.05,19.05,19.05,9.52,14.29,15.22,19.57,19.57,19.57,8.7,17.39,7,9,7,9,6,1,9,8,9,7,7,8,9,6,0,8,1,2,17.78,20,20,17.78,11.11,13.33,6,9,9,7,6,0,0,0,16.28,18.6,18.6,16.28,11.63,18.6,7,8,9,8,7
1,2,7,16,3,11,6,0,-0.15,0,26,4,18,18,20,18,16,10,0,5,5,8,5,5,5,5,4,2,23,10,2,3,4,4,6,2,2,2,4,4,6,7,4,7,7,6,8,6,5,8,4,9,5,1,7,19.05,19.05,19.05,19.05,9.52,14.29,15.22,19.57,19.57,19.57,8.7,17.39,7,9,7,9,6,1,9,7,7,9,8,6,8,4,0,8,1,2,17.78,20,20,17.78,11.11,13.33,6,9,9,7,6,0,0,0,16.28,18.6,18.6,16.28,11.63,18.6,7,8,9,8,7
1,2,7,16,2,10,7,0,0.11,0,27,4,15.09,16.98,16.98,18.87,18.87,13.21,0,4,8,8,2,6,1,1,1,2,23,10,2,3,4,4,6,2,2,2,4,4,6,7,4,7,7,6,8,6,5,8,4,9,5,1,7,19.05,19.05,19.05,19.05,9.52,14.29,15.22,19.57,19.57,19.57,8.7,17.39,7,9,7,9,6,1,9,8,8,7,7,7,8,5,0,8,1,2,17.78,20,20,17.78,11.11,13.33,6,9,9,7,6,0,0,0,16.28,18.6,18.6,16.28,11.63,18.6,7,8,9,8,7
1,2,7,16,6,14,10,0,0.24,1,28,2,14.55,16.36,18.18,18.18,16.36,16.36,0,4,5,5,1,3,1,2,3,2,23,10,2,3,4,4,6,2,2,2,4,4,6,7,4,7,7,6,8,6,5,8,4,9,5,1,7,19.05,19.05,19.05,19.05,9.52,14.29,15.22,19.57,19.57,19.57,8.7,17.39,7,9,7,9,6,1,10,8,8,9,7,6,9,4,0,8,1,2,17.78,20,20,17.78,11.11,13.33,6,9,9,7,6,0,0,0,16.28,18.6,18.6,16.28,11.63,18.6,7,8,9,8,7
1,2,7,16,12,4,11,0,0.51,0,27,4,14,20,20,14,18,14,0,6,7,7,6,8,6,6,6,2,23,10,2,3,4,4,6,2,2,2,4,4,6,7,4,7,7,6,8,6,5,8,4,9,5,1,7,19.05,19.05,19.05,19.05,9.52,14.29,15.22,19.57,19.57,19.57,8.7,17.39,7,9,7,9,6,1,9,9,8,7,7,6,8,4,0,8,1,2,17.78,20,20,17.78,11.11,13.33,6,9,9,7,6,0,0,0,16.28,18.6,18.6,16.28,11.63,18.6,7,8,9,8,7
1,2,7,16,15,7,13,0,-0.26,1,27,2,15.38,17.31,17.31,17.31,17.31,15.38,0,5,8,10,5,8,7,5,5,2,23,10,2,3,4,4,6,2,2,2,4,4,6,7,4,7,7,6,8,6,5,8,4,9,5,1,7,19.05,19.05,19.05,19.05,9.52,14.29,15.22,19.57,19.57,19.57,8.7,17.39,7,9,7,9,6,1,9,9,7,8,7,6,8,4,0,8,1,2,17.78,20,20,17.78,11.11,13.33,6,9,9,7,6,0,0,0,16.28,18.6,18.6,16.28,11.63,18.6,7,8,9,8,7
1,2,7,16,5,13,14,0,0.24,1,27,2,15.09,18.87,18.87,16.98,16.98,13.21,0,2,6,7,2,7,2,2,5,2,23,10,2,3,4,4,6,2,2,2,4,4,6,7,4,7,7,6,8,6,5,8,4,9,5,1,7,19.05,19.05,19.05,19.05,9.52,14.29,15.22,19.57,19.57,19.57,8.7,17.39,7,9,7,9,6,1,10,9,9,8,7,7,9,6,0,8,1,2,17.78,20,20,17.78,11.11,13.33,6,9,9,7,6,0,0,0,16.28,18.6,18.6,16.28,11.63,18.6,7,8,9,8,7
1,2,7,16,7,15,15,0,0.49,0,30,1,14,18,16,18,18,16,0,4,7,10,3,10,3,3,3,2,23,10,2,3,4,4,6,2,2,2,4,4,6,7,4,7,7,6,8,6,5,8,4,9,5,1,7,19.05,19.05,19.05,19.05,9.52,14.29,15.22,19.57,19.57,19.57,8.7,17.39,7,9,7,9,6,1,9,8,8,8,7,6,8,5,0,8,1,2,17.78,20,20,17.78,11.11,13.33,6,9,9,7,6,0,0,0,16.28,18.6,18.6,16.28,11.63,18.6,7,8,9,8,7
1,2,7,16,16,8,16,0,-0.14,0,28,4,14.29,16.33,16.33,18.37,18.37,16.33,0,2,3,3,2,3,1,1,3,2,23,10,2,3,4,4,6,2,2,2,4,4,6,7,4,7,7,6,8,6,5,8,4,9,5,1,7,19.05,19.05,19.05,19.05,9.52,14.29,15.22,19.57,19.57,19.57,8.7,17.39,7,9,7,9,6,1,9,8,8,7,6,5,7,4,0,8,1,2,17.78,20,20,17.78,11.11,13.33,6,9,9,7,6,0,0,0,16.28,18.6,18.6,16.28,11.63,18.6,7,8,9,8,7
1,2,7,16,13,6,3,0,0.32,1,23,2,16,16,16,18,18,16,0,4,7,8,5,7,4,4,8,2,28,10,2,7,2,1,6,2,2,7,7,6,9,9,8,6,4,5,8,7,7,9,8,9,7,2,6,15.91,20.45,20.45,20.45,11.36,11.36,14.81,18.52,18.52,16.67,14.81,16.67,5,9,8,9,7,1,8,8,8,8,7,9,9,7,0,8,1,2,16.67,18.75,18.75,16.67,14.58,14.58,7,9,9,8,8,1,0,0,14.29,18.37,18.37,18.37,16.33,14.29,6,12,9,8,9
1,2,7,16,14,7,4,0,0.68,1,24,2,11.36,18.18,22.73,18.18,11.36,18.18,0,7,10,10,10,10,8,8,5,2,28,10,2,7,2,1,6,2,2,7,7,6,9,9,8,6,4,5,8,7,7,9,8,9,7,2,6,15.91,20.45,20.45,20.45,11.36,11.36,14.81,18.52,18.52,16.67,14.81,16.67,5,9,8,9,7,1,8,8,8,7,7,9,8,6,0,8,1,2,16.67,18.75,18.75,16.67,14.58,14.58,7,9,9,8,8,1,0,0,14.29,18.37,18.37,18.37,16.33,14.29,6,12,9,8,9
1,2,7,16,3,12,6,0,0.55,0,26,4,18,18,20,18,16,10,0,5,6,8,5,5,4,5,4,2,28,10,2,7,2,1,6,2,2,7,7,6,9,9,8,6,4,5,8,7,7,9,8,9,7,2,6,15.91,20.45,20.45,20.45,11.36,11.36,14.81,18.52,18.52,16.67,14.81,16.67,5,9,8,9,7,0,6,6,6,6,6,3,5,4,0,8,1,2,16.67,18.75,18.75,16.67,14.58,14.58,7,9,9,8,8,1,0,0,14.29,18.37,18.37,18.37,16.33,14.29,6,12,9,8,9
1,2,7,16,1,10,8,0,0.65,1,28,2,8.51,19.15,19.15,19.15,19.15,14.89,0,4,7,8,4,6,7,4,8,2,28,10,2,7,2,1,6,2,2,7,7,6,9,9,8,6,4,5,8,7,7,9,8,9,7,2,6,15.91,20.45,20.45,20.45,11.36,11.36,14.81,18.52,18.52,16.67,14.81,16.67,5,9,8,9,7,1,8,9,7,7,7,6,7,6,0,8,1,2,16.67,18.75,18.75,16.67,14.58,14.58,7,9,9,8,8,1,0,0,14.29,18.37,18.37,18.37,16.33,14.29,6,12,9,8,9
1,2,7,16,15,8,13,0,0.46,1,27,2,15.38,17.31,17.31,17.31,17.31,15.38,0,6,8,9,8,9,5,7,5,2,28,10,2,7,2,1,6,2,2,7,7,6,9,9,8,6,4,5,8,7,7,9,8,9,7,2,6,15.91,20.45,20.45,20.45,11.36,11.36,14.81,18.52,18.52,16.67,14.81,16.67,5,9,8,9,7,1,7,8,7,7,8,6,7,6,0,8,1,2,16.67,18.75,18.75,16.67,14.58,14.58,7,9,9,8,8,1,0,0,14.29,18.37,18.37,18.37,16.33,14.29,6,12,9,8,9
1,2,7,16,9,15,1,0,-0.43,1,24,2,14.29,14.29,21.43,21.43,19.05,9.52,1,6,8,8,8,8,7,8,10,1,26,9,2,1,1,4,3,3,2,6,2,2,4,8,8,4,1,1,8,1,6,6,4,6,2,1,2,12,20,20,20,16,12,14.29,14.29,14.29,23.81,14.29,19.05,7,8,8,9,7,0,7,7,7,5,6,5,6,2,0,7,3,2,14.89,17.02,19.15,19.15,14.89,14.89,7,8,9,8,7,3,0,1,13.33,15.56,17.78,20,17.78,15.56,7,7,8,7,8
1,2,7,16,10,16,2,0,0.61,1,33,2,8.33,20.83,20.83,14.58,16.67,18.75,1,9,8,9,8,9,8,8,6,1,26,9,2,1,1,4,3,3,2,6,2,2,4,8,8,4,1,1,8,1,6,6,4,6,2,1,2,12,20,20,20,16,12,14.29,14.29,14.29,23.81,14.29,19.05,7,8,8,9,7,0,5,8,7,6,6,4,5,2,1,7,3,2,14.89,17.02,19.15,19.15,14.89,14.89,7,8,9,8,7,3,0,1,13.33,15.56,17.78,20,17.78,15.56,7,7,8,7,8
1,2,7,16,13,3,3,0,0.14,1,23,2,16,16,16,18,18,16,0,6,7,7,8,7,7,7,8,2,26,9,2,1,1,4,3,3,2,6,2,2,4,8,8,4,1,1,8,1,6,6,4,6,2,1,2,12,20,20,20,16,12,14.29,14.29,14.29,23.81,14.29,19.05,7,8,8,9,7,0,8,8,8,6,6,5,6,4,0,7,3,2,14.89,17.02,19.15,19.15,14.89,14.89,7,8,9,8,7,3,0,1,13.33,15.56,17.78,20,17.78,15.56,7,7,8,7,8
1,2,7,16,14,4,4,0,0.39,1,24,2,11.36,18.18,22.73,18.18,11.36,18.18,1,9,9,8,7,9,7,9,5,2,26,9,2,1,1,4,3,3,2,6,2,2,4,8,8,4,1,1,8,1,6,6,4,6,2,1,2,12,20,20,20,16,12,14.29,14.29,14.29,23.81,14.29,19.05,7,8,8,9,7,0,6,7,6,8,5,3,5,3,0,7,3,2,14.89,17.02,19.15,19.15,14.89,14.89,7,8,9,8,7,3,0,1,13.33,15.56,17.78,20,17.78,15.56,7,7,8,7,8
1,2,7,16,3,9,6,0,0.51,0,26,4,18,18,20,18,16,10,1,7,8,8,7,7,8,8,6,2,26,9,2,1,1,4,3,3,2,6,2,2,4,8,8,4,1,1,8,1,6,6,4,6,2,1,2,12,20,20,20,16,12,14.29,14.29,14.29,23.81,14.29,19.05,7,8,8,9,7,0,7,9,7,8,7,8,6,6,0,7,3,2,14.89,17.02,19.15,19.15,14.89,14.89,7,8,9,8,7,3,0,1,13.33,15.56,17.78,20,17.78,15.56,7,7,8,7,8
1,2,7,16,2,8,7,0,0.58,0,27,4,15.09,16.98,16.98,18.87,18.87,13.21,1,7,9,9,8,8,7,8,5,2,26,9,2,1,1,4,3,3,2,6,2,2,4,8,8,4,1,1,8,1,6,6,4,6,2,1,2,12,20,20,20,16,12,14.29,14.29,14.29,23.81,14.29,19.05,7,8,8,9,7,0,8,8,8,7,6,5,7,4,0,7,3,2,14.89,17.02,19.15,19.15,14.89,14.89,7,8,9,8,7,3,0,1,13.33,15.56,17.78,20,17.78,15.56,7,7,8,7,8
1,2,7,16,1,7,8,0,0.47,1,28,2,8.51,19.15,19.15,19.15,19.15,14.89,0,5,6,6,4,4,4,5,7,2,26,9,2,1,1,4,3,3,2,6,2,2,4,8,8,4,1,1,8,1,6,6,4,6,2,1,2,12,20,20,20,16,12,14.29,14.29,14.29,23.81,14.29,19.05,7,8,8,9,7,1,8,8,8,7,7,6,8,3,0,7,3,2,14.89,17.02,19.15,19.15,14.89,14.89,7,8,9,8,7,3,0,1,13.33,15.56,17.78,20,17.78,15.56,7,7,8,7,8
1,2,7,16,6,12,10,0,0.65,1,28,2,14.55,16.36,18.18,18.18,16.36,16.36,0,7,5,7,8,7,7,7.5,6,2,26,9,2,1,1,4,3,3,2,6,2,2,4,8,8,4,1,1,8,1,6,6,4,6,2,1,2,12,20,20,20,16,12,14.29,14.29,14.29,23.81,14.29,19.05,7,8,8,9,7,1,8,9,8,7,6,5,8,3,0,7,3,2,14.89,17.02,19.15,19.15,14.89,14.89,7,8,9,8,7,3,0,1,13.33,15.56,17.78,20,17.78,15.56,7,7,8,7,8
1,2,7,16,11,1,12,1,0.49,0,28,4,9.76,19.51,19.51,14.63,19.51,17.07,1,8,8,8,8,6,7,8,7,2,26,9,2,1,1,4,3,3,2,6,2,2,4,8,8,4,1,1,8,1,6,6,4,6,2,1,2,12,20,20,20,16,12,14.29,14.29,14.29,23.81,14.29,19.05,7,8,8,9,7,1,8,10,8,8,8,6,8,5,0,7,3,2,14.89,17.02,19.15,19.15,14.89,14.89,7,8,9,8,7,3,0,1,13.33,15.56,17.78,20,17.78,15.56,7,7,8,7,8
1,2,7,16,15,5,13,1,0.39,1,27,2,15.38,17.31,17.31,17.31,17.31,15.38,1,9,9,8,9,8,6,8,3,2,26,9,2,1,1,4,3,3,2,6,2,2,4,8,8,4,1,1,8,1,6,6,4,6,2,1,2,12,20,20,20,16,12,14.29,14.29,14.29,23.81,14.29,19.05,7,8,8,9,7,1,8,10,8,8,7,5,7,5,0,7,3,2,14.89,17.02,19.15,19.15,14.89,14.89,7,8,9,8,7,3,0,1,13.33,15.56,17.78,20,17.78,15.56,7,7,8,7,8
1,2,7,16,5,11,14,0,0.54,1,27,2,15.09,18.87,18.87,16.98,16.98,13.21,0,6,7,6,6,5,7,6,6,2,26,9,2,1,1,4,3,3,2,6,2,2,4,8,8,4,1,1,8,1,6,6,4,6,2,1,2,12,20,20,20,16,12,14.29,14.29,14.29,23.81,14.29,19.05,7,8,8,9,7,0,8,6,6,6,6,7,7,4,0,7,3,2,14.89,17.02,19.15,19.15,14.89,14.89,7,8,9,8,7,3,0,1,13.33,15.56,17.78,20,17.78,15.56,7,7,8,7,8
1,2,7,16,7,13,15,1,0.21,0,30,1,14,18,16,18,18,16,1,6,9,10,7,10,8,7,6,2,26,9,2,1,1,4,3,3,2,6,2,2,4,8,8,4,1,1,8,1,6,6,4,6,2,1,2,12,20,20,20,16,12,14.29,14.29,14.29,23.81,14.29,19.05,7,8,8,9,7,1,8,9,9,8,8,8,8,6,0,7,3,2,14.89,17.02,19.15,19.15,14.89,14.89,7,8,9,8,7,3,0,1,13.33,15.56,17.78,20,17.78,15.56,7,7,8,7,8
1,2,7,16,16,6,16,0,0.15,0,28,4,14.29,16.33,16.33,18.37,18.37,16.33,0,5,7,6,5,5,4,3,5,2,26,9,2,1,1,4,3,3,2,6,2,2,4,8,8,4,1,1,8,1,6,6,4,6,2,1,2,12,20,20,20,16,12,14.29,14.29,14.29,23.81,14.29,19.05,7,8,8,9,7,0,7,6,6,6,7,4,5,3,0,7,3,2,14.89,17.02,19.15,19.15,14.89,14.89,7,8,9,8,7,3,0,1,13.33,15.56,17.78,20,17.78,15.56,7,7,8,7,8
1,2,7,16,9,14,1,0,-0.4,1,24,2,14.29,14.29,21.43,21.43,19.05,9.52,0,6,8,7,6,5,7,7,2,2,30,13,2,4,7,3,6,3,6,3,1,6,6,7,7,2,1,1,10,8,8,8,5,5,2,2,6,16.67,12.5,20.83,18.75,12.5,18.75,9.09,20.45,18.18,20.45,13.64,18.18,8,6,7,9,2,0,8,8,9,7,8,6,6,3,0,8,1,2,19.51,19.51,21.95,14.63,7.32,17.07,8,7,9,5,3,2,0,1,17.78,17.78,20,15.56,11.11,17.78,8,7,9,5,4
1,2,7,16,13,2,3,0,0.01,1,23,2,16,16,16,18,18,16,0,7,6,6,5,6,5,6,8,2,30,13,2,4,7,3,6,3,6,3,1,6,6,7,7,2,1,1,10,8,8,8,5,5,2,2,6,16.67,12.5,20.83,18.75,12.5,18.75,9.09,20.45,18.18,20.45,13.64,18.18,8,6,7,9,2,0,7,8,10,8,7,6,7,5,0,8,1,2,19.51,19.51,21.95,14.63,7.32,17.07,8,7,9,5,3,2,0,1,17.78,17.78,20,15.56,11.11,17.78,8,7,9,5,4
1,2,7,16,14,3,4,0,0.72,1,24,2,11.36,18.18,22.73,18.18,11.36,18.18,0,8,8,7,7,5,4,2,5,2,30,13,2,4,7,3,6,3,6,3,1,6,6,7,7,2,1,1,10,8,8,8,5,5,2,2,6,16.67,12.5,20.83,18.75,12.5,18.75,9.09,20.45,18.18,20.45,13.64,18.18,8,6,7,9,2,0,6,8,9,6,8,5,6,4,0,8,1,2,19.51,19.51,21.95,14.63,7.32,17.07,8,7,9,5,3,2,0,1,17.78,17.78,20,15.56,11.11,17.78,8,7,9,5,4
1,2,7,16,3,8,6,1,0.66,0,26,4,18,18,20,18,16,10,1,7,7,7,5,6,5,6,6,2,30,13,2,4,7,3,6,3,6,3,1,6,6,7,7,2,1,1,10,8,8,8,5,5,2,2,6,16.67,12.5,20.83,18.75,12.5,18.75,9.09,20.45,18.18,20.45,13.64,18.18,8,6,7,9,2,1,7,8,8,10,8,5,8,4,0,8,1,2,19.51,19.51,21.95,14.63,7.32,17.07,8,7,9,5,3,2,0,1,17.78,17.78,20,15.56,11.11,17.78,8,7,9,5,4
1,2,7,16,2,7,7,0,0.8,0,27,4,15.09,16.98,16.98,18.87,18.87,13.21,0,6,7,6,1,5,2,1,1,2,30,13,2,4,7,3,6,3,6,3,1,6,6,7,7,2,1,1,10,8,8,8,5,5,2,2,6,16.67,12.5,20.83,18.75,12.5,18.75,9.09,20.45,18.18,20.45,13.64,18.18,8,6,7,9,2,1,8,8,9,6,9,5,8,4,0,8,1,2,19.51,19.51,21.95,14.63,7.32,17.07,8,7,9,5,3,2,0,1,17.78,17.78,20,15.56,11.11,17.78,8,7,9,5,4
1,2,7,16,6,11,10,0,0.47,1,28,2,14.55,16.36,18.18,18.18,16.36,16.36,0,8,5,5,4,6,5,4,4,2,30,13,2,4,7,3,6,3,6,3,1,6,6,7,7,2,1,1,10,8,8,8,5,5,2,2,6,16.67,12.5,20.83,18.75,12.5,18.75,9.09,20.45,18.18,20.45,13.64,18.18,8,6,7,9,2,0,10,9,8,10,7,3,6,3,0,8,1,2,19.51,19.51,21.95,14.63,7.32,17.07,8,7,9,5,3,2,0,1,17.78,17.78,20,15.56,11.11,17.78,8,7,9,5,4
1,2,7,16,12,1,11,1,0.62,0,27,4,14,20,20,14,18,14,1,8,8,7,8,8,9,9,6,2,30,13,2,4,7,3,6,3,6,3,1,6,6,7,7,2,1,1,10,8,8,8,5,5,2,2,6,16.67,12.5,20.83,18.75,12.5,18.75,9.09,20.45,18.18,20.45,13.64,18.18,8,6,7,9,2,1,8,9,10,5,9,5,7,4,0,8,1,2,19.51,19.51,21.95,14.63,7.32,17.07,8,7,9,5,3,2,0,1,17.78,17.78,20,15.56,11.11,17.78,8,7,9,5,4
1,2,7,16,15,4,13,0,0.46,1,27,2,15.38,17.31,17.31,17.31,17.31,15.38,0,7,9,7,5,5,4,5,3,2,30,13,2,4,7,3,6,3,6,3,1,6,6,7,7,2,1,1,10,8,8,8,5,5,2,2,6,16.67,12.5,20.83,18.75,12.5,18.75,9.09,20.45,18.18,20.45,13.64,18.18,8,6,7,9,2,0,10,8,8,8,10,3,5,2,0,8,1,2,19.51,19.51,21.95,14.63,7.32,17.07,8,7,9,5,3,2,0,1,17.78,17.78,20,15.56,11.11,17.78,8,7,9,5,4
1,2,7,16,5,10,14,0,0.77,1,27,2,15.09,18.87,18.87,16.98,16.98,13.21,0,7,6,5,6,4,5,5,5,2,30,13,2,4,7,3,6,3,6,3,1,6,6,7,7,2,1,1,10,8,8,8,5,5,2,2,6,16.67,12.5,20.83,18.75,12.5,18.75,9.09,20.45,18.18,20.45,13.64,18.18,8,6,7,9,2,0,9,9,8,6,5,5,6,5,0,8,1,2,19.51,19.51,21.95,14.63,7.32,17.07,8,7,9,5,3,2,0,1,17.78,17.78,20,15.56,11.11,17.78,8,7,9,5,4
1,2,7,16,7,12,15,0,0.65,0,30,1,14,18,16,18,18,16,0,8,5,10,7,8,6,5,5,2,30,13,2,4,7,3,6,3,6,3,1,6,6,7,7,2,1,1,10,8,8,8,5,5,2,2,6,16.67,12.5,20.83,18.75,12.5,18.75,9.09,20.45,18.18,20.45,13.64,18.18,8,6,7,9,2,0,7,8,7,7,8,6,6,6,0,8,1,2,19.51,19.51,21.95,14.63,7.32,17.07,8,7,9,5,3,2,0,1,17.78,17.78,20,15.56,11.11,17.78,8,7,9,5,4
1,2,7,16,16,5,16,0,-0.09,0,28,4,14.29,16.33,16.33,18.37,18.37,16.33,0,6,7,7,4,5,4,4,5,2,30,13,2,4,7,3,6,3,6,3,1,6,6,7,7,2,1,1,10,8,8,8,5,5,2,2,6,16.67,12.5,20.83,18.75,12.5,18.75,9.09,20.45,18.18,20.45,13.64,18.18,8,6,7,9,2,1,9,7,8,6,8,5,7,4,0,8,1,2,19.51,19.51,21.95,14.63,7.32,17.07,8,7,9,5,3,2,0,1,17.78,17.78,20,15.56,11.11,17.78,8,7,9,5,4
1,2,7,16,9,5,1,1,-0.59,1,24,2,14.29,14.29,21.43,21.43,19.05,9.52,1,10,10,10,10,10,10,10,9,2,28,10,2,2,3,2,6,2,2,10,7,8,9,9,7,7,1,6,4,2,7,6,8,8,4,4,6,17.78,20,17.78,15.56,15.56,13.33,20,15.56,17.78,17.78,15.56,13.33,7,9,7,8,7,1,8,8,9,8,7,8,8,7,0,6,1,1,18.75,18.75,16.67,16.67,14.58,14.58,8,9,8,7,7,1,0,0,16.33,18.37,18.37,16.33,16.33,14.29,8,9,8,7,7
1,2,7,16,10,6,2,0,0.27,1,33,2,8.33,20.83,20.83,14.58,16.67,18.75,1,8,9,9,8,8,8,8,5,2,28,10,2,2,3,2,6,2,2,10,7,8,9,9,7,7,1,6,4,2,7,6,8,8,4,4,6,17.78,20,17.78,15.56,15.56,13.33,20,15.56,17.78,17.78,15.56,13.33,7,9,7,8,7,0,7,9,9,8,8,8,7,7,0,6,1,1,18.75,18.75,16.67,16.67,14.58,14.58,8,9,8,7,7,1,0,0,16.33,18.37,18.37,16.33,16.33,14.29,8,9,8,7,7
1,2,7,16,13,9,3,0,0.55,1,23,2,16,16,16,18,18,16,1,7,7,8,8,6,7,7,6,1,28,10,2,2,3,2,6,2,2,10,7,8,9,9,7,7,1,6,4,2,7,6,8,8,4,4,6,17.78,20,17.78,15.56,15.56,13.33,20,15.56,17.78,17.78,15.56,13.33,7,9,7,8,7,0,8,7,8,9,7,9,8,7,1,6,1,1,18.75,18.75,16.67,16.67,14.58,14.58,8,9,8,7,7,1,0,0,16.33,18.37,18.37,16.33,16.33,14.29,8,9,8,7,7
1,2,7,16,14,10,4,0,-0.11,1,24,2,11.36,18.18,22.73,18.18,11.36,18.18,0,9,7,9,7,7,5,7,1,1,28,10,2,2,3,2,6,2,2,10,7,8,9,9,7,7,1,6,4,2,7,6,8,8,4,4,6,17.78,20,17.78,15.56,15.56,13.33,20,15.56,17.78,17.78,15.56,13.33,7,9,7,8,7,0,7,9,9,8,9,8,8,8,1,6,1,1,18.75,18.75,16.67,16.67,14.58,14.58,8,9,8,7,7,1,0,0,16.33,18.37,18.37,16.33,16.33,14.29,8,9,8,7,7
1,2,7,16,1,13,8,0,0.45,1,28,2,8.51,19.15,19.15,19.15,19.15,14.89,1,8,7,8,7,7,8,7,7,2,28,10,2,2,3,2,6,2,2,10,7,8,9,9,7,7,1,6,4,2,7,6,8,8,4,4,6,17.78,20,17.78,15.56,15.56,13.33,20,15.56,17.78,17.78,15.56,13.33,7,9,7,8,7,0,9,8,9,8,8,8,9,8,0,6,1,1,18.75,18.75,16.67,16.67,14.58,14.58,8,9,8,7,7,1,0,0,16.33,18.37,18.37,16.33,16.33,14.29,8,9,8,7,7
1,2,7,16,8,4,9,0,0.3,1,31,2,12,20,20,20,14,14,1,9,9,9,9,9,7,9,5,2,28,10,2,2,3,2,6,2,2,10,7,8,9,9,7,7,1,6,4,2,7,6,8,8,4,4,6,17.78,20,17.78,15.56,15.56,13.33,20,15.56,17.78,17.78,15.56,13.33,7,9,7,8,7,0,7,8,9,7,9,8,8,7,0,6,1,1,18.75,18.75,16.67,16.67,14.58,14.58,8,9,8,7,7,1,0,0,16.33,18.37,18.37,16.33,16.33,14.29,8,9,8,7,7
1,2,7,16,12,8,11,0,0.07,0,27,4,14,20,20,14,18,14,1,8,9,9,8,8,6,8,7,2,28,10,2,2,3,2,6,2,2,10,7,8,9,9,7,7,1,6,4,2,7,6,8,8,4,4,6,17.78,20,17.78,15.56,15.56,13.33,20,15.56,17.78,17.78,15.56,13.33,7,9,7,8,7,0,10,9,8,7,8,6,8,8,0,6,1,1,18.75,18.75,16.67,16.67,14.58,14.58,8,9,8,7,7,1,0,0,16.33,18.37,18.37,16.33,16.33,14.29,8,9,8,7,7
1,2,7,16,15,11,13,1,0.6,1,27,2,15.38,17.31,17.31,17.31,17.31,15.38,1,9,9,9,9,8,9,8,6,2,28,10,2,2,3,2,6,2,2,10,7,8,9,9,7,7,1,6,4,2,7,6,8,8,4,4,6,17.78,20,17.78,15.56,15.56,13.33,20,15.56,17.78,17.78,15.56,13.33,7,9,7,8,7,1,10,9,9,9,9,10,10,9,0,6,1,1,18.75,18.75,16.67,16.67,14.58,14.58,8,9,8,7,7,1,0,0,16.33,18.37,18.37,16.33,16.33,14.29,8,9,8,7,7
1,2,7,16,5,1,14,0,0.23,1,27,2,15.09,18.87,18.87,16.98,16.98,13.21,1,8,8,8,7,8,6,8,5,2,28,10,2,2,3,2,6,2,2,10,7,8,9,9,7,7,1,6,4,2,7,6,8,8,4,4,6,17.78,20,17.78,15.56,15.56,13.33,20,15.56,17.78,17.78,15.56,13.33,7,9,7,8,7,0,9,8,8,8,8,8,8,9,0,6,1,1,18.75,18.75,16.67,16.67,14.58,14.58,8,9,8,7,7,1,0,0,16.33,18.37,18.37,16.33,16.33,14.29,8,9,8,7,7
1,2,7,16,7,3,15,0,-0.05,0,30,1,14,18,16,18,18,16,1,7,9,10,8,9,10,9,9,2,28,10,2,2,3,2,6,2,2,10,7,8,9,9,7,7,1,6,4,2,7,6,8,8,4,4,6,17.78,20,17.78,15.56,15.56,13.33,20,15.56,17.78,17.78,15.56,13.33,7,9,7,8,7,0,8,8,10,8,10,8,8,8,0,6,1,1,18.75,18.75,16.67,16.67,14.58,14.58,8,9,8,7,7,1,0,0,16.33,18.37,18.37,16.33,16.33,14.29,8,9,8,7,7
1,2,7,16,16,12,16,1,0.61,0,28,4,14.29,16.33,16.33,18.37,18.37,16.33,1,8,7,7,8,7,8,7,6,2,28,10,2,2,3,2,6,2,2,10,7,8,9,9,7,7,1,6,4,2,7,6,8,8,4,4,6,17.78,20,17.78,15.56,15.56,13.33,20,15.56,17.78,17.78,15.56,13.33,7,9,7,8,7,1,10,8,8,9,9,8,9,8,0,6,1,1,18.75,18.75,16.67,16.67,14.58,14.58,8,9,8,7,7,1,0,0,16.33,18.37,18.37,16.33,16.33,14.29,8,9,8,7,7
1,2,7,16,9,4,1,0,-0.27,0,24,2,14.29,14.29,21.43,21.43,19.05,9.52,0,4,7,7,9,8,7,9,10,2,28,10,4,2,1,1,5,3,4,2,1,8,8,8,8,5,3,1,9,8,7,8,6,8,4,5,6,16.28,20.93,18.6,18.6,13.95,11.63,17.78,15.56,15.56,17.78,20,13.33,7,8,6,9,8,1,7,7,7,7,5,7,7,6,0,6,1,2,19.51,21.95,17.07,14.63,12.2,14.63,6,8,9,5,8,0,0,0,16.28,20.93,20.93,16.28,11.63,13.95,6,8,9,5,7
1,2,7,16,10,5,2,0,0.55,0,33,2,8.33,20.83,20.83,14.58,16.67,18.75,0,5,5,9,6,7,8,4,5,2,28,10,4,2,1,1,5,3,4,2,1,8,8,8,8,5,3,1,9,8,7,8,6,8,4,5,6,16.28,20.93,18.6,18.6,13.95,11.63,17.78,15.56,15.56,17.78,20,13.33,7,8,6,9,8,0,5,7,7,5,7,3,4,4,0,6,1,2,19.51,21.95,17.07,14.63,12.2,14.63,6,8,9,5,8,0,0,0,16.28,20.93,20.93,16.28,11.63,13.95,6,8,9,5,7
1,2,7,16,14,9,4,0,0.7,0,24,2,11.36,18.18,22.73,18.18,11.36,18.18,0,8,10,9,7,7,10,9,5,2,28,10,4,2,1,1,5,3,4,2,1,8,8,8,8,5,3,1,9,8,7,8,6,8,4,5,6,16.28,20.93,18.6,18.6,13.95,11.63,17.78,15.56,15.56,17.78,20,13.33,7,8,6,9,8,1,6,7,6,6,6,8,6,5,0,6,1,2,19.51,21.95,17.07,14.63,12.2,14.63,6,8,9,5,8,0,0,0,16.28,20.93,20.93,16.28,11.63,13.95,6,8,9,5,7
1,2,7,16,3,14,6,0,0.43,1,26,4,18,18,20,18,16,10,0,4,7,8,4,6,4,5,5,2,28,10,4,2,1,1,5,3,4,2,1,8,8,8,8,5,3,1,9,8,7,8,6,8,4,5,6,16.28,20.93,18.6,18.6,13.95,11.63,17.78,15.56,15.56,17.78,20,13.33,7,8,6,9,8,1,7,7,7,6,6,7,6,6,0,6,1,2,19.51,21.95,17.07,14.63,12.2,14.63,6,8,9,5,8,0,0,0,16.28,20.93,20.93,16.28,11.63,13.95,6,8,9,5,7
1,2,7,16,2,13,7,0,0.74,1,27,4,15.09,16.98,16.98,18.87,18.87,13.21,0,3,8,8,4,8,1,4,1,2,28,10,4,2,1,1,5,3,4,2,1,8,8,8,8,5,3,1,9,8,7,8,6,8,4,5,6,16.28,20.93,18.6,18.6,13.95,11.63,17.78,15.56,15.56,17.78,20,13.33,7,8,6,9,8,1,6,6,7,5,8,5,6,5,0,6,1,2,19.51,21.95,17.07,14.63,12.2,14.63,6,8,9,5,8,0,0,0,16.28,20.93,20.93,16.28,11.63,13.95,6,8,9,5,7
1,2,7,16,8,3,9,0,0.15,0,31,2,12,20,20,20,14,14,0,5,6,9,6,9,3,8,5,2,28,10,4,2,1,1,5,3,4,2,1,8,8,8,8,5,3,1,9,8,7,8,6,8,4,5,6,16.28,20.93,18.6,18.6,13.95,11.63,17.78,15.56,15.56,17.78,20,13.33,7,8,6,9,8,1,6,7,7,7,6,7,6,5,0,6,1,2,19.51,21.95,17.07,14.63,12.2,14.63,6,8,9,5,8,0,0,0,16.28,20.93,20.93,16.28,11.63,13.95,6,8,9,5,7
1,2,7,16,6,1,10,0,0.67,0,28,2,14.55,16.36,18.18,18.18,16.36,16.36,0,3,8,8,3,7,2,4,6,2,28,10,4,2,1,1,5,3,4,2,1,8,8,8,8,5,3,1,9,8,7,8,6,8,4,5,6,16.28,20.93,18.6,18.6,13.95,11.63,17.78,15.56,15.56,17.78,20,13.33,7,8,6,9,8,1,8,7,7,8,7,5,7,6,0,6,1,2,19.51,21.95,17.07,14.63,12.2,14.63,6,8,9,5,8,0,0,0,16.28,20.93,20.93,16.28,11.63,13.95,6,8,9,5,7
1,2,7,16,15,10,13,0,0.25,0,27,2,15.38,17.31,17.31,17.31,17.31,15.38,0,6,10,10,5,9,6,6,5,2,28,10,4,2,1,1,5,3,4,2,1,8,8,8,8,5,3,1,9,8,7,8,6,8,4,5,6,16.28,20.93,18.6,18.6,13.95,11.63,17.78,15.56,15.56,17.78,20,13.33,7,8,6,9,8,1,6,6,7,5,7,7,6,5,0,6,1,2,19.51,21.95,17.07,14.63,12.2,14.63,6,8,9,5,8,0,0,0,16.28,20.93,20.93,16.28,11.63,13.95,6,8,9,5,7
1,2,7,16,5,16,14,0,0.85,0,27,2,15.09,18.87,18.87,16.98,16.98,13.21,0,2,8,8,3,8,6,8,5,2,28,10,4,2,1,1,5,3,4,2,1,8,8,8,8,5,3,1,9,8,7,8,6,8,4,5,6,16.28,20.93,18.6,18.6,13.95,11.63,17.78,15.56,15.56,17.78,20,13.33,7,8,6,9,8,1,6,7,7,6,6,6,6,6,0,6,1,2,19.51,21.95,17.07,14.63,12.2,14.63,6,8,9,5,8,0,0,0,16.28,20.93,20.93,16.28,11.63,13.95,6,8,9,5,7
1,2,7,16,7,2,15,0,0.75,0,30,1,14,18,16,18,18,16,0,4,8,10,3,10,8,3,2,2,28,10,4,2,1,1,5,3,4,2,1,8,8,8,8,5,3,1,9,8,7,8,6,8,4,5,6,16.28,20.93,18.6,18.6,13.95,11.63,17.78,15.56,15.56,17.78,20,13.33,7,8,6,9,8,1,6,8,8,7,8,8,6,5,0,6,1,2,19.51,21.95,17.07,14.63,12.2,14.63,6,8,9,5,8,0,0,0,16.28,20.93,20.93,16.28,11.63,13.95,6,8,9,5,7
1,2,7,16,16,11,16,0,-0.12,1,28,4,14.29,16.33,16.33,18.37,18.37,16.33,0,3,6,7,4,5,3,3,4,2,28,10,4,2,1,1,5,3,4,2,1,8,8,8,8,5,3,1,9,8,7,8,6,8,4,5,6,16.28,20.93,18.6,18.6,13.95,11.63,17.78,15.56,15.56,17.78,20,13.33,7,8,6,9,8,1,6,6,6,5,7,6,5,6,0,6,1,2,19.51,21.95,17.07,14.63,12.2,14.63,6,8,9,5,8,0,0,0,16.28,20.93,20.93,16.28,11.63,13.95,6,8,9,5,7
1,2,7,16,9,9,1,1,-0.36,1,24,2,14.29,14.29,21.43,21.43,19.05,9.52,1,4,10,9,5,6,2,7,10,2,29,8,2,1,1,1,4,2,7,8,2,8,8,5,5,5,2,8,9,6,6,9,4,9,7,1,8,19.57,10.87,19.57,19.57,19.57,10.87,15.22,15.22,19.57,19.57,19.57,10.87,10,10,10,10,10,1,7,8,9,9,8,7,7,7,0,7,1,3,20.41,12.24,16.33,18.37,14.29,18.37,10,10,10,10,10,4,2,1,18.75,14.58,16.67,18.75,14.58,16.67,12,12,12,12,12
1,2,7,16,10,10,2,0,0.34,1,33,2,8.33,20.83,20.83,14.58,16.67,18.75,1,8,9,9,7,8,8,9,8,2,29,8,2,1,1,1,4,2,7,8,2,8,8,5,5,5,2,8,9,6,6,9,4,9,7,1,8,19.57,10.87,19.57,19.57,19.57,10.87,15.22,15.22,19.57,19.57,19.57,10.87,10,10,10,10,10,0,5,8,9,6,7,9,6,7,0,7,1,3,20.41,12.24,16.33,18.37,14.29,18.37,10,10,10,10,10,4,2,1,18.75,14.58,16.67,18.75,14.58,16.67,12,12,12,12,12
1,2,7,16,13,13,3,0,0.45,1,23,2,16,16,16,18,18,16,0,5,7,8,7,7,6,6,8,2,29,8,2,1,1,1,4,2,7,8,2,8,8,5,5,5,2,8,9,6,6,9,4,9,7,1,8,19.57,10.87,19.57,19.57,19.57,10.87,15.22,15.22,19.57,19.57,19.57,10.87,10,10,10,10,10,1,8,9,9,9,8,10,8,9,0,7,1,3,20.41,12.24,16.33,18.37,14.29,18.37,10,10,10,10,10,4,2,1,18.75,14.58,16.67,18.75,14.58,16.67,12,12,12,12,12
1,2,7,16,14,14,4,0,0.38,1,24,2,11.36,18.18,22.73,18.18,11.36,18.18,0,9,9,9,7,8,5,8,5,2,29,8,2,1,1,1,4,2,7,8,2,8,8,5,5,5,2,8,9,6,6,9,4,9,7,1,8,19.57,10.87,19.57,19.57,19.57,10.87,15.22,15.22,19.57,19.57,19.57,10.87,10,10,10,10,10,1,6,8,9,5,8,3,6,6,0,7,1,3,20.41,12.24,16.33,18.37,14.29,18.37,10,10,10,10,10,4,2,1,18.75,14.58,16.67,18.75,14.58,16.67,12,12,12,12,12
1,2,7,16,3,3,6,0,0.54,0,26,4,18,18,20,18,16,10,0,4,7,9,4,6,3,5,5,2,29,8,2,1,1,1,4,2,7,8,2,8,8,5,5,5,2,8,9,6,6,9,4,9,7,1,8,19.57,10.87,19.57,19.57,19.57,10.87,15.22,15.22,19.57,19.57,19.57,10.87,10,10,10,10,10,0,5,6,7,9,7,4,9,8,0,7,1,3,20.41,12.24,16.33,18.37,14.29,18.37,10,10,10,10,10,4,2,1,18.75,14.58,16.67,18.75,14.58,16.67,12,12,12,12,12
1,2,7,16,2,2,7,0,0.42,0,27,4,15.09,16.98,16.98,18.87,18.87,13.21,0,4,8,8,7,8,5,9,3,2,29,8,2,1,1,1,4,2,7,8,2,8,8,5,5,5,2,8,9,6,6,9,4,9,7,1,8,19.57,10.87,19.57,19.57,19.57,10.87,15.22,15.22,19.57,19.57,19.57,10.87,10,10,10,10,10,1,7,7,7,6,8,6,8,6,0,7,1,3,20.41,12.24,16.33,18.37,14.29,18.37,10,10,10,10,10,4,2,1,18.75,14.58,16.67,18.75,14.58,16.67,12,12,12,12,12
1,2,7,16,15,15,13,1,0.53,1,27,2,15.38,17.31,17.31,17.31,17.31,15.38,1,8,9,9,8,8,8,8,5,2,29,8,2,1,1,1,4,2,7,8,2,8,8,5,5,5,2,8,9,6,6,9,4,9,7,1,8,19.57,10.87,19.57,19.57,19.57,10.87,15.22,15.22,19.57,19.57,19.57,10.87,10,10,10,10,10,1,9,7,8,8,10,5,8,9,0,7,1,3,20.41,12.24,16.33,18.37,14.29,18.37,10,10,10,10,10,4,2,1,18.75,14.58,16.67,18.75,14.58,16.67,12,12,12,12,12
1,2,7,16,5,5,14,0,0.52,1,27,2,15.09,18.87,18.87,16.98,16.98,13.21,0,4,7,7,4,8,5,5,7,2,29,8,2,1,1,1,4,2,7,8,2,8,8,5,5,5,2,8,9,6,6,9,4,9,7,1,8,19.57,10.87,19.57,19.57,19.57,10.87,15.22,15.22,19.57,19.57,19.57,10.87,10,10,10,10,10,1,10,8,8,8,9,6,8,4,0,7,1,3,20.41,12.24,16.33,18.37,14.29,18.37,10,10,10,10,10,4,2,1,18.75,14.58,16.67,18.75,14.58,16.67,12,12,12,12,12
1,2,7,16,7,7,15,0,0.19,0,30,1,14,18,16,18,18,16,0,5,8,10,2,9,2,2,2,2,29,8,2,1,1,1,4,2,7,8,2,8,8,5,5,5,2,8,9,6,6,9,4,9,7,1,8,19.57,10.87,19.57,19.57,19.57,10.87,15.22,15.22,19.57,19.57,19.57,10.87,10,10,10,10,10,1,6,8,9,9,10,4,6,5,0,7,1,3,20.41,12.24,16.33,18.37,14.29,18.37,10,10,10,10,10,4,2,1,18.75,14.58,16.67,18.75,14.58,16.67,12,12,12,12,12
1,2,7,16,16,16,16,0,0.51,0,28,4,14.29,16.33,16.33,18.37,18.37,16.33,0,5,7,7,6,7,5,6,6,2,29,8,2,1,1,1,4,2,7,8,2,8,8,5,5,5,2,8,9,6,6,9,4,9,7,1,8,19.57,10.87,19.57,19.57,19.57,10.87,15.22,15.22,19.57,19.57,19.57,10.87,10,10,10,10,10,1,9,8,9,9,10,5,9,6,0,7,1,3,20.41,12.24,16.33,18.37,14.29,18.37,10,10,10,10,10,4,2,1,18.75,14.58,16.67,18.75,14.58,16.67,12,12,12,12,12
0,1,8,10,1,9,1,1,0.34,0,34,2,16.67,16.67,16.67,16.67,16.67,16.67,1,8,10,10,8,6,7,7,7,2,29,8,4,1,1,4,5,3,7,5,4,6,6,8,8,4,4,6,8,4,6,5,9,9,6,5,5,9.52,23.81,16.67,16.67,16.67,16.67,17.07,17.07,14.63,19.51,12.2,19.51,9,10,8,8,6,1,5,6,6,6,6,6,6,6,2,7,1,3,11.9,23.81,16.67,16.67,16.67,14.29,9,10,7,7,7,0,1,0,13.64,22.73,15.91,15.91,15.91,15.91,7,7,7,7,7
0,1,8,10,1,10,5,0,0.51,0,21,2,15.56,11.11,22.22,15.56,20,15.56,0,4,5,5,5,5,5,2,1,2,29,8,4,1,1,4,5,3,7,5,4,6,6,8,8,4,4,6,8,4,6,5,9,9,6,5,5,9.52,23.81,16.67,16.67,16.67,16.67,17.07,17.07,14.63,19.51,12.2,19.51,9,10,8,8,6,1,5,5,5,5,5,5,7,7,2,7,1,3,11.9,23.81,16.67,16.67,16.67,14.29,9,10,7,7,7,0,1,0,13.64,22.73,15.91,15.91,15.91,15.91,7,7,7,7,7
0,1,8,10,1,4,6,0,0.22,0,27,6,16.98,16.98,16.98,16.98,16.98,15.09,0,5,8,7,5,5,4,5,7,2,29,8,4,1,1,4,5,3,7,5,4,6,6,8,8,4,4,6,8,4,6,5,9,9,6,5,5,9.52,23.81,16.67,16.67,16.67,16.67,17.07,17.07,14.63,19.51,12.2,19.51,9,10,8,8,6,1,5,5,5,5,5,5,7,7,2,7,1,3,11.9,23.81,16.67,16.67,16.67,14.29,9,10,7,7,7,0,1,0,13.64,22.73,15.91,15.91,15.91,15.91,7,7,7,7,7
0,1,8,10,1,2,8,0,0.32,0,28,2,20.45,20.45,20.45,18.18,18.18,2.27,0,5,8,7,6,6,8,5,6,2,29,8,4,1,1,4,5,3,7,5,4,6,6,8,8,4,4,6,8,4,6,5,9,9,6,5,5,9.52,23.81,16.67,16.67,16.67,16.67,17.07,17.07,14.63,19.51,12.2,19.51,9,10,8,8,6,1,5,6,5,7,7,6,6,8,2,7,1,3,11.9,23.81,16.67,16.67,16.67,14.29,9,10,7,7,7,0,1,0,13.64,22.73,15.91,15.91,15.91,15.91,7,7,7,7,7
0,1,8,10,1,3,9,0,-0.03,0,24,2,19.57,19.57,15.22,17.39,15.22,13.04,0,3,8,8,4,6,3,4,5,2,29,8,4,1,1,4,5,3,7,5,4,6,6,8,8,4,4,6,8,4,6,5,9,9,6,5,5,9.52,23.81,16.67,16.67,16.67,16.67,17.07,17.07,14.63,19.51,12.2,19.51,9,10,8,8,6,1,6,5,6,7,7,7,7,8,2,7,1,3,11.9,23.81,16.67,16.67,16.67,14.29,9,10,7,7,7,0,1,0,13.64,22.73,15.91,15.91,15.91,15.91,7,7,7,7,7
0,1,8,10,1,7,10,0,0.37,1,25,4,20.93,16.28,23.26,16.28,11.63,11.63,0,3,9,7,5,6,6,7,6,2,29,8,4,1,1,4,5,3,7,5,4,6,6,8,8,4,4,6,8,4,6,5,9,9,6,5,5,9.52,23.81,16.67,16.67,16.67,16.67,17.07,17.07,14.63,19.51,12.2,19.51,9,10,8,8,6,1,6,5,6,7,7,7,7,8,2,7,1,3,11.9,23.81,16.67,16.67,16.67,14.29,9,10,7,7,7,0,1,0,13.64,22.73,15.91,15.91,15.91,15.91,7,7,7,7,7
0,1,8,10,10,8,1,0,0.41,0,34,2,16.67,16.67,16.67,16.67,16.67,16.67,0,7,10,10,7,10,8,5,9,1,23,13,6,5,8,2,3,1,7,8,2,6,8,7,7,3,3,6,6,5,6,5,6,9,5,3,7,12.24,20.41,16.33,14.29,20.41,16.33,22.22,11.11,13.33,20,17.78,15.56,7,10,8,8,9,1,7,7,7,7,7,7,6,6,1,5,3,1,14.29,16.33,16.33,16.33,18.37,18.37,7,8,7,8,9,0,0,0,14.29,16.33,16.33,18.37,18.37,16.33,7,9,8,9,12
0,1,8,10,10,4,2,0,0.56,0,25,4,16.98,15.09,16.98,16.98,18.87,15.09,0,3,8,8,4,7,6,2,6,1,23,13,6,5,8,2,3,1,7,8,2,6,8,7,7,3,3,6,6,5,6,5,6,9,5,3,7,12.24,20.41,16.33,14.29,20.41,16.33,22.22,11.11,13.33,20,17.78,15.56,7,10,8,8,9,0,2,7,7,5,7,2,2,7,2,5,3,1,14.29,16.33,16.33,16.33,18.37,18.37,7,8,7,8,9,0,0,0,14.29,16.33,16.33,18.37,18.37,16.33,7,9,8,9,12
0,1,8,10,10,7,3,0,0.48,0,24,4,19.44,19.44,22.22,16.67,11.11,11.11,1,7,6,6,6,5,7,6,5,2,23,13,6,5,8,2,3,1,7,8,2,6,8,7,7,3,3,6,6,5,6,5,6,9,5,3,7,12.24,20.41,16.33,14.29,20.41,16.33,22.22,11.11,13.33,20,17.78,15.56,7,10,8,8,9,0,2,8,8,7,8,6,4,7,2,5,3,1,14.29,16.33,16.33,16.33,18.37,18.37,7,8,7,8,9,0,0,0,14.29,16.33,16.33,18.37,18.37,16.33,7,9,8,9,12
0,1,8,10,10,9,5,1,0.43,0,21,2,15.56,11.11,22.22,15.56,20,15.56,1,6,5,6,5,5,5,4,2,2,23,13,6,5,8,2,3,1,7,8,2,6,8,7,7,3,3,6,6,5,6,5,6,9,5,3,7,12.24,20.41,16.33,14.29,20.41,16.33,22.22,11.11,13.33,20,17.78,15.56,7,10,8,8,9,1,4,7,7,7,7,7,5,6,2,5,3,1,14.29,16.33,16.33,16.33,18.37,18.37,7,8,7,8,9,0,0,0,14.29,16.33,16.33,18.37,18.37,16.33,7,9,8,9,12
0,1,8,10,10,3,6,0,0.1,1,27,6,16.98,16.98,16.98,16.98,16.98,15.09,0,6,6,5,5,4,5,6,2,2,23,13,6,5,8,2,3,1,7,8,2,6,8,7,7,3,3,6,6,5,6,5,6,9,5,3,7,12.24,20.41,16.33,14.29,20.41,16.33,22.22,11.11,13.33,20,17.78,15.56,7,10,8,8,9,1,4,7,7,6,6,7,7,7,2,5,3,1,14.29,16.33,16.33,16.33,18.37,18.37,7,8,7,8,9,0,0,0,14.29,16.33,16.33,18.37,18.37,16.33,7,9,8,9,12
0,1,8,10,10,5,7,1,0.05,0,25,2,15.56,20,20,20,13.33,11.11,1,9,8,8,9,8,10,7,5,1,23,13,6,5,8,2,3,1,7,8,2,6,8,7,7,3,3,6,6,5,6,5,6,9,5,3,7,12.24,20.41,16.33,14.29,20.41,16.33,22.22,11.11,13.33,20,17.78,15.56,7,10,8,8,9,1,7,8,7,7,5,7,7,7,7,5,3,1,14.29,16.33,16.33,16.33,18.37,18.37,7,8,7,8,9,0,0,0,14.29,16.33,16.33,18.37,18.37,16.33,7,9,8,9,12
0,1,8,10,10,1,8,0,0.65,0,28,2,20.45,20.45,20.45,18.18,18.18,2.27,0,5,9,8,7,8,8,5,7,2,23,13,6,5,8,2,3,1,7,8,2,6,8,7,7,3,3,6,6,5,6,5,6,9,5,3,7,12.24,20.41,16.33,14.29,20.41,16.33,22.22,11.11,13.33,20,17.78,15.56,7,10,8,8,9,1,1,7,8,8,8,8,8,8,8,5,3,1,14.29,16.33,16.33,16.33,18.37,18.37,7,8,7,8,9,0,0,0,14.29,16.33,16.33,18.37,18.37,16.33,7,9,8,9,12
0,1,8,10,10,2,9,0,0.05,0,24,2,19.57,19.57,15.22,17.39,15.22,13.04,0,4,8,7,6,4,5,6,9,2,23,13,6,5,8,2,3,1,7,8,2,6,8,7,7,3,3,6,6,5,6,5,6,9,5,3,7,12.24,20.41,16.33,14.29,20.41,16.33,22.22,11.11,13.33,20,17.78,15.56,7,10,8,8,9,0,1,5,7,8,7,8,7,5,2,5,3,1,14.29,16.33,16.33,16.33,18.37,18.37,7,8,7,8,9,0,0,0,14.29,16.33,16.33,18.37,18.37,16.33,7,9,8,9,12
0,1,8,10,10,6,10,1,0.39,0,25,4,20.93,16.28,23.26,16.28,11.63,11.63,1,5,8,8,6,8,9,8,8,1,23,13,6,5,8,2,3,1,7,8,2,6,8,7,7,3,3,6,6,5,6,5,6,9,5,3,7,12.24,20.41,16.33,14.29,20.41,16.33,22.22,11.11,13.33,20,17.78,15.56,7,10,8,8,9,1,4,6,7,6,7,7,4,7,1,5,3,1,14.29,16.33,16.33,16.33,18.37,18.37,7,8,7,8,9,0,0,0,14.29,16.33,16.33,18.37,18.37,16.33,7,9,8,9,12
0,1,8,10,2,10,1,1,0.24,0,34,2,16.67,16.67,16.67,16.67,16.67,16.67,1,10,9,8,8,9,9,6,6,2,24,8,4,2,2,6,4,2,7,7,7,5,9,5,5,8,5,9,6,7,9,9,7,8,9,7,6,15.38,17.31,17.31,19.23,13.46,17.31,18.6,18.6,11.63,23.26,11.63,16.28,9,9,10,9,9,1,7,8,7,8,7,6,8,8,2,7,1,1,17.02,19.15,17.02,21.28,12.77,12.77,9,8,8,9,6,0,1,1,14.55,18.18,18.18,18.18,16.36,14.55,9,7,9,9,9
0,1,8,10,2,6,2,0,0.16,1,25,4,16.98,15.09,16.98,16.98,18.87,15.09,1,9,10,8,8,8,5,9,10,2,24,8,4,2,2,6,4,2,7,7,7,5,9,5,5,8,5,9,6,7,9,9,7,8,9,7,6,15.38,17.31,17.31,19.23,13.46,17.31,18.6,18.6,11.63,23.26,11.63,16.28,9,9,10,9,9,0,4,4,4,3,3,3,3,3,2,7,1,1,17.02,19.15,17.02,21.28,12.77,12.77,9,8,8,9,6,0,1,1,14.55,18.18,18.18,18.18,16.36,14.55,9,7,9,9,9
0,1,8,10,2,1,5,0,-0.07,0,21,2,15.56,11.11,22.22,15.56,20,15.56,1,8,8,5,8,5,8,6,2,2,24,8,4,2,2,6,4,2,7,7,7,5,9,5,5,8,5,9,6,7,9,9,7,8,9,7,6,15.38,17.31,17.31,19.23,13.46,17.31,18.6,18.6,11.63,23.26,11.63,16.28,9,9,10,9,9,0,7,8,8,7,8,5,7,7,2,7,1,1,17.02,19.15,17.02,21.28,12.77,12.77,9,8,8,9,6,0,1,1,14.55,18.18,18.18,18.18,16.36,14.55,9,7,9,9,9
0,1,8,10,2,5,6,0,-0.27,0,27,6,16.98,16.98,16.98,16.98,16.98,15.09,0,6,8,8,6,6,5,6,7,2,24,8,4,2,2,6,4,2,7,7,7,5,9,5,5,8,5,9,6,7,9,9,7,8,9,7,6,15.38,17.31,17.31,19.23,13.46,17.31,18.6,18.6,11.63,23.26,11.63,16.28,9,9,10,9,9,0,7,6,7,6,6,5,6,6,2,7,1,1,17.02,19.15,17.02,21.28,12.77,12.77,9,8,8,9,6,0,1,1,14.55,18.18,18.18,18.18,16.36,14.55,9,7,9,9,9
0,1,8,10,2,3,8,0,0.13,0,28,2,20.45,20.45,20.45,18.18,18.18,2.27,1,7,8,7,7,8,7,6,7,2,24,8,4,2,2,6,4,2,7,7,7,5,9,5,5,8,5,9,6,7,9,9,7,8,9,7,6,15.38,17.31,17.31,19.23,13.46,17.31,18.6,18.6,11.63,23.26,11.63,16.28,9,9,10,9,9,0,8,7,8,8,8,7,7,7,2,7,1,1,17.02,19.15,17.02,21.28,12.77,12.77,9,8,8,9,6,0,1,1,14.55,18.18,18.18,18.18,16.36,14.55,9,7,9,9,9
0,1,8,10,2,4,9,1,0.02,0,24,2,19.57,19.57,15.22,17.39,15.22,13.04,1,7,7,8,8,6,4,7,7,2,24,8,4,2,2,6,4,2,7,7,7,5,9,5,5,8,5,9,6,7,9,9,7,8,9,7,6,15.38,17.31,17.31,19.23,13.46,17.31,18.6,18.6,11.63,23.26,11.63,16.28,9,9,10,9,9,1,9,8,8,9,8,9,8,7,2,7,1,1,17.02,19.15,17.02,21.28,12.77,12.77,9,8,8,9,6,0,1,1,14.55,18.18,18.18,18.18,16.36,14.55,9,7,9,9,9
0,1,8,10,2,8,10,0,0.15,1,25,4,20.93,16.28,23.26,16.28,11.63,11.63,1,7,8,8,6,7,8,8,7,2,24,8,4,2,2,6,4,2,7,7,7,5,9,5,5,8,5,9,6,7,9,9,7,8,9,7,6,15.38,17.31,17.31,19.23,13.46,17.31,18.6,18.6,11.63,23.26,11.63,16.28,9,9,10,9,9,0,7,7,7,8,6,5,6,6,2,7,1,1,17.02,19.15,17.02,21.28,12.77,12.77,9,8,8,9,6,0,1,1,14.55,18.18,18.18,18.18,16.36,14.55,9,7,9,9,9
0,1,8,10,5,3,1,0,0.43,0,34,2,16.67,16.67,16.67,16.67,16.67,16.67,0,10,10,10,8,10,9,9,6,2,22,4,1,7,8,1,5,5,2,3,6,5,9,9,9,6,3,9,9,9,9,9,9,9,9,6,4,15.38,19.23,19.23,17.31,17.31,11.54,18.87,11.32,16.98,18.87,16.98,16.98,9,9,9,9,9,1,8,9,8,9,10,7,7,7,2,7,1,2,15.69,19.61,17.65,15.69,17.65,13.73,9,9,9,9,9,0,0,0,15.38,17.31,19.23,13.46,19.23,15.38,9,9,9,9,12
0,1,8,10,5,9,2,1,0.62,0,25,4,16.98,15.09,16.98,16.98,18.87,15.09,1,9,10,8,8,8,5,9,10,2,22,4,1,7,8,1,5,5,2,3,6,5,9,9,9,6,3,9,9,9,9,9,9,9,9,6,4,15.38,19.23,19.23,17.31,17.31,11.54,18.87,11.32,16.98,18.87,16.98,16.98,9,9,9,9,9,1,6,8,9,6,10,6,6,6,2,7,1,2,15.69,19.61,17.65,15.69,17.65,13.73,9,9,9,9,9,0,0,0,15.38,17.31,19.23,13.46,19.23,15.38,9,9,9,9,12
0,1,8,10,5,4,5,0,0.4,0,21,2,15.56,11.11,22.22,15.56,20,15.56,1,6,7,5,6,2,5,3,2,2,22,4,1,7,8,1,5,5,2,3,6,5,9,9,9,6,3,9,9,9,9,9,9,9,9,6,4,15.38,19.23,19.23,17.31,17.31,11.54,18.87,11.32,16.98,18.87,16.98,16.98,9,9,9,9,9,0,4,4,4,4,4,4,4,4,2,7,1,2,15.69,19.61,17.65,15.69,17.65,13.73,9,9,9,9,9,0,0,0,15.38,17.31,19.23,13.46,19.23,15.38,9,9,9,9,12
0,1,8,10,5,8,6,0,-0.22,0,27,6,16.98,16.98,16.98,16.98,16.98,15.09,0,6,7,7,6,7,6,6,7,2,22,4,1,7,8,1,5,5,2,3,6,5,9,9,9,6,3,9,9,9,9,9,9,9,9,6,4,15.38,19.23,19.23,17.31,17.31,11.54,18.87,11.32,16.98,18.87,16.98,16.98,9,9,9,9,9,1,5,10,8,8,9,4,4,4,2,7,1,2,15.69,19.61,17.65,15.69,17.65,13.73,9,9,9,9,9,0,0,0,15.38,17.31,19.23,13.46,19.23,15.38,9,9,9,9,12
0,1,8,10,5,6,8,1,0.16,0,28,2,20.45,20.45,20.45,18.18,18.18,2.27,1,8,8,8,8,8,5,7,7,2,22,4,1,7,8,1,5,5,2,3,6,5,9,9,9,6,3,9,9,9,9,9,9,9,9,6,4,15.38,19.23,19.23,17.31,17.31,11.54,18.87,11.32,16.98,18.87,16.98,16.98,9,9,9,9,9,1,8,9,8,8,8,4,6,5,2,7,1,2,15.69,19.61,17.65,15.69,17.65,13.73,9,9,9,9,9,0,0,0,15.38,17.31,19.23,13.46,19.23,15.38,9,9,9,9,12
0,1,8,10,5,7,9,0,-0.3,0,24,2,19.57,19.57,15.22,17.39,15.22,13.04,0,7,7,6,5,6,3,3,2,2,22,4,1,7,8,1,5,5,2,3,6,5,9,9,9,6,3,9,9,9,9,9,9,9,9,6,4,15.38,19.23,19.23,17.31,17.31,11.54,18.87,11.32,16.98,18.87,16.98,16.98,9,9,9,9,9,0,6,4,4,9,5,9,6,5,2,7,1,2,15.69,19.61,17.65,15.69,17.65,13.73,9,9,9,9,9,0,0,0,15.38,17.31,19.23,13.46,19.23,15.38,9,9,9,9,12
0,1,8,10,5,1,10,1,0.54,0,25,4,20.93,16.28,23.26,16.28,11.63,11.63,1,8,10,8,6,9,9,8,7,2,22,4,1,7,8,1,5,5,2,3,6,5,9,9,9,6,3,9,9,9,9,9,9,9,9,6,4,15.38,19.23,19.23,17.31,17.31,11.54,18.87,11.32,16.98,18.87,16.98,16.98,9,9,9,9,9,1,8,8,9,8,9,9,8,7,2,7,1,2,15.69,19.61,17.65,15.69,17.65,13.73,9,9,9,9,9,0,0,0,15.38,17.31,19.23,13.46,19.23,15.38,9,9,9,9,12
0,1,8,10,6,4,1,0,-0.34,0,34,2,16.67,16.67,16.67,16.67,16.67,16.67,0,8,10,10,8,9,6,7,5,2,22,4,1,7,5,1,4,3,4,5,6,2,8,3,2,1,4,1,7,8,2,6,4,10,8,1,6,16.07,17.86,17.86,17.86,17.86,12.5,19.23,15.38,15.38,17.31,15.38,17.31,8,8,8,8,10,1,7,8,8,8,9,8,8,6,2,6,1,3,14.29,16.33,18.37,18.37,18.37,14.29,8,8,9,9,9,0,0,0,16.67,16.67,16.67,16.67,16.67,16.67,8,8,8,8,8
0,1,8,10,6,10,2,0,0.42,0,25,4,16.98,15.09,16.98,16.98,18.87,15.09,1,6,8,9,9,9,5,9,9,1,22,4,1,7,5,1,4,3,4,5,6,2,8,3,2,1,4,1,7,8,2,6,4,10,8,1,6,16.07,17.86,17.86,17.86,17.86,12.5,19.23,15.38,15.38,17.31,15.38,17.31,8,8,8,8,10,0,7,7,8,9,8,8,6,6,2,6,1,3,14.29,16.33,18.37,18.37,18.37,14.29,8,8,9,9,9,0,0,0,16.67,16.67,16.67,16.67,16.67,16.67,8,8,8,8,8
0,1,8,10,6,5,5,0,0.1,0,21,2,15.56,11.11,22.22,15.56,20,15.56,0,5,7,7,6,7,5,2,1,2,22,4,1,7,5,1,4,3,4,5,6,2,8,3,2,1,4,1,7,8,2,6,4,10,8,1,6,16.07,17.86,17.86,17.86,17.86,12.5,19.23,15.38,15.38,17.31,15.38,17.31,8,8,8,8,10,0,1,7,8,9,10,9,10,6,2,6,1,3,14.29,16.33,18.37,18.37,18.37,14.29,8,8,9,9,9,0,0,0,16.67,16.67,16.67,16.67,16.67,16.67,8,8,8,8,8
0,1,8,10,6,9,6,0,-0.22,0,27,6,16.98,16.98,16.98,16.98,16.98,15.09,0,5,7,6,6,7,5,6,7,2,22,4,1,7,5,1,4,3,4,5,6,2,8,3,2,1,4,1,7,8,2,6,4,10,8,1,6,16.07,17.86,17.86,17.86,17.86,12.5,19.23,15.38,15.38,17.31,15.38,17.31,8,8,8,8,10,0,6,8,8,8,9,8,6,6,2,6,1,3,14.29,16.33,18.37,18.37,18.37,14.29,8,8,9,9,9,0,0,0,16.67,16.67,16.67,16.67,16.67,16.67,8,8,8,8,8
0,1,8,10,6,8,9,0,0.33,0,24,2,19.57,19.57,15.22,17.39,15.22,13.04,0,3,8,7,6,7,3,5,4,2,22,4,1,7,5,1,4,3,4,5,6,2,8,3,2,1,4,1,7,8,2,6,4,10,8,1,6,16.07,17.86,17.86,17.86,17.86,12.5,19.23,15.38,15.38,17.31,15.38,17.31,8,8,8,8,10,1,8,9,9,9,9,8,9,6,2,6,1,3,14.29,16.33,18.37,18.37,18.37,14.29,8,8,9,9,9,0,0,0,16.67,16.67,16.67,16.67,16.67,16.67,8,8,8,8,8
0,1,8,10,6,2,10,0,0.53,0,25,4,20.93,16.28,23.26,16.28,11.63,11.63,0,3,9,7,6,8,6,8,8,2,22,4,1,7,5,1,4,3,4,5,6,2,8,3,2,1,4,1,7,8,2,6,4,10,8,1,6,16.07,17.86,17.86,17.86,17.86,12.5,19.23,15.38,15.38,17.31,15.38,17.31,8,8,8,8,10,0,5,8,9,9,9,6,8,6,2,6,1,3,14.29,16.33,18.37,18.37,18.37,14.29,8,8,9,9,9,0,0,0,16.67,16.67,16.67,16.67,16.67,16.67,8,8,8,8,8
0,1,8,10,3,1,1,1,0.28,1,34,2,16.67,16.67,16.67,16.67,16.67,16.67,1,10,10,10,10,10,10,10,7,2,24,11,2,1,1,1,7,3,6,9,6,8,9,8,8,9,9,9,7,8,8,9,9,10,8,1,5,20,22.5,17.5,22.5,10,7.5,23.68,21.05,13.16,23.68,15.79,2.63,9,7,9,9,7,1,8,9,9,7,6,9,7,9,2,5,3,3,14.89,17.02,17.02,17.02,17.02,17.02,9,8,8,9,8,0,1,0,16.67,16.67,16.67,16.67,16.67,16.67,8,8,8,8,8
0,1,8,10,3,7,2,0,-0.01,0,25,4,16.98,15.09,16.98,16.98,18.87,15.09,0,6,6,6,7,6,10,6,10,2,24,11,2,1,1,1,7,3,6,9,6,8,9,8,8,9,9,9,7,8,8,9,9,10,8,1,5,20,22.5,17.5,22.5,10,7.5,23.68,21.05,13.16,23.68,15.79,2.63,9,7,9,9,7,0,7,6,7,6,6,7,7,5,2,5,3,3,14.89,17.02,17.02,17.02,17.02,17.02,9,8,8,9,8,0,1,0,16.67,16.67,16.67,16.67,16.67,16.67,8,8,8,8,8
0,1,8,10,3,10,3,0,0.4,0,24,4,19.44,19.44,22.22,16.67,11.11,11.11,0,7,7,6,6,5,3,4,3,2,24,11,2,1,1,1,7,3,6,9,6,8,9,8,8,9,9,9,7,8,8,9,9,10,8,1,5,20,22.5,17.5,22.5,10,7.5,23.68,21.05,13.16,23.68,15.79,2.63,9,7,9,9,7,0,8,8,8,7,6,5,8,5,2,5,3,3,14.89,17.02,17.02,17.02,17.02,17.02,9,8,8,9,8,0,1,0,16.67,16.67,16.67,16.67,16.67,16.67,8,8,8,8,8
0,1,8,10,3,2,5,0,0.31,1,21,2,15.56,11.11,22.22,15.56,20,15.56,0,4,5,5,5,5,5,3,1,2,24,11,2,1,1,1,7,3,6,9,6,8,9,8,8,9,9,9,7,8,8,9,9,10,8,1,5,20,22.5,17.5,22.5,10,7.5,23.68,21.05,13.16,23.68,15.79,2.63,9,7,9,9,7,0,6,7,7,7,7,6,5,5,2,5,3,3,14.89,17.02,17.02,17.02,17.02,17.02,9,8,8,9,8,0,1,0,16.67,16.67,16.67,16.67,16.67,16.67,8,8,8,8,8
0,1,8,10,3,6,6,0,0.05,0,27,6,16.98,16.98,16.98,16.98,16.98,15.09,0,6,8,7,7,7,6,7,7,2,24,11,2,1,1,1,7,3,6,9,6,8,9,8,8,9,9,9,7,8,8,9,9,10,8,1,5,20,22.5,17.5,22.5,10,7.5,23.68,21.05,13.16,23.68,15.79,2.63,9,7,9,9,7,0,6,8,8,7,6,9,5,6,2,5,3,3,14.89,17.02,17.02,17.02,17.02,17.02,9,8,8,9,8,0,1,0,16.67,16.67,16.67,16.67,16.67,16.67,8,8,8,8,8
0,1,8,10,3,8,7,0,0.24,1,25,2,15.56,20,20,20,13.33,11.11,1,8,3,8,8,4,1,6,6,1,24,11,2,1,1,1,7,3,6,9,6,8,9,8,8,9,9,9,7,8,8,9,9,10,8,1,5,20,22.5,17.5,22.5,10,7.5,23.68,21.05,13.16,23.68,15.79,2.63,9,7,9,9,7,0,7,7,7,9,9,9,9,5,1,5,3,3,14.89,17.02,17.02,17.02,17.02,17.02,9,8,8,9,8,0,1,0,16.67,16.67,16.67,16.67,16.67,16.67,8,8,8,8,8
0,1,8,10,3,4,8,0,0.43,1,28,2,20.45,20.45,20.45,18.18,18.18,2.27,0,5,7,7,6,6,6,5,6,2,24,11,2,1,1,1,7,3,6,9,6,8,9,8,8,9,9,9,7,8,8,9,9,10,8,1,5,20,22.5,17.5,22.5,10,7.5,23.68,21.05,13.16,23.68,15.79,2.63,9,7,9,9,7,1,7,7,7,7,7,7,7,6,2,5,3,3,14.89,17.02,17.02,17.02,17.02,17.02,9,8,8,9,8,0,1,0,16.67,16.67,16.67,16.67,16.67,16.67,8,8,8,8,8
0,1,8,10,3,5,9,0,0.32,1,24,2,19.57,19.57,15.22,17.39,15.22,13.04,0,5,7,6,5,5,6,6,6,2,24,11,2,1,1,1,7,3,6,9,6,8,9,8,8,9,9,9,7,8,8,9,9,10,8,1,5,20,22.5,17.5,22.5,10,7.5,23.68,21.05,13.16,23.68,15.79,2.63,9,7,9,9,7,1,8,8,8,8,8,8,8,6,2,5,3,3,14.89,17.02,17.02,17.02,17.02,17.02,9,8,8,9,8,0,1,0,16.67,16.67,16.67,16.67,16.67,16.67,8,8,8,8,8
0,1,8,10,3,9,10,0,-0.38,0,25,4,20.93,16.28,23.26,16.28,11.63,11.63,0,6,8,7,7,6,6,7,6,2,24,11,2,1,1,1,7,3,6,9,6,8,9,8,8,9,9,9,7,8,8,9,9,10,8,1,5,20,22.5,17.5,22.5,10,7.5,23.68,21.05,13.16,23.68,15.79,2.63,9,7,9,9,7,0,7,8,7,6,6,6,8,5,2,5,3,3,14.89,17.02,17.02,17.02,17.02,17.02,9,8,8,9,8,0,1,0,16.67,16.67,16.67,16.67,16.67,16.67,8,8,8,8,8
1,1,8,10,1,9,1,1,0.34,0,29,4,9.52,23.81,16.67,16.67,16.67,16.67,1,5,6,6,6,6,6,6,6,2,34,8,2,1,1,2,4,2,7,5,2,4,8,8,7,8,3,8,8,3,9,8,5,6,2,8,9,16.67,16.67,16.67,16.67,16.67,16.67,16.67,16.67,16.67,16.67,16.67,16.67,6,10,7,9,5,1,8,10,10,8,6,7,7,7,2,9,3,3,20,17.78,20,17.78,11.11,13.33,6,10,9,7,5,4,2,1,17.02,19.15,17.02,17.02,12.77,17.02,6,9,9,7,6
1,1,8,10,10,8,2,0,0.41,0,23,6,12.24,20.41,16.33,14.29,20.41,16.33,1,7,7,7,7,7,7,6,6,1,34,8,2,1,1,2,4,2,7,5,2,4,8,8,7,8,3,8,8,3,9,8,5,6,2,8,9,16.67,16.67,16.67,16.67,16.67,16.67,16.67,16.67,16.67,16.67,16.67,16.67,6,10,7,9,5,0,7,10,10,7,10,8,5,9,1,9,3,3,20,17.78,20,17.78,11.11,13.33,6,10,9,7,5,4,2,1,17.02,19.15,17.02,17.02,12.77,17.02,6,9,9,7,6
1,1,8,10,7,5,3,1,0.48,0,28,4,13.04,21.74,19.57,17.39,15.22,13.04,1,7,7,8,6,7,5,6,3,2,34,8,2,1,1,2,4,2,7,5,2,4,8,8,7,8,3,8,8,3,9,8,5,6,2,8,9,16.67,16.67,16.67,16.67,16.67,16.67,16.67,16.67,16.67,16.67,16.67,16.67,6,10,7,9,5,1,10,10,10,7,10,6,9,7,2,9,3,3,20,17.78,20,17.78,11.11,13.33,6,10,9,7,5,4,2,1,17.02,19.15,17.02,17.02,12.77,17.02,6,9,9,7,6
1,1,8,10,4,2,4,0,0.07,1,22,2,15.09,16.98,16.98,16.98,18.87,15.09,1,5,7,7,5,6,5,6,5,2,34,8,2,1,1,2,4,2,7,5,2,4,8,8,7,8,3,8,8,3,9,8,5,6,2,8,9,16.67,16.67,16.67,16.67,16.67,16.67,16.67,16.67,16.67,16.67,16.67,16.67,6,10,7,9,5,0,8,10,10,10,10,10,9,8,2,9,3,3,20,17.78,20,17.78,11.11,13.33,6,10,9,7,5,4,2,1,17.02,19.15,17.02,17.02,12.77,17.02,6,9,9,7,6
1,1,8,10,9,7,6,0,0.38,0,30,3,19.15,21.28,17.02,17.02,12.77,12.77,0,3,7,6,4,6,7,2,5,2,34,8,2,1,1,2,4,2,7,5,2,4,8,8,7,8,3,8,8,3,9,8,5,6,2,8,9,16.67,16.67,16.67,16.67,16.67,16.67,16.67,16.67,16.67,16.67,16.67,16.67,6,10,7,9,5,1,10,10,10,10,10,5,8,5,2,9,3,3,20,17.78,20,17.78,11.11,13.33,6,10,9,7,5,4,2,1,17.02,19.15,17.02,17.02,12.77,17.02,6,9,9,7,6
1,1,8,10,2,10,7,1,0.24,0,24,4,15.38,17.31,17.31,19.23,13.46,17.31,1,7,8,7,8,7,6,8,8,2,34,8,2,1,1,2,4,2,7,5,2,4,8,8,7,8,3,8,8,3,9,8,5,6,2,8,9,16.67,16.67,16.67,16.67,16.67,16.67,16.67,16.67,16.67,16.67,16.67,16.67,6,10,7,9,5,1,10,9,8,8,9,9,6,6,2,9,3,3,20,17.78,20,17.78,11.11,13.33,6,10,9,7,5,4,2,1,17.02,19.15,17.02,17.02,12.77,17.02,6,9,9,7,6
1,1,8,10,5,3,8,0,0.43,0,22,1,15.38,19.23,19.23,17.31,17.31,11.54,1,8,9,8,9,10,7,7,7,2,34,8,2,1,1,2,4,2,7,5,2,4,8,8,7,8,3,8,8,3,9,8,5,6,2,8,9,16.67,16.67,16.67,16.67,16.67,16.67,16.67,16.67,16.67,16.67,16.67,16.67,6,10,7,9,5,0,10,10,10,8,10,9,9,6,2,9,3,3,20,17.78,20,17.78,11.11,13.33,6,10,9,7,5,4,2,1,17.02,19.15,17.02,17.02,12.77,17.02,6,9,9,7,6
1,1,8,10,6,4,9,0,-0.34,0,22,1,16.07,17.86,17.86,17.86,17.86,12.5,1,7,8,8,8,9,8,8,6,2,34,8,2,1,1,2,4,2,7,5,2,4,8,8,7,8,3,8,8,3,9,8,5,6,2,8,9,16.67,16.67,16.67,16.67,16.67,16.67,16.67,16.67,16.67,16.67,16.67,16.67,6,10,7,9,5,0,8,10,10,8,9,6,7,5,2,9,3,3,20,17.78,20,17.78,11.11,13.33,6,10,9,7,5,4,2,1,17.02,19.15,17.02,17.02,12.77,17.02,6,9,9,7,6
1,1,8,10,3,1,10,1,0.28,1,24,2,20,22.5,17.5,22.5,10,7.5,1,8,9,9,7,6,9,7,9,2,34,8,2,1,1,2,4,2,7,5,2,4,8,8,7,8,3,8,8,3,9,8,5,6,2,8,9,16.67,16.67,16.67,16.67,16.67,16.67,16.67,16.67,16.67,16.67,16.67,16.67,6,10,7,9,5,1,10,10,10,10,10,10,10,7,2,9,3,3,20,17.78,20,17.78,11.11,13.33,6,10,9,7,5,4,2,1,17.02,19.15,17.02,17.02,12.77,17.02,6,9,9,7,6
1,1,8,10,10,4,2,0,0.56,0,23,6,12.24,20.41,16.33,14.29,20.41,16.33,0,2,7,7,5,7,2,2,7,2,25,2,4,3,4,1,7,4,6,8,7,8,8,8,9,6,7,8,9,9,9,9,8,9,9,9,6,16.98,15.09,16.98,16.98,18.87,15.09,16.36,18.18,14.55,18.18,18.18,14.55,10,10,7,8,8,0,3,8,8,4,7,6,2,6,1,6,3,2,14,16,18,18,18,16,9,8,8,7,7,0,0,0,16.67,16.67,16.67,16.67,16.67,16.67,6,6,6,6,6
1,1,8,10,7,1,3,0,0.16,1,28,4,13.04,21.74,19.57,17.39,15.22,13.04,0,6,5,6,6,7,4,6,2,2,25,2,4,3,4,1,7,4,6,8,7,8,8,8,9,6,7,8,9,9,9,9,8,9,9,9,6,16.98,15.09,16.98,16.98,18.87,15.09,16.36,18.18,14.55,18.18,18.18,14.55,10,10,7,8,8,0,3,8,8,4,7,6,2,8,2,6,3,2,14,16,18,18,18,16,9,8,8,7,7,0,0,0,16.67,16.67,16.67,16.67,16.67,16.67,6,6,6,6,6
1,1,8,10,4,8,4,0,0.31,0,22,2,15.09,16.98,16.98,16.98,18.87,15.09,0,2,3,3,3,5,2,2,2,2,25,2,4,3,4,1,7,4,6,8,7,8,8,8,9,6,7,8,9,9,9,9,8,9,9,9,6,16.98,15.09,16.98,16.98,18.87,15.09,16.36,18.18,14.55,18.18,18.18,14.55,10,10,7,8,8,0,2,9,9,8,9,5,6,10,2,6,3,2,14,16,18,18,18,16,9,8,8,7,7,0,0,0,16.67,16.67,16.67,16.67,16.67,16.67,6,6,6,6,6
1,1,8,10,9,3,6,0,0.41,0,30,3,19.15,21.28,17.02,17.02,12.77,12.77,0,4,6,6,5,6,6,2,5,2,25,2,4,3,4,1,7,4,6,8,7,8,8,8,9,6,7,8,9,9,9,9,8,9,9,9,6,16.98,15.09,16.98,16.98,18.87,15.09,16.36,18.18,14.55,18.18,18.18,14.55,10,10,7,8,8,1,8,8,9,9,9,10,10,10,2,6,3,2,14,16,18,18,18,16,9,8,8,7,7,0,0,0,16.67,16.67,16.67,16.67,16.67,16.67,6,6,6,6,6
1,1,8,10,2,6,7,0,0.16,1,24,4,15.38,17.31,17.31,19.23,13.46,17.31,0,4,4,4,3,3,3,3,3,2,25,2,4,3,4,1,7,4,6,8,7,8,8,8,9,6,7,8,9,9,9,9,8,9,9,9,6,16.98,15.09,16.98,16.98,18.87,15.09,16.36,18.18,14.55,18.18,18.18,14.55,10,10,7,8,8,1,9,10,8,8,8,5,9,10,2,6,3,2,14,16,18,18,18,16,9,8,8,7,7,0,0,0,16.67,16.67,16.67,16.67,16.67,16.67,6,6,6,6,6
1,1,8,10,5,9,8,1,0.62,0,22,1,15.38,19.23,19.23,17.31,17.31,11.54,1,6,8,9,6,10,6,6,6,2,25,2,4,3,4,1,7,4,6,8,7,8,8,8,9,6,7,8,9,9,9,9,8,9,9,9,6,16.98,15.09,16.98,16.98,18.87,15.09,16.36,18.18,14.55,18.18,18.18,14.55,10,10,7,8,8,1,9,10,8,8,8,5,9,10,2,6,3,2,14,16,18,18,18,16,9,8,8,7,7,0,0,0,16.67,16.67,16.67,16.67,16.67,16.67,6,6,6,6,6
1,1,8,10,6,10,9,0,0.42,0,22,1,16.07,17.86,17.86,17.86,17.86,12.5,0,7,7,8,9,8,8,6,6,2,25,2,4,3,4,1,7,4,6,8,7,8,8,8,9,6,7,8,9,9,9,9,8,9,9,9,6,16.98,15.09,16.98,16.98,18.87,15.09,16.36,18.18,14.55,18.18,18.18,14.55,10,10,7,8,8,1,6,8,9,9,9,5,9,9,1,6,3,2,14,16,18,18,18,16,9,8,8,7,7,0,0,0,16.67,16.67,16.67,16.67,16.67,16.67,6,6,6,6,6
1,1,8,10,3,7,10,0,-0.01,0,24,2,20,22.5,17.5,22.5,10,7.5,0,7,6,7,6,6,7,7,5,2,25,2,4,3,4,1,7,4,6,8,7,8,8,8,9,6,7,8,9,9,9,9,8,9,9,9,6,16.98,15.09,16.98,16.98,18.87,15.09,16.36,18.18,14.55,18.18,18.18,14.55,10,10,7,8,8,0,6,6,6,7,6,10,6,10,2,6,3,2,14,16,18,18,18,16,9,8,8,7,7,0,0,0,16.67,16.67,16.67,16.67,16.67,16.67,6,6,6,6,6
1,1,8,10,10,7,2,0,0.48,0,23,6,12.24,20.41,16.33,14.29,20.41,16.33,0,2,8,8,7,8,6,4,7,2,24,5,4,4,3,1,7,3,2,5,1,4,9,5,3,6,1,1,6,7,4,7,8,8,6,3,7,19.44,19.44,22.22,16.67,11.11,11.11,15.79,13.16,21.05,18.42,21.05,10.53,4,8,4,7,6,1,7,6,6,6,5,7,6,5,2,7,3,3,16.67,22.22,25,11.11,11.11,13.89,4,9,7,5,6,1,0,1,18.92,21.62,21.62,10.81,13.51,13.51,5,8,8,4,6
1,1,8,10,7,4,3,1,0.5,1,28,4,13.04,21.74,19.57,17.39,15.22,13.04,1,7,8,7,6,5,6,7,5,2,24,5,4,4,3,1,7,3,2,5,1,4,9,5,3,6,1,1,6,7,4,7,8,8,6,3,7,19.44,19.44,22.22,16.67,11.11,11.11,15.79,13.16,21.05,18.42,21.05,10.53,4,8,4,7,6,1,8,7,7,6,7,8,7,6,2,7,3,3,16.67,22.22,25,11.11,11.11,13.89,4,9,7,5,6,1,0,1,18.92,21.62,21.62,10.81,13.51,13.51,5,8,8,4,6
1,1,8,10,4,1,4,0,-0.06,0,22,2,15.09,16.98,16.98,16.98,18.87,15.09,0,2,6,7,2,4,2,3,5,2,24,5,4,4,3,1,7,3,2,5,1,4,9,5,3,6,1,1,6,7,4,7,8,8,6,3,7,19.44,19.44,22.22,16.67,11.11,11.11,15.79,13.16,21.05,18.42,21.05,10.53,4,8,4,7,6,0,5,5,7,8,5,2,4,2,2,7,3,3,16.67,22.22,25,11.11,11.11,13.89,4,9,7,5,6,1,0,1,18.92,21.62,21.62,10.81,13.51,13.51,5,8,8,4,6
1,1,8,10,9,6,6,0,0.36,0,30,3,19.15,21.28,17.02,17.02,12.77,12.77,0,4,8,7,6,6,7,3,5,2,24,5,4,4,3,1,7,3,2,5,1,4,9,5,3,6,1,1,6,7,4,7,8,8,6,3,7,19.44,19.44,22.22,16.67,11.11,11.11,15.79,13.16,21.05,18.42,21.05,10.53,4,8,4,7,6,1,7,7,7,8,7,6,6,6,2,7,3,3,16.67,22.22,25,11.11,11.11,13.89,4,9,7,5,6,1,0,1,18.92,21.62,21.62,10.81,13.51,13.51,5,8,8,4,6
1,1,8,10,3,10,10,0,0.4,0,24,2,20,22.5,17.5,22.5,10,7.5,0,8,8,8,7,6,5,8,5,2,24,5,4,4,3,1,7,3,2,5,1,4,9,5,3,6,1,1,6,7,4,7,8,8,6,3,7,19.44,19.44,22.22,16.67,11.11,11.11,15.79,13.16,21.05,18.42,21.05,10.53,4,8,4,7,6,0,7,7,6,6,5,3,4,3,2,7,3,3,16.67,22.22,25,11.11,11.11,13.89,4,9,7,5,6,1,0,1,18.92,21.62,21.62,10.81,13.51,13.51,5,8,8,4,6
1,1,8,10,1,10,1,0,0.51,0,29,4,9.52,23.81,16.67,16.67,16.67,16.67,1,5,5,5,5,5,5,7,7,2,21,5,2,1,1,2,3,1,2,2,1,5,10,8,8,5,7,5,7,3,5,5,5,7,7,3,6,15.56,11.11,22.22,15.56,20,15.56,14.29,14.29,19.05,19.05,19.05,14.29,7,5,7,10,10,0,4,5,5,5,5,5,2,1,2,3,1,1,14.58,14.58,20.83,14.58,18.75,16.67,7,6,9,7,9,0,0,0,15.22,15.22,19.57,15.22,17.39,17.39,7,6,9,6,8
1,1,8,10,10,9,2,1,0.43,0,23,6,12.24,20.41,16.33,14.29,20.41,16.33,1,4,7,7,7,7,7,5,6,2,21,5,2,1,1,2,3,1,2,2,1,5,10,8,8,5,7,5,7,3,5,5,5,7,7,3,6,15.56,11.11,22.22,15.56,20,15.56,14.29,14.29,19.05,19.05,19.05,14.29,7,5,7,10,10,1,6,5,6,5,5,5,4,2,2,3,1,1,14.58,14.58,20.83,14.58,18.75,16.67,7,6,9,7,9,0,0,0,15.22,15.22,19.57,15.22,17.39,17.39,7,6,9,6,8
1,1,8,10,7,6,3,0,0.43,0,28,4,13.04,21.74,19.57,17.39,15.22,13.04,0,7,5,6,8,6,4,4,2,2,21,5,2,1,1,2,3,1,2,2,1,5,10,8,8,5,7,5,7,3,5,5,5,7,7,3,6,15.56,11.11,22.22,15.56,20,15.56,14.29,14.29,19.05,19.05,19.05,14.29,7,5,7,10,10,0,6,5,7,5,5,7,4,2,2,3,1,1,14.58,14.58,20.83,14.58,18.75,16.67,7,6,9,7,9,0,0,0,15.22,15.22,19.57,15.22,17.39,17.39,7,6,9,6,8
1,1,8,10,4,3,4,0,-0.13,1,22,2,15.09,16.98,16.98,16.98,18.87,15.09,0,1,6,6,3,4,2,3,5,2,21,5,2,1,1,2,3,1,2,2,1,5,10,8,8,5,7,5,7,3,5,5,5,7,7,3,6,15.56,11.11,22.22,15.56,20,15.56,14.29,14.29,19.05,19.05,19.05,14.29,7,5,7,10,10,0,3,4,5,5,5,5,2,1,2,3,1,1,14.58,14.58,20.83,14.58,18.75,16.67,7,6,9,7,9,0,0,0,15.22,15.22,19.57,15.22,17.39,17.39,7,6,9,6,8
1,1,8,10,9,8,6,0,0.46,0,30,3,19.15,21.28,17.02,17.02,12.77,12.77,0,4,8,7,6,7,6,3,5,2,21,5,2,1,1,2,3,1,2,2,1,5,10,8,8,5,7,5,7,3,5,5,5,7,7,3,6,15.56,11.11,22.22,15.56,20,15.56,14.29,14.29,19.05,19.05,19.05,14.29,7,5,7,10,10,0,7,6,6,6,5,6,3,1,2,3,1,1,14.58,14.58,20.83,14.58,18.75,16.67,7,6,9,7,9,0,0,0,15.22,15.22,19.57,15.22,17.39,17.39,7,6,9,6,8
1,1,8,10,2,1,7,0,-0.07,0,24,4,15.38,17.31,17.31,19.23,13.46,17.31,0,7,8,8,7,8,5,7,7,2,21,5,2,1,1,2,3,1,2,2,1,5,10,8,8,5,7,5,7,3,5,5,5,7,7,3,6,15.56,11.11,22.22,15.56,20,15.56,14.29,14.29,19.05,19.05,19.05,14.29,7,5,7,10,10,1,8,8,5,8,5,8,6,2,2,3,1,1,14.58,14.58,20.83,14.58,18.75,16.67,7,6,9,7,9,0,0,0,15.22,15.22,19.57,15.22,17.39,17.39,7,6,9,6,8
1,1,8,10,5,4,8,0,0.4,0,22,1,15.38,19.23,19.23,17.31,17.31,11.54,0,4,4,4,4,4,4,4,4,2,21,5,2,1,1,2,3,1,2,2,1,5,10,8,8,5,7,5,7,3,5,5,5,7,7,3,6,15.56,11.11,22.22,15.56,20,15.56,14.29,14.29,19.05,19.05,19.05,14.29,7,5,7,10,10,1,6,7,5,6,2,5,3,2,2,3,1,1,14.58,14.58,20.83,14.58,18.75,16.67,7,6,9,7,9,0,0,0,15.22,15.22,19.57,15.22,17.39,17.39,7,6,9,6,8
1,1,8,10,6,5,9,0,0.1,0,22,1,16.07,17.86,17.86,17.86,17.86,12.5,0,1,7,8,9,10,9,10,6,2,21,5,2,1,1,2,3,1,2,2,1,5,10,8,8,5,7,5,7,3,5,5,5,7,7,3,6,15.56,11.11,22.22,15.56,20,15.56,14.29,14.29,19.05,19.05,19.05,14.29,7,5,7,10,10,0,5,7,7,6,7,5,2,1,2,3,1,1,14.58,14.58,20.83,14.58,18.75,16.67,7,6,9,7,9,0,0,0,15.22,15.22,19.57,15.22,17.39,17.39,7,6,9,6,8
1,1,8,10,3,2,10,0,0.31,1,24,2,20,22.5,17.5,22.5,10,7.5,0,6,7,7,7,7,6,5,5,2,21,5,2,1,1,2,3,1,2,2,1,5,10,8,8,5,7,5,7,3,5,5,5,7,7,3,6,15.56,11.11,22.22,15.56,20,15.56,14.29,14.29,19.05,19.05,19.05,14.29,7,5,7,10,10,0,4,5,5,5,5,5,3,1,2,3,1,1,14.58,14.58,20.83,14.58,18.75,16.67,7,6,9,7,9,0,0,0,15.22,15.22,19.57,15.22,17.39,17.39,7,6,9,6,8
1,1,8,10,1,4,1,0,0.22,0,29,4,9.52,23.81,16.67,16.67,16.67,16.67,1,5,5,5,5,5,5,7,7,2,27,1,6,6,1,1,6,2,9,8,7,8,5,7,7,7,7,7,9,5,7,9,7,8,4,7,5,16.98,16.98,16.98,16.98,16.98,15.09,16.98,16.98,16.98,16.98,16.98,15.09,8,8,8,8,9,0,5,8,7,5,5,4,5,7,2,4,3,3,16.36,16.36,16.36,16.36,16.36,18.18,8,8,8,8,9,0,0,0,15.79,17.54,17.54,17.54,15.79,15.79,8,9,8,8,9
1,1,8,10,10,3,2,0,0.1,1,23,6,12.24,20.41,16.33,14.29,20.41,16.33,1,4,7,7,6,6,7,7,7,2,27,1,6,6,1,1,6,2,9,8,7,8,5,7,7,7,7,7,9,5,7,9,7,8,4,7,5,16.98,16.98,16.98,16.98,16.98,15.09,16.98,16.98,16.98,16.98,16.98,15.09,8,8,8,8,9,0,6,6,5,5,4,5,6,2,2,4,3,3,16.36,16.36,16.36,16.36,16.36,18.18,8,8,8,8,9,0,0,0,15.79,17.54,17.54,17.54,15.79,15.79,8,9,8,8,9
1,1,8,10,7,10,3,0,-0.05,0,28,4,13.04,21.74,19.57,17.39,15.22,13.04,0,6,7,7,5,5,3,5,1,2,27,1,6,6,1,1,6,2,9,8,7,8,5,7,7,7,7,7,9,5,7,9,7,8,4,7,5,16.98,16.98,16.98,16.98,16.98,15.09,16.98,16.98,16.98,16.98,16.98,15.09,8,8,8,8,9,0,8,8,5,6,4,5,7,2,2,4,3,3,16.36,16.36,16.36,16.36,16.36,18.18,8,8,8,8,9,0,0,0,15.79,17.54,17.54,17.54,15.79,15.79,8,9,8,8,9
1,1,8,10,4,7,4,0,0.05,0,22,2,15.09,16.98,16.98,16.98,18.87,15.09,0,4,6,6,3,5,4,5,4,2,27,1,6,6,1,1,6,2,9,8,7,8,5,7,7,7,7,7,9,5,7,9,7,8,4,7,5,16.98,16.98,16.98,16.98,16.98,15.09,16.98,16.98,16.98,16.98,16.98,15.09,8,8,8,8,9,0,5,6,6,5,9,5,5,7,2,4,3,3,16.36,16.36,16.36,16.36,16.36,18.18,8,8,8,8,9,0,0,0,15.79,17.54,17.54,17.54,15.79,15.79,8,9,8,8,9
1,1,8,10,9,2,6,0,0.13,0,30,3,19.15,21.28,17.02,17.02,12.77,12.77,0,4,8,7,5,7,7,5,5,2,27,1,6,6,1,1,6,2,9,8,7,8,5,7,7,7,7,7,9,5,7,9,7,8,4,7,5,16.98,16.98,16.98,16.98,16.98,15.09,16.98,16.98,16.98,16.98,16.98,15.09,8,8,8,8,9,0,7,8,8,8,8,7,8,7,2,4,3,3,16.36,16.36,16.36,16.36,16.36,18.18,8,8,8,8,9,0,0,0,15.79,17.54,17.54,17.54,15.79,15.79,8,9,8,8,9
1,1,8,10,2,5,7,0,-0.27,0,24,4,15.38,17.31,17.31,19.23,13.46,17.31,0,7,6,7,6,6,5,6,6,2,27,1,6,6,1,1,6,2,9,8,7,8,5,7,7,7,7,7,9,5,7,9,7,8,4,7,5,16.98,16.98,16.98,16.98,16.98,15.09,16.98,16.98,16.98,16.98,16.98,15.09,8,8,8,8,9,0,6,8,8,6,6,5,6,7,2,4,3,3,16.36,16.36,16.36,16.36,16.36,18.18,8,8,8,8,9,0,0,0,15.79,17.54,17.54,17.54,15.79,15.79,8,9,8,8,9
1,1,8,10,5,8,8,0,-0.22,0,22,1,15.38,19.23,19.23,17.31,17.31,11.54,1,5,10,8,8,9,4,4,4,2,27,1,6,6,1,1,6,2,9,8,7,8,5,7,7,7,7,7,9,5,7,9,7,8,4,7,5,16.98,16.98,16.98,16.98,16.98,15.09,16.98,16.98,16.98,16.98,16.98,15.09,8,8,8,8,9,0,6,7,7,6,7,6,6,7,2,4,3,3,16.36,16.36,16.36,16.36,16.36,18.18,8,8,8,8,9,0,0,0,15.79,17.54,17.54,17.54,15.79,15.79,8,9,8,8,9
1,1,8,10,6,9,9,0,-0.22,0,22,1,16.07,17.86,17.86,17.86,17.86,12.5,0,6,8,8,8,9,8,6,6,2,27,1,6,6,1,1,6,2,9,8,7,8,5,7,7,7,7,7,9,5,7,9,7,8,4,7,5,16.98,16.98,16.98,16.98,16.98,15.09,16.98,16.98,16.98,16.98,16.98,15.09,8,8,8,8,9,0,5,7,6,6,7,5,6,7,2,4,3,3,16.36,16.36,16.36,16.36,16.36,18.18,8,8,8,8,9,0,0,0,15.79,17.54,17.54,17.54,15.79,15.79,8,9,8,8,9
1,1,8,10,3,6,10,0,0.05,0,24,2,20,22.5,17.5,22.5,10,7.5,0,6,8,8,7,6,9,5,6,2,27,1,6,6,1,1,6,2,9,8,7,8,5,7,7,7,7,7,9,5,7,9,7,8,4,7,5,16.98,16.98,16.98,16.98,16.98,15.09,16.98,16.98,16.98,16.98,16.98,15.09,8,8,8,8,9,0,6,8,7,7,7,6,7,7,2,4,3,3,16.36,16.36,16.36,16.36,16.36,18.18,8,8,8,8,9,0,0,0,15.79,17.54,17.54,17.54,15.79,15.79,8,9,8,8,9
1,1,8,10,1,2,1,0,0.32,0,29,4,9.52,23.81,16.67,16.67,16.67,16.67,1,5,6,5,7,7,6,6,8,2,28,8,2,6,1,5,4,2,7,8,1,7,8,6,6,6,1,8,7,3,4,8,4,7,1,7,4,20.45,20.45,20.45,18.18,18.18,2.27,9.09,20.45,18.18,15.91,20.45,15.91,7,7,6,7,8,0,5,8,7,6,6,8,5,6,2,5,3,3,21.43,19.05,19.05,19.05,16.67,4.76,7,6,8,7,8,0,0,0,20.93,20.93,18.6,18.6,16.28,4.65,7,7,7,7,7
1,1,8,10,10,1,2,0,0.65,0,23,6,12.24,20.41,16.33,14.29,20.41,16.33,1,1,7,8,8,8,8,8,8,8,28,8,2,6,1,5,4,2,7,8,1,7,8,6,6,6,1,8,7,3,4,8,4,7,1,7,4,20.45,20.45,20.45,18.18,18.18,2.27,9.09,20.45,18.18,15.91,20.45,15.91,7,7,6,7,8,0,5,9,8,7,8,8,5,7,2,5,3,3,21.43,19.05,19.05,19.05,16.67,4.76,7,6,8,7,8,0,0,0,20.93,20.93,18.6,18.6,16.28,4.65,7,7,7,7,7
1,1,8,10,7,8,3,1,0.32,0,28,4,13.04,21.74,19.57,17.39,15.22,13.04,1,8,6,7,8,7,6,5,5,2,28,8,2,6,1,5,4,2,7,8,1,7,8,6,6,6,1,8,7,3,4,8,4,7,1,7,4,20.45,20.45,20.45,18.18,18.18,2.27,9.09,20.45,18.18,15.91,20.45,15.91,7,7,6,7,8,1,7,8,7,7,8,7,6,7,2,5,3,3,21.43,19.05,19.05,19.05,16.67,4.76,7,6,8,7,8,0,0,0,20.93,20.93,18.6,18.6,16.28,4.65,7,7,7,7,7
1,1,8,10,4,5,4,0,0.14,1,22,2,15.09,16.98,16.98,16.98,18.87,15.09,1,7,7,7,6,8,7,7,6,2,28,8,2,6,1,5,4,2,7,8,1,7,8,6,6,6,1,8,7,3,4,8,4,7,1,7,4,20.45,20.45,20.45,18.18,18.18,2.27,9.09,20.45,18.18,15.91,20.45,15.91,7,7,6,7,8,0,5,7,7,6,6,6,5,6,2,5,3,3,21.43,19.05,19.05,19.05,16.67,4.76,7,6,8,7,8,0,0,0,20.93,20.93,18.6,18.6,16.28,4.65,7,7,7,7,7
1,1,8,10,9,10,6,0,0.45,0,30,3,19.15,21.28,17.02,17.02,12.77,12.77,0,4,7,6,4,6,5,4,5,2,28,8,2,6,1,5,4,2,7,8,1,7,8,6,6,6,1,8,7,3,4,8,4,7,1,7,4,20.45,20.45,20.45,18.18,18.18,2.27,9.09,20.45,18.18,15.91,20.45,15.91,7,7,6,7,8,1,8,8,9,8,8,6,7,6,2,5,3,3,21.43,19.05,19.05,19.05,16.67,4.76,7,6,8,7,8,0,0,0,20.93,20.93,18.6,18.6,16.28,4.65,7,7,7,7,7
1,1,8,10,2,3,7,0,0.13,0,24,4,15.38,17.31,17.31,19.23,13.46,17.31,0,8,7,8,8,8,7,7,7,2,28,8,2,6,1,5,4,2,7,8,1,7,8,6,6,6,1,8,7,3,4,8,4,7,1,7,4,20.45,20.45,20.45,18.18,18.18,2.27,9.09,20.45,18.18,15.91,20.45,15.91,7,7,6,7,8,1,7,8,7,7,8,7,6,7,2,5,3,3,21.43,19.05,19.05,19.05,16.67,4.76,7,6,8,7,8,0,0,0,20.93,20.93,18.6,18.6,16.28,4.65,7,7,7,7,7
1,1,8,10,5,6,8,1,0.16,0,22,1,15.38,19.23,19.23,17.31,17.31,11.54,1,8,9,8,8,8,4,6,5,2,28,8,2,6,1,5,4,2,7,8,1,7,8,6,6,6,1,8,7,3,4,8,4,7,1,7,4,20.45,20.45,20.45,18.18,18.18,2.27,9.09,20.45,18.18,15.91,20.45,15.91,7,7,6,7,8,1,8,8,8,8,8,5,7,7,2,5,3,3,21.43,19.05,19.05,19.05,16.67,4.76,7,6,8,7,8,0,0,0,20.93,20.93,18.6,18.6,16.28,4.65,7,7,7,7,7
1,1,8,10,3,4,10,0,0.43,1,24,2,20,22.5,17.5,22.5,10,7.5,1,7,7,7,7,7,7,7,6,2,28,8,2,6,1,5,4,2,7,8,1,7,8,6,6,6,1,8,7,3,4,8,4,7,1,7,4,20.45,20.45,20.45,18.18,18.18,2.27,9.09,20.45,18.18,15.91,20.45,15.91,7,7,6,7,8,0,5,7,7,6,6,6,5,6,2,5,3,3,21.43,19.05,19.05,19.05,16.67,4.76,7,6,8,7,8,0,0,0,20.93,20.93,18.6,18.6,16.28,4.65,7,7,7,7,7
1,1,8,10,1,7,1,0,0.37,1,29,4,9.52,23.81,16.67,16.67,16.67,16.67,1,6,5,6,7,7,7,7,8,2,25,1,4,2,2,1,6,2,1,8,10,7,9,9,8,1,1,4,10,10,10,10,9,9,9,5,4,20.93,16.28,23.26,16.28,11.63,11.63,26.32,13.16,13.16,26.32,13.16,7.89,7,9,5,10,7,0,3,9,7,5,6,6,7,6,2,4,3,1,20.93,18.6,18.6,13.95,13.95,13.95,7,8,10,7,8,0,0,0,18.6,20.93,18.6,13.95,13.95,13.95,7,7,12,6,8
1,1,8,10,10,6,2,1,0.39,0,23,6,12.24,20.41,16.33,14.29,20.41,16.33,1,4,6,7,6,7,7,4,7,1,25,1,4,2,2,1,6,2,1,8,10,7,9,9,8,1,1,4,10,10,10,10,9,9,9,5,4,20.93,16.28,23.26,16.28,11.63,11.63,26.32,13.16,13.16,26.32,13.16,7.89,7,9,5,10,7,1,5,8,8,6,8,9,8,8,1,4,3,1,20.93,18.6,18.6,13.95,13.95,13.95,7,8,10,7,8,0,0,0,18.6,20.93,18.6,13.95,13.95,13.95,7,7,12,6,8
1,1,8,10,7,3,3,0,0.4,1,28,4,13.04,21.74,19.57,17.39,15.22,13.04,1,7,8,8,6,7,6,7,5,2,25,1,4,2,2,1,6,2,1,8,10,7,9,9,8,1,1,4,10,10,10,10,9,9,9,5,4,20.93,16.28,23.26,16.28,11.63,11.63,26.32,13.16,13.16,26.32,13.16,7.89,7,9,5,10,7,0,6,9,9,3,9,6,5,7,2,4,3,1,20.93,18.6,18.6,13.95,13.95,13.95,7,8,10,7,8,0,0,0,18.6,20.93,18.6,13.95,13.95,13.95,7,7,12,6,8
1,1,8,10,4,10,4,0,0.58,0,22,2,15.09,16.98,16.98,16.98,18.87,15.09,0,5,7,7,6,7,5,6,5,2,25,1,4,2,2,1,6,2,1,8,10,7,9,9,8,1,1,4,10,10,10,10,9,9,9,5,4,20.93,16.28,23.26,16.28,11.63,11.63,26.32,13.16,13.16,26.32,13.16,7.89,7,9,5,10,7,0,6,8,8,6,8,7,8,7,2,4,3,1,20.93,18.6,18.6,13.95,13.95,13.95,7,8,10,7,8,0,0,0,18.6,20.93,18.6,13.95,13.95,13.95,7,7,12,6,8
1,1,8,10,9,5,6,0,0.41,0,30,3,19.15,21.28,17.02,17.02,12.77,12.77,0,5,7,7,8,8,7,5,5,2,25,1,4,2,2,1,6,2,1,8,10,7,9,9,8,1,1,4,10,10,10,10,9,9,9,5,4,20.93,16.28,23.26,16.28,11.63,11.63,26.32,13.16,13.16,26.32,13.16,7.89,7,9,5,10,7,1,9,9,9,8,8,8,9,6,2,4,3,1,20.93,18.6,18.6,13.95,13.95,13.95,7,8,10,7,8,0,0,0,18.6,20.93,18.6,13.95,13.95,13.95,7,7,12,6,8
1,1,8,10,2,8,7,0,0.15,1,24,4,15.38,17.31,17.31,19.23,13.46,17.31,0,7,7,7,8,6,5,6,6,2,25,1,4,2,2,1,6,2,1,8,10,7,9,9,8,1,1,4,10,10,10,10,9,9,9,5,4,20.93,16.28,23.26,16.28,11.63,11.63,26.32,13.16,13.16,26.32,13.16,7.89,7,9,5,10,7,1,7,8,8,6,7,8,8,7,2,4,3,1,20.93,18.6,18.6,13.95,13.95,13.95,7,8,10,7,8,0,0,0,18.6,20.93,18.6,13.95,13.95,13.95,7,7,12,6,8
1,1,8,10,5,1,8,1,0.54,0,22,1,15.38,19.23,19.23,17.31,17.31,11.54,1,8,8,9,8,9,9,8,7,2,25,1,4,2,2,1,6,2,1,8,10,7,9,9,8,1,1,4,10,10,10,10,9,9,9,5,4,20.93,16.28,23.26,16.28,11.63,11.63,26.32,13.16,13.16,26.32,13.16,7.89,7,9,5,10,7,1,8,10,8,6,9,9,8,7,2,4,3,1,20.93,18.6,18.6,13.95,13.95,13.95,7,8,10,7,8,0,0,0,18.6,20.93,18.6,13.95,13.95,13.95,7,7,12,6,8
1,1,8,10,6,2,9,0,0.53,0,22,1,16.07,17.86,17.86,17.86,17.86,12.5,0,5,8,9,9,9,6,8,6,2,25,1,4,2,2,1,6,2,1,8,10,7,9,9,8,1,1,4,10,10,10,10,9,9,9,5,4,20.93,16.28,23.26,16.28,11.63,11.63,26.32,13.16,13.16,26.32,13.16,7.89,7,9,5,10,7,0,3,9,7,6,8,6,8,8,2,4,3,1,20.93,18.6,18.6,13.95,13.95,13.95,7,8,10,7,8,0,0,0,18.6,20.93,18.6,13.95,13.95,13.95,7,7,12,6,8
1,1,8,10,3,9,10,0,-0.38,0,24,2,20,22.5,17.5,22.5,10,7.5,0,7,8,7,6,6,6,8,5,2,25,1,4,2,2,1,6,2,1,8,10,7,9,9,8,1,1,4,10,10,10,10,9,9,9,5,4,20.93,16.28,23.26,16.28,11.63,11.63,26.32,13.16,13.16,26.32,13.16,7.89,7,9,5,10,7,0,6,8,7,7,6,6,7,6,2,4,3,1,20.93,18.6,18.6,13.95,13.95,13.95,7,8,10,7,8,0,0,0,18.6,20.93,18.6,13.95,13.95,13.95,7,7,12,6,8
0,2,9,20,2,18,1,0,-0.22,1,23,2,17.02,21.28,17.02,21.28,14.89,8.51,0,7,8,6,7,8,3,5,4,2,24,3,2,9,9,3,3,2,3,8,6,6,9,6,6,4,8,7,9,9,6,9,5,7,9,4,7,16,16,20,16,18,14,20,12,16,20,14,18,9,10,8,10,10,1,7,8,10,8,10,7,7,5,2,6,1,3,18.18,18.18,18.18,14.55,18.18,12.73,10,10,10,8,10,0,0,0,16.98,18.87,18.87,15.09,16.98,13.21,12,12,12,9,12
0,2,9,20,2,20,2,0,0.74,0,26,4,14.89,19.15,21.28,19.15,14.89,10.64,0,3,4,4,3,3,4,2,6,2,24,3,2,9,9,3,3,2,3,8,6,6,9,6,6,4,8,7,9,9,6,9,5,7,9,4,7,16,16,20,16,18,14,20,12,16,20,14,18,9,10,8,10,10,1,9,9,9,9,9,7,8,6,2,6,1,3,18.18,18.18,18.18,14.55,18.18,12.73,10,10,10,8,10,0,0,0,16.98,18.87,18.87,15.09,16.98,13.21,12,12,12,9,12
0,2,9,20,2,7,3,0,0.34,1,27,2,7.5,17.5,20,22.5,12.5,20,0,5,5,7,5,5,5,5,5,2,24,3,2,9,9,3,3,2,3,8,6,6,9,6,6,4,8,7,9,9,6,9,5,7,9,4,7,16,16,20,16,18,14,20,12,16,20,14,18,9,10,8,10,10,0,4,8,8,6,8,5,5,5,2,6,1,3,18.18,18.18,18.18,14.55,18.18,12.73,10,10,10,8,10,0,0,0,16.98,18.87,18.87,15.09,16.98,13.21,12,12,12,9,12
0,2,9,20,2,13,4,0,-0.43,1,26,2,21.28,17.02,21.28,12.77,6.38,21.28,0,3,9,9,4,7,6,6,7,2,24,3,2,9,9,3,3,2,3,8,6,6,9,6,6,4,8,7,9,9,6,9,5,7,9,4,7,16,16,20,16,18,14,20,12,16,20,14,18,9,10,8,10,10,1,8,8,10,7,10,9,6,5,2,6,1,3,18.18,18.18,18.18,14.55,18.18,12.73,10,10,10,8,10,0,0,0,16.98,18.87,18.87,15.09,16.98,13.21,12,12,12,9,12
0,2,9,20,2,4,5,0,-0.29,1,24,2,20.51,5.13,23.08,12.82,17.95,20.51,0,2,6,4,5,4,4,3,2,2,24,3,2,9,9,3,3,2,3,8,6,6,9,6,6,4,8,7,9,9,6,9,5,7,9,4,7,16,16,20,16,18,14,20,12,16,20,14,18,9,10,8,10,10,1,8,9,10,7,10,7,6,4,2,6,1,3,18.18,18.18,18.18,14.55,18.18,12.73,10,10,10,8,10,0,0,0,16.98,18.87,18.87,15.09,16.98,13.21,12,12,12,9,12
0,2,9,20,2,9,7,0,-0.22,0,25,6,16.67,16.67,16.67,16.67,14.81,18.52,0,5,8,8,7,9,0,2,1,2,24,3,2,9,9,3,3,2,3,8,6,6,9,6,6,4,8,7,9,9,6,9,5,7,9,4,7,16,16,20,16,18,14,20,12,16,20,14,18,9,10,8,10,10,0,6,10,10,9,10,7,7,7,2,6,1,3,18.18,18.18,18.18,14.55,18.18,12.73,10,10,10,8,10,0,0,0,16.98,18.87,18.87,15.09,16.98,13.21,12,12,12,9,12
0,2,9,20,2,16,8,1,0.41,0,27,4,15.56,17.78,17.78,17.78,17.78,13.33,1,4,3,6,7,6,5,6,3,2,24,3,2,9,9,3,3,2,3,8,6,6,9,6,6,4,8,7,9,9,6,9,5,7,9,4,7,16,16,20,16,18,14,20,12,16,20,14,18,9,10,8,10,10,1,8,10,10,8,10,7,8,7,2,6,1,3,18.18,18.18,18.18,14.55,18.18,12.73,10,10,10,8,10,0,0,0,16.98,18.87,18.87,15.09,16.98,13.21,12,12,12,9,12
0,2,9,20,2,11,9,0,-0.23,1,27,2,9.52,19.05,23.81,19.05,4.76,23.81,0,7,4,4,4,7,2,4,3,2,24,3,2,9,9,3,3,2,3,8,6,6,9,6,6,4,8,7,9,9,6,9,5,7,9,4,7,16,16,20,16,18,14,20,12,16,20,14,18,9,10,8,10,10,0,3,10,9,6,8,5,5,5,2,6,1,3,18.18,18.18,18.18,14.55,18.18,12.73,10,10,10,8,10,0,0,0,16.98,18.87,18.87,15.09,16.98,13.21,12,12,12,9,12
0,2,9,20,2,5,10,0,0.3,1,28,2,17.39,17.39,19.57,19.57,10.87,15.22,1,7,7,7,8,6,7,6,6,2,24,3,2,9,9,3,3,2,3,8,6,6,9,6,6,4,8,7,9,9,6,9,5,7,9,4,7,16,16,20,16,18,14,20,12,16,20,14,18,9,10,8,10,10,0,6,10,10,7,10,6,6,6,2,6,1,3,18.18,18.18,18.18,14.55,18.18,12.73,10,10,10,8,10,0,0,0,16.98,18.87,18.87,15.09,16.98,13.21,12,12,12,9,12
0,2,9,20,2,3,11,0,0.19,1,32,2,17.24,17.24,17.24,17.24,13.79,17.24,0,5,8,7,7,6,7,7,5,2,24,3,2,9,9,3,3,2,3,8,6,6,9,6,6,4,8,7,9,9,6,9,5,7,9,4,7,16,16,20,16,18,14,20,12,16,20,14,18,9,10,8,10,10,1,7,9,10,8,9,9,7,7,2,6,1,3,18.18,18.18,18.18,14.55,18.18,12.73,10,10,10,8,10,0,0,0,16.98,18.87,18.87,15.09,16.98,13.21,12,12,12,9,12
0,2,9,20,2,8,12,0,-0.18,0,28,3,14.71,14.71,14.71,14.71,20.59,20.59,0,6,4,5,5,3,4,4,6,2,24,3,2,9,9,3,3,2,3,8,6,6,9,6,6,4,8,7,9,9,6,9,5,7,9,4,7,16,16,20,16,18,14,20,12,16,20,14,18,9,10,8,10,10,0,7,10,10,8,9,6,7,6,2,6,1,3,18.18,18.18,18.18,14.55,18.18,12.73,10,10,10,8,10,0,0,0,16.98,18.87,18.87,15.09,16.98,13.21,12,12,12,9,12
0,2,9,20,2,2,13,0,-0.07,1,23,2,25.64,17.95,15.38,20.51,10.26,10.26,0,4,5,5,4,5,4,4,7,2,24,3,2,9,9,3,3,2,3,8,6,6,9,6,6,4,8,7,9,9,6,9,5,7,9,4,7,16,16,20,16,18,14,20,12,16,20,14,18,9,10,8,10,10,1,10,8,8,8,8,7,7,6,2,6,1,3,18.18,18.18,18.18,14.55,18.18,12.73,10,10,10,8,10,0,0,0,16.98,18.87,18.87,15.09,16.98,13.21,12,12,12,9,12
0,2,9,20,2,19,14,0,0.57,1,26,2,20,16,18,16,16,14,0,4,6,6,5,5,5,4,4,2,24,3,2,9,9,3,3,2,3,8,6,6,9,6,6,4,8,7,9,9,6,9,5,7,9,4,7,16,16,20,16,18,14,20,12,16,20,14,18,9,10,8,10,10,1,10,8,7,7,9,6,7,5,2,6,1,3,18.18,18.18,18.18,14.55,18.18,12.73,10,10,10,8,10,0,0,0,16.98,18.87,18.87,15.09,16.98,13.21,12,12,12,9,12
0,2,9,20,2,14,15,0,-0.05,0,24,4,13.51,18.92,21.62,13.51,13.51,18.92,0,6,7,6,4,6,5,5,3,2,24,3,2,9,9,3,3,2,3,8,6,6,9,6,6,4,8,7,9,9,6,9,5,7,9,4,7,16,16,20,16,18,14,20,12,16,20,14,18,9,10,8,10,10,0,7,10,10,6,10,5,6,4,2,6,1,3,18.18,18.18,18.18,14.55,18.18,12.73,10,10,10,8,10,0,0,0,16.98,18.87,18.87,15.09,16.98,13.21,12,12,12,9,12
0,2,9,20,2,17,16,0,0.33,1,28,2,21.43,16.67,21.43,16.67,11.9,11.9,0,1,5,5,3,5,3,5,3,2,24,3,2,9,9,3,3,2,3,8,6,6,9,6,6,4,8,7,9,9,6,9,5,7,9,4,7,16,16,20,16,18,14,20,12,16,20,14,18,9,10,8,10,10,1,8,9,8,6,7,7,7,6,2,6,1,3,18.18,18.18,18.18,14.55,18.18,12.73,10,10,10,8,10,0,0,0,16.98,18.87,18.87,15.09,16.98,13.21,12,12,12,9,12
0,2,9,20,2,6,17,0,-0.02,1,42,2,23.81,23.81,23.81,23.81,2.38,2.38,0,3,5,5,2,2,2,2,1,2,24,3,2,9,9,3,3,2,3,8,6,6,9,6,6,4,8,7,9,9,6,9,5,7,9,4,7,16,16,20,16,18,14,20,12,16,20,14,18,9,10,8,10,10,0,6,10,9,8,8,6,5,5,2,6,1,3,18.18,18.18,18.18,14.55,18.18,12.73,10,10,10,8,10,0,0,0,16.98,18.87,18.87,15.09,16.98,13.21,12,12,12,9,12
0,2,9,20,2,15,18,0,-0.28,0,30,3,18.6,20.93,23.26,23.26,2.33,11.63,0,5,4,6,5,6,4,4,5,2,24,3,2,9,9,3,3,2,3,8,6,6,9,6,6,4,8,7,9,9,6,9,5,7,9,4,7,16,16,20,16,18,14,20,12,16,20,14,18,9,10,8,10,10,1,8,10,9,8,8,7,7,7,2,6,1,3,18.18,18.18,18.18,14.55,18.18,12.73,10,10,10,8,10,0,0,0,16.98,18.87,18.87,15.09,16.98,13.21,12,12,12,9,12
0,2,9,20,2,10,19,0,-0.44,1,31,2,17.78,17.78,17.78,17.78,13.33,15.56,0,5,5,5,4,3,5,5,2,2,24,3,2,9,9,3,3,2,3,8,6,6,9,6,6,4,8,7,9,9,6,9,5,7,9,4,7,16,16,20,16,18,14,20,12,16,20,14,18,9,10,8,10,10,0,5,10,9,6,7,6,5,7,2,6,1,3,18.18,18.18,18.18,14.55,18.18,12.73,10,10,10,8,10,0,0,0,16.98,18.87,18.87,15.09,16.98,13.21,12,12,12,9,12
0,2,9,20,6,2,1,0,0.27,1,23,2,17.02,21.28,17.02,21.28,14.89,8.51,0,9,8,7,7,7,5,7,0,1,27,10,2,3,9,1,2,1,2,7,6,9,8,5,5,9,9,8,10,1,3,4,3,6,5,1,8,15.38,19.23,19.23,19.23,13.46,13.46,22.73,15.91,18.18,18.18,11.36,13.64,9,8,10,10,8,0,8,7,10,8,9,9,10,1,1,8,3,3,16,12,20,18,16,18,9,7,9,8,7,0,4,1,15.69,15.69,19.61,17.65,15.69,15.69,8,8,9,9,8
0,2,9,20,6,4,2,1,0.41,0,26,4,14.89,19.15,21.28,19.15,14.89,10.64,1,5,9,8,9,7,9,8,8,2,27,10,2,3,9,1,2,1,2,7,6,9,8,5,5,9,9,8,10,1,3,4,3,6,5,1,8,15.38,19.23,19.23,19.23,13.46,13.46,22.73,15.91,18.18,18.18,11.36,13.64,9,8,10,10,8,1,7,8,9,9,8,9,10,8,2,8,3,3,16,12,20,18,16,18,9,7,9,8,7,0,4,1,15.69,15.69,19.61,17.65,15.69,15.69,8,8,9,9,8
0,2,9,20,6,11,3,0,-0.03,1,27,2,7.5,17.5,20,22.5,12.5,20,1,7,7,9,8,8,4,7,4,2,27,10,2,3,9,1,2,1,2,7,6,9,8,5,5,9,9,8,10,1,3,4,3,6,5,1,8,15.38,19.23,19.23,19.23,13.46,13.46,22.73,15.91,18.18,18.18,11.36,13.64,9,8,10,10,8,0,5,8,7,6,8,6,6,7,2,8,3,3,16,12,20,18,16,18,9,7,9,8,7,0,4,1,15.69,15.69,19.61,17.65,15.69,15.69,8,8,9,9,8
0,2,9,20,6,17,4,1,0.01,1,26,2,21.28,17.02,21.28,12.77,6.38,21.28,1,6,5,9,4,6,5,7,8,1,27,10,2,3,9,1,2,1,2,7,6,9,8,5,5,9,9,8,10,1,3,4,3,6,5,1,8,15.38,19.23,19.23,19.23,13.46,13.46,22.73,15.91,18.18,18.18,11.36,13.64,9,8,10,10,8,1,9,6,10,7,9,6,6,7,2,8,3,3,16,12,20,18,16,18,9,7,9,8,7,0,4,1,15.69,15.69,19.61,17.65,15.69,15.69,8,8,9,9,8
0,2,9,20,6,8,5,0,0.07,1,24,2,20.51,5.13,23.08,12.82,17.95,20.51,1,6,7,7,5,6,6,6,5,2,27,10,2,3,9,1,2,1,2,7,6,9,8,5,5,9,9,8,10,1,3,4,3,6,5,1,8,15.38,19.23,19.23,19.23,13.46,13.46,22.73,15.91,18.18,18.18,11.36,13.64,9,8,10,10,8,0,6,10,10,5,9,6,7,6,2,8,3,3,16,12,20,18,16,18,9,7,9,8,7,0,4,1,15.69,15.69,19.61,17.65,15.69,15.69,8,8,9,9,8
0,2,9,20,6,5,6,0,0.09,1,26,2,16.28,16.28,18.6,16.28,16.28,16.28,1,7,8,7,7,4,7,7,5,2,27,10,2,3,9,1,2,1,2,7,6,9,8,5,5,9,9,8,10,1,3,4,3,6,5,1,8,15.38,19.23,19.23,19.23,13.46,13.46,22.73,15.91,18.18,18.18,11.36,13.64,9,8,10,10,8,0,9,10,9,9,8,9,9,7,2,8,3,3,16,12,20,18,16,18,9,7,9,8,7,0,4,1,15.69,15.69,19.61,17.65,15.69,15.69,8,8,9,9,8
0,2,9,20,6,13,7,0,0.6,0,25,6,16.67,16.67,16.67,16.67,14.81,18.52,1,8,8,9,10,8,9,9,9,2,27,10,2,3,9,1,2,1,2,7,6,9,8,5,5,9,9,8,10,1,3,4,3,6,5,1,8,15.38,19.23,19.23,19.23,13.46,13.46,22.73,15.91,18.18,18.18,11.36,13.64,9,8,10,10,8,0,5,10,9,8,9,6,9,8,2,8,3,3,16,12,20,18,16,18,9,7,9,8,7,0,4,1,15.69,15.69,19.61,17.65,15.69,15.69,8,8,9,9,8
0,2,9,20,6,20,8,0,-0.21,0,27,4,15.56,17.78,17.78,17.78,17.78,13.33,1,7,8,8,8,5,5,7,5,2,27,10,2,3,9,1,2,1,2,7,6,9,8,5,5,9,9,8,10,1,3,4,3,6,5,1,8,15.38,19.23,19.23,19.23,13.46,13.46,22.73,15.91,18.18,18.18,11.36,13.64,9,8,10,10,8,0,7,8,7,7,8,6,7,5,2,8,3,3,16,12,20,18,16,18,9,7,9,8,7,0,4,1,15.69,15.69,19.61,17.65,15.69,15.69,8,8,9,9,8
0,2,9,20,6,15,9,0,0.03,1,27,2,9.52,19.05,23.81,19.05,4.76,23.81,0,6,3,8,3,3,2,4,3,2,27,10,2,3,9,1,2,1,2,7,6,9,8,5,5,9,9,8,10,1,3,4,3,6,5,1,8,15.38,19.23,19.23,19.23,13.46,13.46,22.73,15.91,18.18,18.18,11.36,13.64,9,8,10,10,8,0,4,5,10,5,6,4,5,7,2,8,3,3,16,12,20,18,16,18,9,7,9,8,7,0,4,1,15.69,15.69,19.61,17.65,15.69,15.69,8,8,9,9,8
0,2,9,20,6,9,10,0,0.22,1,28,2,17.39,17.39,19.57,19.57,10.87,15.22,1,6,8,6,7,6,5,5,7,2,27,10,2,3,9,1,2,1,2,7,6,9,8,5,5,9,9,8,10,1,3,4,3,6,5,1,8,15.38,19.23,19.23,19.23,13.46,13.46,22.73,15.91,18.18,18.18,11.36,13.64,9,8,10,10,8,0,6,8,10,5,7,6,8,6,2,8,3,3,16,12,20,18,16,18,9,7,9,8,7,0,4,1,15.69,15.69,19.61,17.65,15.69,15.69,8,8,9,9,8
0,2,9,20,6,7,11,0,0.44,1,32,2,17.24,17.24,17.24,17.24,13.79,17.24,0,7,6,7,7,7,8,7,5,2,27,10,2,3,9,1,2,1,2,7,6,9,8,5,5,9,9,8,10,1,3,4,3,6,5,1,8,15.38,19.23,19.23,19.23,13.46,13.46,22.73,15.91,18.18,18.18,11.36,13.64,9,8,10,10,8,0,8,8,10,6,7,7,8,7,2,8,3,3,16,12,20,18,16,18,9,7,9,8,7,0,4,1,15.69,15.69,19.61,17.65,15.69,15.69,8,8,9,9,8
0,2,9,20,6,12,12,1,-0.27,0,28,3,14.71,14.71,14.71,14.71,20.59,20.59,1,6,7,7,7,6,6,6,5,2,27,10,2,3,9,1,2,1,2,7,6,9,8,5,5,9,9,8,10,1,3,4,3,6,5,1,8,15.38,19.23,19.23,19.23,13.46,13.46,22.73,15.91,18.18,18.18,11.36,13.64,9,8,10,10,8,1,6,7,8,9,8,7,8,8,2,8,3,3,16,12,20,18,16,18,9,7,9,8,7,0,4,1,15.69,15.69,19.61,17.65,15.69,15.69,8,8,9,9,8
0,2,9,20,6,6,13,0,-0.04,1,23,2,25.64,17.95,15.38,20.51,10.26,10.26,0,6,7,7,8,6,6,6,7,2,27,10,2,3,9,1,2,1,2,7,6,9,8,5,5,9,9,8,10,1,3,4,3,6,5,1,8,15.38,19.23,19.23,19.23,13.46,13.46,22.73,15.91,18.18,18.18,11.36,13.64,9,8,10,10,8,1,10,9,9,8,9,6,7,7,2,8,3,3,16,12,20,18,16,18,9,7,9,8,7,0,4,1,15.69,15.69,19.61,17.65,15.69,15.69,8,8,9,9,8
0,2,9,20,6,3,14,0,-0.12,1,26,2,20,16,18,16,16,14,1,6,4,8,8,5,6,6,6,2,27,10,2,3,9,1,2,1,2,7,6,9,8,5,5,9,9,8,10,1,3,4,3,6,5,1,8,15.38,19.23,19.23,19.23,13.46,13.46,22.73,15.91,18.18,18.18,11.36,13.64,9,8,10,10,8,0,9,7,7,6,6,6,7,8,2,8,3,3,16,12,20,18,16,18,9,7,9,8,7,0,4,1,15.69,15.69,19.61,17.65,15.69,15.69,8,8,9,9,8
0,2,9,20,6,18,15,0,0.26,0,24,4,13.51,18.92,21.62,13.51,13.51,18.92,1,6,6,6,7,6,5,6,5,2,27,10,2,3,9,1,2,1,2,7,6,9,8,5,5,9,9,8,10,1,3,4,3,6,5,1,8,15.38,19.23,19.23,19.23,13.46,13.46,22.73,15.91,18.18,18.18,11.36,13.64,9,8,10,10,8,0,8,9,10,5,5,5,6,6,2,8,3,3,16,12,20,18,16,18,9,7,9,8,7,0,4,1,15.69,15.69,19.61,17.65,15.69,15.69,8,8,9,9,8
0,2,9,20,6,1,16,1,0.49,1,28,2,21.43,16.67,21.43,16.67,11.9,11.9,1,8,9,7,9,5,5,7,7,2,27,10,2,3,9,1,2,1,2,7,6,9,8,5,5,9,9,8,10,1,3,4,3,6,5,1,8,15.38,19.23,19.23,19.23,13.46,13.46,22.73,15.91,18.18,18.18,11.36,13.64,9,8,10,10,8,1,8,8,9,9,8,6,7,9,2,8,3,3,16,12,20,18,16,18,9,7,9,8,7,0,4,1,15.69,15.69,19.61,17.65,15.69,15.69,8,8,9,9,8
0,2,9,20,6,10,17,0,-0.43,1,42,2,23.81,23.81,23.81,23.81,2.38,2.38,1,8,7,7,7,6,5,7,4,2,27,10,2,3,9,1,2,1,2,7,6,9,8,5,5,9,9,8,10,1,3,4,3,6,5,1,8,15.38,19.23,19.23,19.23,13.46,13.46,22.73,15.91,18.18,18.18,11.36,13.64,9,8,10,10,8,0,6,7,6,6,6,5,5,8,2,8,3,3,16,12,20,18,16,18,9,7,9,8,7,0,4,1,15.69,15.69,19.61,17.65,15.69,15.69,8,8,9,9,8
0,2,9,20,6,19,18,0,0.17,0,30,3,18.6,20.93,23.26,23.26,2.33,11.63,1,6,8,8,8,4,6,8,6,2,27,10,2,3,9,1,2,1,2,7,6,9,8,5,5,9,9,8,10,1,3,4,3,6,5,1,8,15.38,19.23,19.23,19.23,13.46,13.46,22.73,15.91,18.18,18.18,11.36,13.64,9,8,10,10,8,0,6,10,9,8,10,9,9,9,2,8,3,3,16,12,20,18,16,18,9,7,9,8,7,0,4,1,15.69,15.69,19.61,17.65,15.69,15.69,8,8,9,9,8
0,2,9,20,6,14,19,0,0.29,1,31,2,17.78,17.78,17.78,17.78,13.33,15.56,1,7,8,8,8,6,7,7,6,2,27,10,2,3,9,1,2,1,2,7,6,9,8,5,5,9,9,8,10,1,3,4,3,6,5,1,8,15.38,19.23,19.23,19.23,13.46,13.46,22.73,15.91,18.18,18.18,11.36,13.64,9,8,10,10,8,0,5,6,7,4,6,4,5,7,2,8,3,3,16,12,20,18,16,18,9,7,9,8,7,0,4,1,15.69,15.69,19.61,17.65,15.69,15.69,8,8,9,9,8
0,2,9,20,19,15,1,0,0.46,1,23,2,17.02,21.28,17.02,21.28,14.89,8.51,1,8,6,7,6,7,6,7,5,2,30,7,2,2,1,4,5,3,2,8,3,10,10,10,10,1,1,7,10,4,7,8,3,5,7,1,4,17.5,17.5,20,12.5,20,12.5,31.25,15.63,9.38,18.75,9.38,15.63,9,7,7,9,9,0,2,10,10,5,6,5,7,8,2,7,3,2,25,11.11,25,11.11,22.22,5.56,9,6,9,5,9,1,3,1,22.5,17.5,22.5,7.5,22.5,7.5,9,7,9,5,9
0,2,9,20,19,17,2,1,0.49,0,26,4,14.89,19.15,21.28,19.15,14.89,10.64,1,5,6,6,5,6,6,5,6,2,30,7,2,2,1,4,5,3,2,8,3,10,10,10,10,1,1,7,10,4,7,8,3,5,7,1,4,17.5,17.5,20,12.5,20,12.5,31.25,15.63,9.38,18.75,9.38,15.63,9,7,7,9,9,1,6,6,8,6,8,5,8,8,2,7,3,2,25,11.11,25,11.11,22.22,5.56,9,6,9,5,9,1,3,1,22.5,17.5,22.5,7.5,22.5,7.5,9,7,9,5,9
0,2,9,20,19,4,3,0,0.31,1,27,2,7.5,17.5,20,22.5,12.5,20,1,8,7,7,6,7,5,7,2,2,30,7,2,2,1,4,5,3,2,8,3,10,10,10,10,1,1,7,10,4,7,8,3,5,7,1,4,17.5,17.5,20,12.5,20,12.5,31.25,15.63,9.38,18.75,9.38,15.63,9,7,7,9,9,0,1,6,6,6,7,2,3,7,2,7,3,2,25,11.11,25,11.11,22.22,5.56,9,6,9,5,9,1,3,1,22.5,17.5,22.5,7.5,22.5,7.5,9,7,9,5,9
0,2,9,20,19,10,4,1,0.18,1,26,2,21.28,17.02,21.28,12.77,6.38,21.28,1,9,6,7,5,6,7,8,8,2,30,7,2,2,1,4,5,3,2,8,3,10,10,10,10,1,1,7,10,4,7,8,3,5,7,1,4,17.5,17.5,20,12.5,20,12.5,31.25,15.63,9.38,18.75,9.38,15.63,9,7,7,9,9,1,9,9,9,8,9,8,6,6,2,7,3,2,25,11.11,25,11.11,22.22,5.56,9,6,9,5,9,1,3,1,22.5,17.5,22.5,7.5,22.5,7.5,9,7,9,5,9
0,2,9,20,19,18,6,1,0.6,1,26,2,16.28,16.28,18.6,16.28,16.28,16.28,1,6,6,6,6,5,5,6,5,2,30,7,2,2,1,4,5,3,2,8,3,10,10,10,10,1,1,7,10,4,7,8,3,5,7,1,4,17.5,17.5,20,12.5,20,12.5,31.25,15.63,9.38,18.75,9.38,15.63,9,7,7,9,9,1,9,10,10,10,9,10,9,9,2,7,3,2,25,11.11,25,11.11,22.22,5.56,9,6,9,5,9,1,3,1,22.5,17.5,22.5,7.5,22.5,7.5,9,7,9,5,9
0,2,9,20,19,6,7,0,0.23,0,25,6,16.67,16.67,16.67,16.67,14.81,18.52,0,8,6,7,6,7,2,2,8,2,30,7,2,2,1,4,5,3,2,8,3,10,10,10,10,1,1,7,10,4,7,8,3,5,7,1,4,17.5,17.5,20,12.5,20,12.5,31.25,15.63,9.38,18.75,9.38,15.63,9,7,7,9,9,0,2,10,8,10,8,7,8,9,2,7,3,2,25,11.11,25,11.11,22.22,5.56,9,6,9,5,9,1,3,1,22.5,17.5,22.5,7.5,22.5,7.5,9,7,9,5,9
0,2,9,20,19,13,8,1,0.29,0,27,4,15.56,17.78,17.78,17.78,17.78,13.33,1,8,6,7,7,8,3,8,4,2,30,7,2,2,1,4,5,3,2,8,3,10,10,10,10,1,1,7,10,4,7,8,3,5,7,1,4,17.5,17.5,20,12.5,20,12.5,31.25,15.63,9.38,18.75,9.38,15.63,9,7,7,9,9,1,5,10,9,6,9,2,8,9,2,7,3,2,25,11.11,25,11.11,22.22,5.56,9,6,9,5,9,1,3,1,22.5,17.5,22.5,7.5,22.5,7.5,9,7,9,5,9
0,2,9,20,19,2,10,0,0.29,1,28,2,17.39,17.39,19.57,19.57,10.87,15.22,1,9,7,8,7,5,8,7,6,2,30,7,2,2,1,4,5,3,2,8,3,10,10,10,10,1,1,7,10,4,7,8,3,5,7,1,4,17.5,17.5,20,12.5,20,12.5,31.25,15.63,9.38,18.75,9.38,15.63,9,7,7,9,9,0,2,10,10,5,10,10,9,8,2,7,3,2,25,11.11,25,11.11,22.22,5.56,9,6,9,5,9,1,3,1,22.5,17.5,22.5,7.5,22.5,7.5,9,7,9,5,9
0,2,9,20,19,20,11,0,0.38,1,32,2,17.24,17.24,17.24,17.24,13.79,17.24,1,8,5,5,5,5,5,5,5,2,30,7,2,2,1,4,5,3,2,8,3,10,10,10,10,1,1,7,10,4,7,8,3,5,7,1,4,17.5,17.5,20,12.5,20,12.5,31.25,15.63,9.38,18.75,9.38,15.63,9,7,7,9,9,0,3,10,10,4,10,2,6,6,2,7,3,2,25,11.11,25,11.11,22.22,5.56,9,6,9,5,9,1,3,1,22.5,17.5,22.5,7.5,22.5,7.5,9,7,9,5,9
0,2,9,20,19,5,12,0,0.08,0,28,3,14.71,14.71,14.71,14.71,20.59,20.59,0,5,6,8,5,5,5,5,5,2,30,7,2,2,1,4,5,3,2,8,3,10,10,10,10,1,1,7,10,4,7,8,3,5,7,1,4,17.5,17.5,20,12.5,20,12.5,31.25,15.63,9.38,18.75,9.38,15.63,9,7,7,9,9,1,7,10,8,6,7,2,8,9,2,7,3,2,25,11.11,25,11.11,22.22,5.56,9,6,9,5,9,1,3,1,22.5,17.5,22.5,7.5,22.5,7.5,9,7,9,5,9
0,2,9,20,19,19,13,1,0.45,1,23,2,25.64,17.95,15.38,20.51,10.26,10.26,1,7,6,6,7,6,7,7,8,2,30,7,2,2,1,4,5,3,2,8,3,10,10,10,10,1,1,7,10,4,7,8,3,5,7,1,4,17.5,17.5,20,12.5,20,12.5,31.25,15.63,9.38,18.75,9.38,15.63,9,7,7,9,9,1,8,7,8,8,8,3,8,6,2,7,3,2,25,11.11,25,11.11,22.22,5.56,9,6,9,5,9,1,3,1,22.5,17.5,22.5,7.5,22.5,7.5,9,7,9,5,9
0,2,9,20,19,16,14,0,0.65,1,26,2,20,16,18,16,16,14,1,8,8,8,8,8,8,9,6,2,30,7,2,2,1,4,5,3,2,8,3,10,10,10,10,1,1,7,10,4,7,8,3,5,7,1,4,17.5,17.5,20,12.5,20,12.5,31.25,15.63,9.38,18.75,9.38,15.63,9,7,7,9,9,0,4,10,10,6,8,4,7,8,2,7,3,2,25,11.11,25,11.11,22.22,5.56,9,6,9,5,9,1,3,1,22.5,17.5,22.5,7.5,22.5,7.5,9,7,9,5,9
0,2,9,20,19,11,15,0,0.02,0,24,4,13.51,18.92,21.62,13.51,13.51,18.92,0,6,6,7,4,7,4,4,1,2,30,7,2,2,1,4,5,3,2,8,3,10,10,10,10,1,1,7,10,4,7,8,3,5,7,1,4,17.5,17.5,20,12.5,20,12.5,31.25,15.63,9.38,18.75,9.38,15.63,9,7,7,9,9,0,5,9,9,4,9,4,6,8,2,7,3,2,25,11.11,25,11.11,22.22,5.56,9,6,9,5,9,1,3,1,22.5,17.5,22.5,7.5,22.5,7.5,9,7,9,5,9
0,2,9,20,19,14,16,0,0.13,1,28,2,21.43,16.67,21.43,16.67,11.9,11.9,0,5,3,6,4,4,4,4,4,2,30,7,2,2,1,4,5,3,2,8,3,10,10,10,10,1,1,7,10,4,7,8,3,5,7,1,4,17.5,17.5,20,12.5,20,12.5,31.25,15.63,9.38,18.75,9.38,15.63,9,7,7,9,9,0,2,2,10,6,10,2,3,3,2,7,3,2,25,11.11,25,11.11,22.22,5.56,9,6,9,5,9,1,3,1,22.5,17.5,22.5,7.5,22.5,7.5,9,7,9,5,9
0,2,9,20,19,3,17,0,0.1,1,42,2,23.81,23.81,23.81,23.81,2.38,2.38,1,8,6,6,5,5,6,7,3,2,30,7,2,2,1,4,5,3,2,8,3,10,10,10,10,1,1,7,10,4,7,8,3,5,7,1,4,17.5,17.5,20,12.5,20,12.5,31.25,15.63,9.38,18.75,9.38,15.63,9,7,7,9,9,0,2,4,4,4,10,4,2,8,2,7,3,2,25,11.11,25,11.11,22.22,5.56,9,6,9,5,9,1,3,1,22.5,17.5,22.5,7.5,22.5,7.5,9,7,9,5,9
0,2,9,20,19,12,18,0,0.39,0,30,3,18.6,20.93,23.26,23.26,2.33,11.63,1,9,4,6,6,6,7,7,5,2,30,7,2,2,1,4,5,3,2,8,3,10,10,10,10,1,1,7,10,4,7,8,3,5,7,1,4,17.5,17.5,20,12.5,20,12.5,31.25,15.63,9.38,18.75,9.38,15.63,9,7,7,9,9,0,3,3,3,8,8,2,3,7,2,7,3,2,25,11.11,25,11.11,22.22,5.56,9,6,9,5,9,1,3,1,22.5,17.5,22.5,7.5,22.5,7.5,9,7,9,5,9
0,2,9,20,19,7,19,0,0.37,1,31,2,17.78,17.78,17.78,17.78,13.33,15.56,1,6,5,6,6,6,6,6,5,2,30,7,2,2,1,4,5,3,2,8,3,10,10,10,10,1,1,7,10,4,7,8,3,5,7,1,4,17.5,17.5,20,12.5,20,12.5,31.25,15.63,9.38,18.75,9.38,15.63,9,7,7,9,9,0,2,9,7,2,7,2,2,3,2,7,3,2,25,11.11,25,11.11,22.22,5.56,9,6,9,5,9,1,3,1,22.5,17.5,22.5,7.5,22.5,7.5,9,7,9,5,9
0,2,9,20,9,7,2,0,0.41,0,26,4,14.89,19.15,21.28,19.15,14.89,10.64,0,6,8,9,5,8,5,6,5,2,25,8,2,8,8,1,4,2,7,8,8,8,8,7,7,7,8,7,7,7,7,7,7,7,7,6,2,15.38,17.31,17.31,17.31,17.31,15.38,25.71,17.14,14.29,22.86,8.57,11.43,7,8,9,9,8,0,7,8,8,8,8,7,7,6,2,5,1,2,16.67,16.67,16.67,16.67,16.67,16.67,8,7,9,9,7,0,1,0,16.33,16.33,16.33,16.33,18.37,16.33,7,7,9,9,8
0,2,9,20,9,16,7,0,0.13,0,25,6,16.67,16.67,16.67,16.67,14.81,18.52,1,10,10,10,10,10,10,10,10,2,25,8,2,8,8,1,4,2,7,8,8,8,8,7,7,7,8,7,7,7,7,7,7,7,7,6,2,15.38,17.31,17.31,17.31,17.31,15.38,25.71,17.14,14.29,22.86,8.57,11.43,7,8,9,9,8,0,3,8,8,3,8,3,4,3,2,5,1,2,16.67,16.67,16.67,16.67,16.67,16.67,8,7,9,9,7,0,1,0,16.33,16.33,16.33,16.33,18.37,16.33,7,7,9,9,8
0,2,9,20,9,13,17,1,-0.83,1,42,2,23.81,23.81,23.81,23.81,2.38,2.38,1,9,8,9,9,5,5,7,4,2,25,8,2,8,8,1,4,2,7,8,8,8,8,7,7,7,8,7,7,7,7,7,7,7,7,6,2,15.38,17.31,17.31,17.31,17.31,15.38,25.71,17.14,14.29,22.86,8.57,11.43,7,8,9,9,8,1,8,8,8,9,9,8,8,8,2,5,1,2,16.67,16.67,16.67,16.67,16.67,16.67,8,7,9,9,7,0,1,0,16.33,16.33,16.33,16.33,18.37,16.33,7,7,9,9,8
0,2,9,20,9,2,18,0,-0.34,0,30,3,18.6,20.93,23.26,23.26,2.33,11.63,0,6,6,6,5,7,8,5,7,2,25,8,2,8,8,1,4,2,7,8,8,8,8,7,7,7,8,7,7,7,7,7,7,7,7,6,2,15.38,17.31,17.31,17.31,17.31,15.38,25.71,17.14,14.29,22.86,8.57,11.43,7,8,9,9,8,0,8,8,8,7,8,3,6,4,2,5,1,2,16.67,16.67,16.67,16.67,16.67,16.67,8,7,9,9,7,0,1,0,16.33,16.33,16.33,16.33,18.37,16.33,7,7,9,9,8
0,2,9,20,12,8,1,0,0.16,1,23,2,17.02,21.28,17.02,21.28,14.89,8.51,1,9,8,9,9,9,6,9,8,2,22,2,2,8,5,2,6,2,2,8,8,9,7,6,4,4,1,6,8,7,7,9,6,7,7,1,3,15.38,19.23,19.23,19.23,15.38,11.54,21.43,16.67,9.52,21.43,14.29,16.67,7,10,9,10,8,0,7,9,8,8,7,5,8,7,2,5,3,2,15.69,19.61,19.61,15.69,15.69,13.73,8,10,10,9,8,1,1,1,13.73,19.61,19.61,17.65,15.69,13.73,8,12,12,9,8
0,2,9,20,12,10,2,0,0.43,0,26,4,14.89,19.15,21.28,19.15,14.89,10.64,0,3,7,7,5,5,4,4,7,2,22,2,2,8,5,2,6,2,2,8,8,9,7,6,4,4,1,6,8,7,7,9,6,7,7,1,3,15.38,19.23,19.23,19.23,15.38,11.54,21.43,16.67,9.52,21.43,14.29,16.67,7,10,9,10,8,0,7,8,7,8,9,7,8,5,2,5,3,2,15.69,19.61,19.61,15.69,15.69,13.73,8,10,10,9,8,1,1,1,13.73,19.61,19.61,17.65,15.69,13.73,8,12,12,9,8
0,2,9,20,12,17,3,0,0.05,1,27,2,7.5,17.5,20,22.5,12.5,20,1,9,9,9,9,9,9,8,7,2,22,2,2,8,5,2,6,2,2,8,8,9,7,6,4,4,1,6,8,7,7,9,6,7,7,1,3,15.38,19.23,19.23,19.23,15.38,11.54,21.43,16.67,9.52,21.43,14.29,16.67,7,10,9,10,8,0,5,8,7,8,9,7,6,6,2,5,3,2,15.69,19.61,19.61,15.69,15.69,13.73,8,10,10,9,8,1,1,1,13.73,19.61,19.61,17.65,15.69,13.73,8,12,12,9,8
0,2,9,20,12,3,4,1,0.08,1,26,2,21.28,17.02,21.28,12.77,6.38,21.28,1,5,7,9,6,8,7,6,7,2,22,2,2,8,5,2,6,2,2,8,8,9,7,6,4,4,1,6,8,7,7,9,6,7,7,1,3,15.38,19.23,19.23,19.23,15.38,11.54,21.43,16.67,9.52,21.43,14.29,16.67,7,10,9,10,8,1,9,8,9,8,10,7,8,6,2,5,3,2,15.69,19.61,19.61,15.69,15.69,13.73,8,10,10,9,8,1,1,1,13.73,19.61,19.61,17.65,15.69,13.73,8,12,12,9,8
0,2,9,20,12,14,5,0,-0.03,1,24,2,20.51,5.13,23.08,12.82,17.95,20.51,1,6,6,8,5,5,6,5,5,2,22,2,2,8,5,2,6,2,2,8,8,9,7,6,4,4,1,6,8,7,7,9,6,7,7,1,3,15.38,19.23,19.23,19.23,15.38,11.54,21.43,16.67,9.52,21.43,14.29,16.67,7,10,9,10,8,0,6,8,9,6,8,7,6,5,2,5,3,2,15.69,19.61,19.61,15.69,15.69,13.73,8,10,10,9,8,1,1,1,13.73,19.61,19.61,17.65,15.69,13.73,8,12,12,9,8
0,2,9,20,12,19,7,0,-0.15,0,25,6,16.67,16.67,16.67,16.67,14.81,18.52,1,8,8,8,8,8,8,8,9,2,22,2,2,8,5,2,6,2,2,8,8,9,7,6,4,4,1,6,8,7,7,9,6,7,7,1,3,15.38,19.23,19.23,19.23,15.38,11.54,21.43,16.67,9.52,21.43,14.29,16.67,7,10,9,10,8,0,5,9,9,7,8,4,5,3,2,5,3,2,15.69,19.61,19.61,15.69,15.69,13.73,8,10,10,9,8,1,1,1,13.73,19.61,19.61,17.65,15.69,13.73,8,12,12,9,8
0,2,9,20,12,6,8,0,0.49,0,27,4,15.56,17.78,17.78,17.78,17.78,13.33,1,8,8,8,7,7,3,8,2,2,22,2,2,8,5,2,6,2,2,8,8,9,7,6,4,4,1,6,8,7,7,9,6,7,7,1,3,15.38,19.23,19.23,19.23,15.38,11.54,21.43,16.67,9.52,21.43,14.29,16.67,7,10,9,10,8,0,6,9,9,7,8,5,6,4,2,5,3,2,15.69,19.61,19.61,15.69,15.69,13.73,8,10,10,9,8,1,1,1,13.73,19.61,19.61,17.65,15.69,13.73,8,12,12,9,8
0,2,9,20,12,1,9,0,0.02,1,27,2,9.52,19.05,23.81,19.05,4.76,23.81,1,6,4,7,7,8,2,6,5,1,22,2,2,8,5,2,6,2,2,8,8,9,7,6,4,4,1,6,8,7,7,9,6,7,7,1,3,15.38,19.23,19.23,19.23,15.38,11.54,21.43,16.67,9.52,21.43,14.29,16.67,7,10,9,10,8,0,2,9,10,4,8,4,5,2,1,5,3,2,15.69,19.61,19.61,15.69,15.69,13.73,8,10,10,9,8,1,1,1,13.73,19.61,19.61,17.65,15.69,13.73,8,12,12,9,8
0,2,9,20,12,15,10,0,0.2,1,28,2,17.39,17.39,19.57,19.57,10.87,15.22,1,6,7,7,7,7,6,5,7,2,22,2,2,8,5,2,6,2,2,8,8,9,7,6,4,4,1,6,8,7,7,9,6,7,7,1,3,15.38,19.23,19.23,19.23,15.38,11.54,21.43,16.67,9.52,21.43,14.29,16.67,7,10,9,10,8,0,8,9,9,8,8,8,7,5,2,5,3,2,15.69,19.61,19.61,15.69,15.69,13.73,8,10,10,9,8,1,1,1,13.73,19.61,19.61,17.65,15.69,13.73,8,12,12,9,8
0,2,9,20,12,13,11,0,0.09,1,32,2,17.24,17.24,17.24,17.24,13.79,17.24,1,7,6,7,7,7,7,7,6,2,22,2,2,8,5,2,6,2,2,8,8,9,7,6,4,4,1,6,8,7,7,9,6,7,7,1,3,15.38,19.23,19.23,19.23,15.38,11.54,21.43,16.67,9.52,21.43,14.29,16.67,7,10,9,10,8,0,4,9,9,5,8,5,6,3,2,5,3,2,15.69,19.61,19.61,15.69,15.69,13.73,8,10,10,9,8,1,1,1,13.73,19.61,19.61,17.65,15.69,13.73,8,12,12,9,8
0,2,9,20,12,18,12,0,0.2,0,28,3,14.71,14.71,14.71,14.71,20.59,20.59,0,4,6,7,2,5,3,4,5,2,22,2,2,8,5,2,6,2,2,8,8,9,7,6,4,4,1,6,8,7,7,9,6,7,7,1,3,15.38,19.23,19.23,19.23,15.38,11.54,21.43,16.67,9.52,21.43,14.29,16.67,7,10,9,10,8,0,7,9,9,8,8,5,7,6,2,5,3,2,15.69,19.61,19.61,15.69,15.69,13.73,8,10,10,9,8,1,1,1,13.73,19.61,19.61,17.65,15.69,13.73,8,12,12,9,8
0,2,9,20,12,12,13,0,0.5,1,23,2,25.64,17.95,15.38,20.51,10.26,10.26,0,4,7,8,6,5,4,5,4,2,22,2,2,8,5,2,6,2,2,8,8,9,7,6,4,4,1,6,8,7,7,9,6,7,7,1,3,15.38,19.23,19.23,19.23,15.38,11.54,21.43,16.67,9.52,21.43,14.29,16.67,7,10,9,10,8,1,9,8,8,9,8,8,8,5,2,5,3,2,15.69,19.61,19.61,15.69,15.69,13.73,8,10,10,9,8,1,1,1,13.73,19.61,19.61,17.65,15.69,13.73,8,12,12,9,8
0,2,9,20,12,9,14,0,0.46,1,26,2,20,16,18,16,16,14,0,4,6,7,4,5,4,3,5,2,22,2,2,8,5,2,6,2,2,8,8,9,7,6,4,4,1,6,8,7,7,9,6,7,7,1,3,15.38,19.23,19.23,19.23,15.38,11.54,21.43,16.67,9.52,21.43,14.29,16.67,7,10,9,10,8,0,8,7,8,8,9,7,7,4,2,5,3,2,15.69,19.61,19.61,15.69,15.69,13.73,8,10,10,9,8,1,1,1,13.73,19.61,19.61,17.65,15.69,13.73,8,12,12,9,8
0,2,9,20,12,4,15,0,-0.11,0,24,4,13.51,18.92,21.62,13.51,13.51,18.92,0,4,8,7,6,7,5,4,4,2,22,2,2,8,5,2,6,2,2,8,8,9,7,6,4,4,1,6,8,7,7,9,6,7,7,1,3,15.38,19.23,19.23,19.23,15.38,11.54,21.43,16.67,9.52,21.43,14.29,16.67,7,10,9,10,8,0,4,9,9,6,7,3,5,4,2,5,3,2,15.69,19.61,19.61,15.69,15.69,13.73,8,10,10,9,8,1,1,1,13.73,19.61,19.61,17.65,15.69,13.73,8,12,12,9,8
0,2,9,20,12,7,16,0,0.46,1,28,2,21.43,16.67,21.43,16.67,11.9,11.9,0,2,8,9,4,3,2,4,5,2,22,2,2,8,5,2,6,2,2,8,8,9,7,6,4,4,1,6,8,7,7,9,6,7,7,1,3,15.38,19.23,19.23,19.23,15.38,11.54,21.43,16.67,9.52,21.43,14.29,16.67,7,10,9,10,8,1,9,9,9,8,9,4,8,6,2,5,3,2,15.69,19.61,19.61,15.69,15.69,13.73,8,10,10,9,8,1,1,1,13.73,19.61,19.61,17.65,15.69,13.73,8,12,12,9,8
0,2,9,20,12,16,17,0,0.04,1,42,2,23.81,23.81,23.81,23.81,2.38,2.38,0,7,6,7,5,5,3,3,2,2,22,2,2,8,5,2,6,2,2,8,8,9,7,6,4,4,1,6,8,7,7,9,6,7,7,1,3,15.38,19.23,19.23,19.23,15.38,11.54,21.43,16.67,9.52,21.43,14.29,16.67,7,10,9,10,8,0,5,9,8,8,8,5,5,6,2,5,3,2,15.69,19.61,19.61,15.69,15.69,13.73,8,10,10,9,8,1,1,1,13.73,19.61,19.61,17.65,15.69,13.73,8,12,12,9,8
0,2,9,20,12,5,18,0,0.24,0,30,3,18.6,20.93,23.26,23.26,2.33,11.63,0,6,6,7,4,6,4,5,6,2,22,2,2,8,5,2,6,2,2,8,8,9,7,6,4,4,1,6,8,7,7,9,6,7,7,1,3,15.38,19.23,19.23,19.23,15.38,11.54,21.43,16.67,9.52,21.43,14.29,16.67,7,10,9,10,8,0,6,8,8,9,8,6,7,3,2,5,3,2,15.69,19.61,19.61,15.69,15.69,13.73,8,10,10,9,8,1,1,1,13.73,19.61,19.61,17.65,15.69,13.73,8,12,12,9,8
0,2,9,20,12,20,19,0,0.2,1,31,2,17.78,17.78,17.78,17.78,13.33,15.56,1,6,7,7,7,7,6,5,4,2,22,2,2,8,5,2,6,2,2,8,8,9,7,6,4,4,1,6,8,7,7,9,6,7,7,1,3,15.38,19.23,19.23,19.23,15.38,11.54,21.43,16.67,9.52,21.43,14.29,16.67,7,10,9,10,8,0,7,9,9,7,9,6,7,6,2,5,3,2,15.69,19.61,19.61,15.69,15.69,13.73,8,10,10,9,8,1,1,1,13.73,19.61,19.61,17.65,15.69,13.73,8,12,12,9,8
0,2,9,20,11,9,2,0,0.43,0,26,4,14.89,19.15,21.28,19.15,14.89,10.64,0,6,8,7,4,5,5,4,4,2,22,2,2,4,10,6,6,2,2,3,1,8,6,4,2,2,1,6,7,10,6,8,3,7,9,2,3,16,20,18,20,18,8,23.68,18.42,10.53,18.42,13.16,15.79,9,8,9,10,7,0,7,6,6,8,8,7,7,8,2,5,3,2,16,18,20,20,20,6,10,7,10,10,10,0,0,0,18.37,16.33,20.41,20.41,18.37,6.12,9,7,12,12,9
0,2,9,20,11,16,3,0,0.22,1,27,2,7.5,17.5,20,22.5,12.5,20,1,9,9,9,9,9,9,8,7,2,22,2,2,4,10,6,6,2,2,3,1,8,6,4,2,2,1,6,7,10,6,8,3,7,9,2,3,16,20,18,20,18,8,23.68,18.42,10.53,18.42,13.16,15.79,9,8,9,10,7,0,2,5,6,5,7,4,1,7,2,5,3,2,16,18,20,20,20,6,10,7,10,10,10,0,0,0,18.37,16.33,20.41,20.41,18.37,6.12,9,7,12,12,9
0,2,9,20,11,2,4,0,0.06,1,26,2,21.28,17.02,21.28,12.77,6.38,21.28,1,6,8,9,6,9,8,7,6,2,22,2,2,4,10,6,6,2,2,3,1,8,6,4,2,2,1,6,7,10,6,8,3,7,9,2,3,16,20,18,20,18,8,23.68,18.42,10.53,18.42,13.16,15.79,9,8,9,10,7,0,10,7,9,10,10,7,10,9,2,5,3,2,16,18,20,20,20,6,10,7,10,10,10,0,0,0,18.37,16.33,20.41,20.41,18.37,6.12,9,7,12,12,9
0,2,9,20,11,18,7,0,-0.52,0,25,6,16.67,16.67,16.67,16.67,14.81,18.52,1,9,9,9,8,8,9,9,9,2,22,2,2,4,10,6,6,2,2,3,1,8,6,4,2,2,1,6,7,10,6,8,3,7,9,2,3,16,20,18,20,18,8,23.68,18.42,10.53,18.42,13.16,15.79,9,8,9,10,7,0,3,9,9,7,9,6,7,8,2,5,3,2,16,18,20,20,20,6,10,7,10,10,10,0,0,0,18.37,16.33,20.41,20.41,18.37,6.12,9,7,12,12,9
0,2,9,20,11,20,9,0,-0.04,1,27,2,9.52,19.05,23.81,19.05,4.76,23.81,1,8,5,6,7,6,3,7,6,1,22,2,2,4,10,6,6,2,2,3,1,8,6,4,2,2,1,6,7,10,6,8,3,7,9,2,3,16,20,18,20,18,8,23.68,18.42,10.53,18.42,13.16,15.79,9,8,9,10,7,0,3,9,10,2,9,3,5,3,1,5,3,2,16,18,20,20,20,6,10,7,10,10,10,0,0,0,18.37,16.33,20.41,20.41,18.37,6.12,9,7,12,12,9
0,2,9,20,11,11,13,0,0.05,1,23,2,25.64,17.95,15.38,20.51,10.26,10.26,0,5,8,8,7,5,5,7,5,2,22,2,2,4,10,6,6,2,2,3,1,8,6,4,2,2,1,6,7,10,6,8,3,7,9,2,3,16,20,18,20,18,8,23.68,18.42,10.53,18.42,13.16,15.79,9,8,9,10,7,0,10,8,8,10,9,9,9,9,2,5,3,2,16,18,20,20,20,6,10,7,10,10,10,0,0,0,18.37,16.33,20.41,20.41,18.37,6.12,9,7,12,12,9
0,2,9,20,11,8,14,0,0.35,1,26,2,20,16,18,16,16,14,0,5,7,7,5,6,5,4,5,2,22,2,2,4,10,6,6,2,2,3,1,8,6,4,2,2,1,6,7,10,6,8,3,7,9,2,3,16,20,18,20,18,8,23.68,18.42,10.53,18.42,13.16,15.79,9,8,9,10,7,0,8,6,8,7,8,7,6,8,2,5,3,2,16,18,20,20,20,6,10,7,10,10,10,0,0,0,18.37,16.33,20.41,20.41,18.37,6.12,9,7,12,12,9
0,2,9,20,11,6,16,0,0.18,1,28,2,21.43,16.67,21.43,16.67,11.9,11.9,0,6,6,9,3,1,2,4,5,2,22,2,2,4,10,6,6,2,2,3,1,8,6,4,2,2,1,6,7,10,6,8,3,7,9,2,3,16,20,18,20,18,8,23.68,18.42,10.53,18.42,13.16,15.79,9,8,9,10,7,0,8,3,9,8,9,7,8,9,2,5,3,2,16,18,20,20,20,6,10,7,10,10,10,0,0,0,18.37,16.33,20.41,20.41,18.37,6.12,9,7,12,12,9
0,2,9,20,11,15,17,0,0.36,1,42,2,23.81,23.81,23.81,23.81,2.38,2.38,1,7,7,8,7,5,4,7,3,2,22,2,2,4,10,6,6,2,2,3,1,8,6,4,2,2,1,6,7,10,6,8,3,7,9,2,3,16,20,18,20,18,8,23.68,18.42,10.53,18.42,13.16,15.79,9,8,9,10,7,0,4,6,6,7,7,3,3,5,2,5,3,2,16,18,20,20,20,6,10,7,10,10,10,0,0,0,18.37,16.33,20.41,20.41,18.37,6.12,9,7,12,12,9
0,2,9,20,11,4,18,0,0.07,0,30,3,18.6,20.93,23.26,23.26,2.33,11.63,1,8,8,8,5,5,6,7,4,2,22,2,2,4,10,6,6,2,2,3,1,8,6,4,2,2,1,6,7,10,6,8,3,7,9,2,3,16,20,18,20,18,8,23.68,18.42,10.53,18.42,13.16,15.79,9,8,9,10,7,0,5,5,8,6,9,4,4,8,2,5,3,2,16,18,20,20,20,6,10,7,10,10,10,0,0,0,18.37,16.33,20.41,20.41,18.37,6.12,9,7,12,12,9
0,2,9,20,17,13,1,0,0.5,1,23,2,17.02,21.28,17.02,21.28,14.89,8.51,1,9,7,8,8,6,6,8,6,2,26,8,2,8,6,3,5,1,7,10,5,9,9,10,10,3,1,9,8,4,5,5,3,8,10,7,4,19.61,15.69,17.65,15.69,17.65,13.73,31.25,9.38,9.38,31.25,3.13,15.63,9,5,9,10,10,0,5,6,7,8,7,6,7,6,2,4,1,3,17.86,16.07,17.86,16.07,16.07,16.07,10,8,10,9,8,0,0,0,18.52,14.81,16.67,18.52,14.81,16.67,9,8,12,9,12
0,2,9,20,17,15,2,0,0.48,0,26,4,14.89,19.15,21.28,19.15,14.89,10.64,1,6,7,7,7,6,6,5,7,1,26,8,2,8,6,3,5,1,7,10,5,9,9,10,10,3,1,9,8,4,5,5,3,8,10,7,4,19.61,15.69,17.65,15.69,17.65,13.73,31.25,9.38,9.38,31.25,3.13,15.63,9,5,9,10,10,0,7,7,9,8,8,6,8,2,1,4,1,3,17.86,16.07,17.86,16.07,16.07,16.07,10,8,10,9,8,0,0,0,18.52,14.81,16.67,18.52,14.81,16.67,9,8,12,9,12
0,2,9,20,17,2,3,0,-0.08,1,27,2,7.5,17.5,20,22.5,12.5,20,0,7,10,10,10,10,5,9,5,1,26,8,2,8,6,3,5,1,7,10,5,9,9,10,10,3,1,9,8,4,5,5,3,8,10,7,4,19.61,15.69,17.65,15.69,17.65,13.73,31.25,9.38,9.38,31.25,3.13,15.63,9,5,9,10,10,0,3,8,10,6,10,7,8,1,1,4,1,3,17.86,16.07,17.86,16.07,16.07,16.07,10,8,10,9,8,0,0,0,18.52,14.81,16.67,18.52,14.81,16.67,9,8,12,9,12
0,2,9,20,17,8,4,0,-0.02,1,26,2,21.28,17.02,21.28,12.77,6.38,21.28,0,4,6,7,7,7,5,6,7,2,26,8,2,8,6,3,5,1,7,10,5,9,9,10,10,3,1,9,8,4,5,5,3,8,10,7,4,19.61,15.69,17.65,15.69,17.65,13.73,31.25,9.38,9.38,31.25,3.13,15.63,9,5,9,10,10,1,9,8,10,8,10,7,9,8,2,4,1,3,17.86,16.07,17.86,16.07,16.07,16.07,10,8,10,9,8,0,0,0,18.52,14.81,16.67,18.52,14.81,16.67,9,8,12,9,12
0,2,9,20,17,19,5,0,0.54,1,24,2,20.51,5.13,23.08,12.82,17.95,20.51,1,6,5,5,6,6,4,5,5,2,26,8,2,8,6,3,5,1,7,10,5,9,9,10,10,3,1,9,8,4,5,5,3,8,10,7,4,19.61,15.69,17.65,15.69,17.65,13.73,31.25,9.38,9.38,31.25,3.13,15.63,9,5,9,10,10,0,5,7,9,5,9,5,6,9,2,4,1,3,17.86,16.07,17.86,16.07,16.07,16.07,10,8,10,9,8,0,0,0,18.52,14.81,16.67,18.52,14.81,16.67,9,8,12,9,12
0,2,9,20,17,16,6,0,0.53,1,26,2,16.28,16.28,18.6,16.28,16.28,16.28,1,6,6,8,6,7,5,6,6,2,26,8,2,8,6,3,5,1,7,10,5,9,9,10,10,3,1,9,8,4,5,5,3,8,10,7,4,19.61,15.69,17.65,15.69,17.65,13.73,31.25,9.38,9.38,31.25,3.13,15.63,9,5,9,10,10,0,7,8,9,8,8,8,9,6,2,4,1,3,17.86,16.07,17.86,16.07,16.07,16.07,10,8,10,9,8,0,0,0,18.52,14.81,16.67,18.52,14.81,16.67,9,8,12,9,12
0,2,9,20,17,4,7,0,0.4,0,25,6,16.67,16.67,16.67,16.67,14.81,18.52,0,7,8,8,8,10,7,8,7,2,26,8,2,8,6,3,5,1,7,10,5,9,9,10,10,3,1,9,8,4,5,5,3,8,10,7,4,19.61,15.69,17.65,15.69,17.65,13.73,31.25,9.38,9.38,31.25,3.13,15.63,9,5,9,10,10,0,4,7,9,6,8,8,7,8,2,4,1,3,17.86,16.07,17.86,16.07,16.07,16.07,10,8,10,9,8,0,0,0,18.52,14.81,16.67,18.52,14.81,16.67,9,8,12,9,12
0,2,9,20,17,11,8,0,0.02,0,27,4,15.56,17.78,17.78,17.78,17.78,13.33,0,4,5,6,6,7,3,4,7,2,26,8,2,8,6,3,5,1,7,10,5,9,9,10,10,3,1,9,8,4,5,5,3,8,10,7,4,19.61,15.69,17.65,15.69,17.65,13.73,31.25,9.38,9.38,31.25,3.13,15.63,9,5,9,10,10,0,4,7,9,5,6,6,6,7,2,4,1,3,17.86,16.07,17.86,16.07,16.07,16.07,10,8,10,9,8,0,0,0,18.52,14.81,16.67,18.52,14.81,16.67,9,8,12,9,12
0,2,9,20,17,6,9,0,0.22,1,27,2,9.52,19.05,23.81,19.05,4.76,23.81,0,7,6,2,2,8,3,4,3,2,26,8,2,8,6,3,5,1,7,10,5,9,9,10,10,3,1,9,8,4,5,5,3,8,10,7,4,19.61,15.69,17.65,15.69,17.65,13.73,31.25,9.38,9.38,31.25,3.13,15.63,9,5,9,10,10,0,1,6,8,1,2,1,1,5,2,4,1,3,17.86,16.07,17.86,16.07,16.07,16.07,10,8,10,9,8,0,0,0,18.52,14.81,16.67,18.52,14.81,16.67,9,8,12,9,12
0,2,9,20,17,20,10,0,0.14,1,28,2,17.39,17.39,19.57,19.57,10.87,15.22,1,8,8,8,8,7,2,6,5,2,26,8,2,8,6,3,5,1,7,10,5,9,9,10,10,3,1,9,8,4,5,5,3,8,10,7,4,19.61,15.69,17.65,15.69,17.65,13.73,31.25,9.38,9.38,31.25,3.13,15.63,9,5,9,10,10,0,6,6,7,6,7,6,6,7,2,4,1,3,17.86,16.07,17.86,16.07,16.07,16.07,10,8,10,9,8,0,0,0,18.52,14.81,16.67,18.52,14.81,16.67,9,8,12,9,12
0,2,9,20,17,18,11,0,0.08,1,32,2,17.24,17.24,17.24,17.24,13.79,17.24,0,6,2,3,1,3,1,2,4,2,26,8,2,8,6,3,5,1,7,10,5,9,9,10,10,3,1,9,8,4,5,5,3,8,10,7,4,19.61,15.69,17.65,15.69,17.65,13.73,31.25,9.38,9.38,31.25,3.13,15.63,9,5,9,10,10,0,5,6,7,6,8,4,5,6,2,4,1,3,17.86,16.07,17.86,16.07,16.07,16.07,10,8,10,9,8,0,0,0,18.52,14.81,16.67,18.52,14.81,16.67,9,8,12,9,12
0,2,9,20,17,3,12,0,0.08,0,28,3,14.71,14.71,14.71,14.71,20.59,20.59,1,7,7,7,8,7,9,7,7,1,26,8,2,8,6,3,5,1,7,10,5,9,9,10,10,3,1,9,8,4,5,5,3,8,10,7,4,19.61,15.69,17.65,15.69,17.65,13.73,31.25,9.38,9.38,31.25,3.13,15.63,9,5,9,10,10,0,7,9,8,7,7,8,9,10,1,4,1,3,17.86,16.07,17.86,16.07,16.07,16.07,10,8,10,9,8,0,0,0,18.52,14.81,16.67,18.52,14.81,16.67,9,8,12,9,12
0,2,9,20,17,17,13,0,0.53,1,23,2,25.64,17.95,15.38,20.51,10.26,10.26,0,3,3,5,7,6,6,4,1,1,26,8,2,8,6,3,5,1,7,10,5,9,9,10,10,3,1,9,8,4,5,5,3,8,10,7,4,19.61,15.69,17.65,15.69,17.65,13.73,31.25,9.38,9.38,31.25,3.13,15.63,9,5,9,10,10,1,9,9,8,9,7,8,8,4,1,4,1,3,17.86,16.07,17.86,16.07,16.07,16.07,10,8,10,9,8,0,0,0,18.52,14.81,16.67,18.52,14.81,16.67,9,8,12,9,12
0,2,9,20,17,14,14,0,0.31,1,26,2,20,16,18,16,16,14,0,4,4,5,5,5,5,3,3,1,26,8,2,8,6,3,5,1,7,10,5,9,9,10,10,3,1,9,8,4,5,5,3,8,10,7,4,19.61,15.69,17.65,15.69,17.65,13.73,31.25,9.38,9.38,31.25,3.13,15.63,9,5,9,10,10,0,7,7,6,6,6,5,8,5,1,4,1,3,17.86,16.07,17.86,16.07,16.07,16.07,10,8,10,9,8,0,0,0,18.52,14.81,16.67,18.52,14.81,16.67,9,8,12,9,12
0,2,9,20,17,9,15,0,-0.08,0,24,4,13.51,18.92,21.62,13.51,13.51,18.92,0,4,7,5,5,4,4,4,4,2,26,8,2,8,6,3,5,1,7,10,5,9,9,10,10,3,1,9,8,4,5,5,3,8,10,7,4,19.61,15.69,17.65,15.69,17.65,13.73,31.25,9.38,9.38,31.25,3.13,15.63,9,5,9,10,10,0,2,6,5,2,3,2,4,8,2,4,1,3,17.86,16.07,17.86,16.07,16.07,16.07,10,8,10,9,8,0,0,0,18.52,14.81,16.67,18.52,14.81,16.67,9,8,12,9,12
0,2,9,20,17,12,16,0,0.09,1,28,2,21.43,16.67,21.43,16.67,11.9,11.9,0,3,5,8,5,8,6,3,4,2,26,8,2,8,6,3,5,1,7,10,5,9,9,10,10,3,1,9,8,4,5,5,3,8,10,7,4,19.61,15.69,17.65,15.69,17.65,13.73,31.25,9.38,9.38,31.25,3.13,15.63,9,5,9,10,10,0,8,7,8,9,8,7,8,7,2,4,1,3,17.86,16.07,17.86,16.07,16.07,16.07,10,8,10,9,8,0,0,0,18.52,14.81,16.67,18.52,14.81,16.67,9,8,12,9,12
0,2,9,20,17,1,17,0,0.01,1,42,2,23.81,23.81,23.81,23.81,2.38,2.38,0,5,8,8,7,7,3,3,3,2,26,8,2,8,6,3,5,1,7,10,5,9,9,10,10,3,1,9,8,4,5,5,3,8,10,7,4,19.61,15.69,17.65,15.69,17.65,13.73,31.25,9.38,9.38,31.25,3.13,15.63,9,5,9,10,10,0,6,8,7,7,6,6,7,9,2,4,1,3,17.86,16.07,17.86,16.07,16.07,16.07,10,8,10,9,8,0,0,0,18.52,14.81,16.67,18.52,14.81,16.67,9,8,12,9,12
0,2,9,20,17,10,18,0,0.24,0,30,3,18.6,20.93,23.26,23.26,2.33,11.63,0,6,3,6,7,10,6,5,7,2,26,8,2,8,6,3,5,1,7,10,5,9,9,10,10,3,1,9,8,4,5,5,3,8,10,7,4,19.61,15.69,17.65,15.69,17.65,13.73,31.25,9.38,9.38,31.25,3.13,15.63,9,5,9,10,10,0,7,7,9,8,7,8,8,8,2,4,1,3,17.86,16.07,17.86,16.07,16.07,16.07,10,8,10,9,8,0,0,0,18.52,14.81,16.67,18.52,14.81,16.67,9,8,12,9,12
0,2,9,20,17,5,19,0,0.23,1,31,2,17.78,17.78,17.78,17.78,13.33,15.56,1,6,7,6,7,6,6,6,6,2,26,8,2,8,6,3,5,1,7,10,5,9,9,10,10,3,1,9,8,4,5,5,3,8,10,7,4,19.61,15.69,17.65,15.69,17.65,13.73,31.25,9.38,9.38,31.25,3.13,15.63,9,5,9,10,10,0,6,8,8,5,6,6,6,9,2,4,1,3,17.86,16.07,17.86,16.07,16.07,16.07,10,8,10,9,8,0,0,0,18.52,14.81,16.67,18.52,14.81,16.67,9,8,12,9,12
0,2,9,20,13,9,1,0,0.32,1,23,2,17.02,21.28,17.02,21.28,14.89,8.51,1,10,9,8,8,6,6,8,6,2,23,10,2,5,5,1,7,1,2,8,2,6,8,6,6,7,2,6,9,3,3,8,5,6,3,5,5,15.38,17.31,19.23,19.23,11.54,17.31,21.43,11.9,11.9,19.05,19.05,16.67,7,8,9,10,5,0,5,6,7,6,7,5,6,6,2,9,3,3,18.75,14.58,20.83,18.75,12.5,14.58,8,7,10,10,7,0,1,0,16.67,16.67,16.67,16.67,16.67,16.67,12,12,12,12,12
0,2,9,20,13,11,2,0,0.32,0,26,4,14.89,19.15,21.28,19.15,14.89,10.64,0,6,8,8,3,6,2,2,2,2,23,10,2,5,5,1,7,1,2,8,2,6,8,6,6,7,2,6,9,3,3,8,5,6,3,5,5,15.38,17.31,19.23,19.23,11.54,17.31,21.43,11.9,11.9,19.05,19.05,16.67,7,8,9,10,5,0,10,8,8,8,8,8,9,5,2,9,3,3,18.75,14.58,20.83,18.75,12.5,14.58,8,7,10,10,7,0,1,0,16.67,16.67,16.67,16.67,16.67,16.67,12,12,12,12,12
0,2,9,20,13,18,3,0,0.39,1,27,2,7.5,17.5,20,22.5,12.5,20,1,7,8,7,8,7,5,6,5,2,23,10,2,5,5,1,7,1,2,8,2,6,8,6,6,7,2,6,9,3,3,8,5,6,3,5,5,15.38,17.31,19.23,19.23,11.54,17.31,21.43,11.9,11.9,19.05,19.05,16.67,7,8,9,10,5,0,2,8,4,4,7,2,2,2,2,9,3,3,18.75,14.58,20.83,18.75,12.5,14.58,8,7,10,10,7,0,1,0,16.67,16.67,16.67,16.67,16.67,16.67,12,12,12,12,12
0,2,9,20,13,4,4,0,0.45,1,26,2,21.28,17.02,21.28,12.77,6.38,21.28,0,5,6,5,4,5,5,5,7,2,23,10,2,5,5,1,7,1,2,8,2,6,8,6,6,7,2,6,9,3,3,8,5,6,3,5,5,15.38,17.31,19.23,19.23,11.54,17.31,21.43,11.9,11.9,19.05,19.05,16.67,7,8,9,10,5,1,10,10,10,7,9,6,8,7,2,9,3,3,18.75,14.58,20.83,18.75,12.5,14.58,8,7,10,10,7,0,1,0,16.67,16.67,16.67,16.67,16.67,16.67,12,12,12,12,12
0,2,9,20,13,15,5,0,0.59,1,24,2,20.51,5.13,23.08,12.82,17.95,20.51,1,6,6,7,6,6,7,6,6,2,23,10,2,5,5,1,7,1,2,8,2,6,8,6,6,7,2,6,9,3,3,8,5,6,3,5,5,15.38,17.31,19.23,19.23,11.54,17.31,21.43,11.9,11.9,19.05,19.05,16.67,7,8,9,10,5,0,5,8,8,6,6,5,6,6,2,9,3,3,18.75,14.58,20.83,18.75,12.5,14.58,8,7,10,10,7,0,1,0,16.67,16.67,16.67,16.67,16.67,16.67,12,12,12,12,12
0,2,9,20,13,12,6,0,0.66,1,26,2,16.28,16.28,18.6,16.28,16.28,16.28,1,8,7,7,6,5,5,6,5,2,23,10,2,5,5,1,7,1,2,8,2,6,8,6,6,7,2,6,9,3,3,8,5,6,3,5,5,15.38,17.31,19.23,19.23,11.54,17.31,21.43,11.9,11.9,19.05,19.05,16.67,7,8,9,10,5,0,6,6,6,6,6,6,6,4,2,9,3,3,18.75,14.58,20.83,18.75,12.5,14.58,8,7,10,10,7,0,1,0,16.67,16.67,16.67,16.67,16.67,16.67,12,12,12,12,12
0,2,9,20,13,20,7,1,0.52,0,25,6,16.67,16.67,16.67,16.67,14.81,18.52,1,8,10,10,10,10,10,10,9,2,23,10,2,5,5,1,7,1,2,8,2,6,8,6,6,7,2,6,9,3,3,8,5,6,3,5,5,15.38,17.31,19.23,19.23,11.54,17.31,21.43,11.9,11.9,19.05,19.05,16.67,7,8,9,10,5,1,8,8,8,7,6,6,7,7,2,9,3,3,18.75,14.58,20.83,18.75,12.5,14.58,8,7,10,10,7,0,1,0,16.67,16.67,16.67,16.67,16.67,16.67,12,12,12,12,12
0,2,9,20,13,7,8,1,0.22,0,27,4,15.56,17.78,17.78,17.78,17.78,13.33,1,5,5,7,6,6,3,5,2,2,23,10,2,5,5,1,7,1,2,8,2,6,8,6,6,7,2,6,9,3,3,8,5,6,3,5,5,15.38,17.31,19.23,19.23,11.54,17.31,21.43,11.9,11.9,19.05,19.05,16.67,7,8,9,10,5,1,8,8,8,8,8,6,7,7,2,9,3,3,18.75,14.58,20.83,18.75,12.5,14.58,8,7,10,10,7,0,1,0,16.67,16.67,16.67,16.67,16.67,16.67,12,12,12,12,12
0,2,9,20,13,2,9,0,0.59,1,27,2,9.52,19.05,23.81,19.05,4.76,23.81,1,7,5,6,8,2,4,5,4,2,23,10,2,5,5,1,7,1,2,8,2,6,8,6,6,7,2,6,9,3,3,8,5,6,3,5,5,15.38,17.31,19.23,19.23,11.54,17.31,21.43,11.9,11.9,19.05,19.05,16.67,7,8,9,10,5,0,3,10,10,5,8,6,10,8,2,9,3,3,18.75,14.58,20.83,18.75,12.5,14.58,8,7,10,10,7,0,1,0,16.67,16.67,16.67,16.67,16.67,16.67,12,12,12,12,12
0,2,9,20,13,16,10,0,0.56,1,28,2,17.39,17.39,19.57,19.57,10.87,15.22,1,8,8,8,8,7,7,8,5,2,23,10,2,5,5,1,7,1,2,8,2,6,8,6,6,7,2,6,9,3,3,8,5,6,3,5,5,15.38,17.31,19.23,19.23,11.54,17.31,21.43,11.9,11.9,19.05,19.05,16.67,7,8,9,10,5,0,6,7,6,4,4,4,4,2,2,9,3,3,18.75,14.58,20.83,18.75,12.5,14.58,8,7,10,10,7,0,1,0,16.67,16.67,16.67,16.67,16.67,16.67,12,12,12,12,12
0,2,9,20,13,14,11,0,0.54,1,32,2,17.24,17.24,17.24,17.24,13.79,17.24,0,5,1,5,4,5,5,5,5,2,23,10,2,5,5,1,7,1,2,8,2,6,8,6,6,7,2,6,9,3,3,8,5,6,3,5,5,15.38,17.31,19.23,19.23,11.54,17.31,21.43,11.9,11.9,19.05,19.05,16.67,7,8,9,10,5,1,10,10,10,7,7,9,8,8,2,9,3,3,18.75,14.58,20.83,18.75,12.5,14.58,8,7,10,10,7,0,1,0,16.67,16.67,16.67,16.67,16.67,16.67,12,12,12,12,12
0,2,9,20,13,19,12,0,0.35,0,28,3,14.71,14.71,14.71,14.71,20.59,20.59,0,7,4,5,3,7,4,4,5,2,23,10,2,5,5,1,7,1,2,8,2,6,8,6,6,7,2,6,9,3,3,8,5,6,3,5,5,15.38,17.31,19.23,19.23,11.54,17.31,21.43,11.9,11.9,19.05,19.05,16.67,7,8,9,10,5,0,6,8,8,6,8,4,7,5,2,9,3,3,18.75,14.58,20.83,18.75,12.5,14.58,8,7,10,10,7,0,1,0,16.67,16.67,16.67,16.67,16.67,16.67,12,12,12,12,12
0,2,9,20,13,13,13,0,0.36,1,23,2,25.64,17.95,15.38,20.51,10.26,10.26,0,3,7,7,2,6,3,4,2,2,23,10,2,5,5,1,7,1,2,8,2,6,8,6,6,7,2,6,9,3,3,8,5,6,3,5,5,15.38,17.31,19.23,19.23,11.54,17.31,21.43,11.9,11.9,19.05,19.05,16.67,7,8,9,10,5,0,9,7,6,4,9,2,6,2,2,9,3,3,18.75,14.58,20.83,18.75,12.5,14.58,8,7,10,10,7,0,1,0,16.67,16.67,16.67,16.67,16.67,16.67,12,12,12,12,12
0,2,9,20,13,10,14,0,0.28,1,26,2,20,16,18,16,16,14,0,3,5,6,5,5,3,3,3,2,23,10,2,5,5,1,7,1,2,8,2,6,8,6,6,7,2,6,9,3,3,8,5,6,3,5,5,15.38,17.31,19.23,19.23,11.54,17.31,21.43,11.9,11.9,19.05,19.05,16.67,7,8,9,10,5,0,2,7,5,4,9,2,2,2,2,9,3,3,18.75,14.58,20.83,18.75,12.5,14.58,8,7,10,10,7,0,1,0,16.67,16.67,16.67,16.67,16.67,16.67,12,12,12,12,12
0,2,9,20,13,5,15,0,0.64,0,24,4,13.51,18.92,21.62,13.51,13.51,18.92,1,6,7,7,4,7,6,5,4,2,23,10,2,5,5,1,7,1,2,8,2,6,8,6,6,7,2,6,9,3,3,8,5,6,3,5,5,15.38,17.31,19.23,19.23,11.54,17.31,21.43,11.9,11.9,19.05,19.05,16.67,7,8,9,10,5,0,5,9,9,5,5,5,6,6,2,9,3,3,18.75,14.58,20.83,18.75,12.5,14.58,8,7,10,10,7,0,1,0,16.67,16.67,16.67,16.67,16.67,16.67,12,12,12,12,12
0,2,9,20,13,8,16,0,0.55,1,28,2,21.43,16.67,21.43,16.67,11.9,11.9,0,3,5,4,2,3,3,4,3,2,23,10,2,5,5,1,7,1,2,8,2,6,8,6,6,7,2,6,9,3,3,8,5,6,3,5,5,15.38,17.31,19.23,19.23,11.54,17.31,21.43,11.9,11.9,19.05,19.05,16.67,7,8,9,10,5,0,10,8,6,5,9,5,5,2,2,9,3,3,18.75,14.58,20.83,18.75,12.5,14.58,8,7,10,10,7,0,1,0,16.67,16.67,16.67,16.67,16.67,16.67,12,12,12,12,12
0,2,9,20,13,17,17,0,0.08,1,42,2,23.81,23.81,23.81,23.81,2.38,2.38,1,6,8,8,8,5,6,7,5,2,23,10,2,5,5,1,7,1,2,8,2,6,8,6,6,7,2,6,9,3,3,8,5,6,3,5,5,15.38,17.31,19.23,19.23,11.54,17.31,21.43,11.9,11.9,19.05,19.05,16.67,7,8,9,10,5,0,5,5,6,2,9,3,3,4,2,9,3,3,18.75,14.58,20.83,18.75,12.5,14.58,8,7,10,10,7,0,1,0,16.67,16.67,16.67,16.67,16.67,16.67,12,12,12,12,12
0,2,9,20,13,6,18,0,0.71,0,30,3,18.6,20.93,23.26,23.26,2.33,11.63,1,7,6,8,6,6,4,6,6,2,23,10,2,5,5,1,7,1,2,8,2,6,8,6,6,7,2,6,9,3,3,8,5,6,3,5,5,15.38,17.31,19.23,19.23,11.54,17.31,21.43,11.9,11.9,19.05,19.05,16.67,7,8,9,10,5,0,4,5,5,5,5,2,2,2,2,9,3,3,18.75,14.58,20.83,18.75,12.5,14.58,8,7,10,10,7,0,1,0,16.67,16.67,16.67,16.67,16.67,16.67,12,12,12,12,12
0,2,9,20,13,1,19,0,0.68,1,31,2,17.78,17.78,17.78,17.78,13.33,15.56,1,8,9,8,8,8,7,8,6,2,23,10,2,5,5,1,7,1,2,8,2,6,8,6,6,7,2,6,9,3,3,8,5,6,3,5,5,15.38,17.31,19.23,19.23,11.54,17.31,21.43,11.9,11.9,19.05,19.05,16.67,7,8,9,10,5,0,6,8,6,6,8,8,6,6,2,9,3,3,18.75,14.58,20.83,18.75,12.5,14.58,8,7,10,10,7,0,1,0,16.67,16.67,16.67,16.67,16.67,16.67,12,12,12,12,12
0,2,9,20,4,20,1,0,0.32,1,23,2,17.02,21.28,17.02,21.28,14.89,8.51,1,10,8,8,8,8,6,9,6,2,23,10,2,9,5,1,3,1,1,10,8,8,7,5,5,2,3,4,3,7,7,6,5,7,9,6,6,17.31,13.46,17.31,19.23,19.23,13.46,18.37,16.33,16.33,18.37,16.33,14.29,8,8,10,8,9,0,4,6,6,4,4,4,4,8,2,3,3,3,16.67,14.81,16.67,18.52,18.52,14.81,9,7,9,10,9,0,2,0,16.67,14.81,16.67,18.52,18.52,14.81,9,8,12,12,12
0,2,9,20,4,2,2,0,0.36,0,26,4,14.89,19.15,21.28,19.15,14.89,10.64,1,8,7,4,9,4,5,8,6,2,23,10,2,9,5,1,3,1,1,10,8,8,7,5,5,2,3,4,3,7,7,6,5,7,9,6,6,17.31,13.46,17.31,19.23,19.23,13.46,18.37,16.33,16.33,18.37,16.33,14.29,8,8,10,8,9,0,6,9,10,8,10,7,7,9,2,3,3,3,16.67,14.81,16.67,18.52,18.52,14.81,9,7,9,10,9,0,2,0,16.67,14.81,16.67,18.52,18.52,14.81,9,8,12,12,12
0,2,9,20,4,9,3,0,-0.4,1,27,2,7.5,17.5,20,22.5,12.5,20,1,10,10,10,10,8,8,8,7,2,23,10,2,9,5,1,3,1,1,10,8,8,7,5,5,2,3,4,3,7,7,6,5,7,9,6,6,17.31,13.46,17.31,19.23,19.23,13.46,18.37,16.33,16.33,18.37,16.33,14.29,8,8,10,8,9,0,3,8,8,9,4,5,6,9,2,3,3,3,16.67,14.81,16.67,18.52,18.52,14.81,9,7,9,10,9,0,2,0,16.67,14.81,16.67,18.52,18.52,14.81,9,8,12,12,12
0,2,9,20,4,15,4,0,-0.38,1,26,2,21.28,17.02,21.28,12.77,6.38,21.28,1,9,7,6,8,6,5,9,8,2,23,10,2,9,5,1,3,1,1,10,8,8,7,5,5,2,3,4,3,7,7,6,5,7,9,6,6,17.31,13.46,17.31,19.23,19.23,13.46,18.37,16.33,16.33,18.37,16.33,14.29,8,8,10,8,9,0,7,8,10,7,9,7,7,7,2,3,3,3,16.67,14.81,16.67,18.52,18.52,14.81,9,7,9,10,9,0,2,0,16.67,14.81,16.67,18.52,18.52,14.81,9,8,12,12,12
0,2,9,20,4,6,5,0,-0.02,1,24,2,20.51,5.13,23.08,12.82,17.95,20.51,1,6,5,6,7,6,4,6,4,2,23,10,2,9,5,1,3,1,1,10,8,8,7,5,5,2,3,4,3,7,7,6,5,7,9,6,6,17.31,13.46,17.31,19.23,19.23,13.46,18.37,16.33,16.33,18.37,16.33,14.29,8,8,10,8,9,0,6,9,8,6,8,3,7,9,2,3,3,3,16.67,14.81,16.67,18.52,18.52,14.81,9,7,9,10,9,0,2,0,16.67,14.81,16.67,18.52,18.52,14.81,9,8,12,12,12
0,2,9,20,4,11,7,0,-0.26,0,25,6,16.67,16.67,16.67,16.67,14.81,18.52,1,10,9,10,10,9,9,9,9,2,23,10,2,9,5,1,3,1,1,10,8,8,7,5,5,2,3,4,3,7,7,6,5,7,9,6,6,17.31,13.46,17.31,19.23,19.23,13.46,18.37,16.33,16.33,18.37,16.33,14.29,8,8,10,8,9,0,7,9,10,10,9,7,7,9,2,3,3,3,16.67,14.81,16.67,18.52,18.52,14.81,9,7,9,10,9,0,2,0,16.67,14.81,16.67,18.52,18.52,14.81,9,8,12,12,12
0,2,9,20,4,18,8,0,0,0,27,4,15.56,17.78,17.78,17.78,17.78,13.33,1,8,7,7,9,9,5,9,3,2,23,10,2,9,5,1,3,1,1,10,8,8,7,5,5,2,3,4,3,7,7,6,5,7,9,6,6,17.31,13.46,17.31,19.23,19.23,13.46,18.37,16.33,16.33,18.37,16.33,14.29,8,8,10,8,9,0,6,7,9,6,7,6,6,8,2,3,3,3,16.67,14.81,16.67,18.52,18.52,14.81,9,7,9,10,9,0,2,0,16.67,14.81,16.67,18.52,18.52,14.81,9,8,12,12,12
0,2,9,20,4,13,9,0,-0.36,1,27,2,9.52,19.05,23.81,19.05,4.76,23.81,1,8,4,8,6,4,4,7,4,2,23,10,2,9,5,1,3,1,1,10,8,8,7,5,5,2,3,4,3,7,7,6,5,7,9,6,6,17.31,13.46,17.31,19.23,19.23,13.46,18.37,16.33,16.33,18.37,16.33,14.29,8,8,10,8,9,0,1,1,1,1,1,1,1,1,2,3,3,3,16.67,14.81,16.67,18.52,18.52,14.81,9,7,9,10,9,0,2,0,16.67,14.81,16.67,18.52,18.52,14.81,9,8,12,12,12
0,2,9,20,4,7,10,0,-0.25,1,28,2,17.39,17.39,19.57,19.57,10.87,15.22,1,10,7,6,8,10,5,7,4,2,23,10,2,9,5,1,3,1,1,10,8,8,7,5,5,2,3,4,3,7,7,6,5,7,9,6,6,17.31,13.46,17.31,19.23,19.23,13.46,18.37,16.33,16.33,18.37,16.33,14.29,8,8,10,8,9,0,3,8,7,3,7,3,4,9,2,3,3,3,16.67,14.81,16.67,18.52,18.52,14.81,9,7,9,10,9,0,2,0,16.67,14.81,16.67,18.52,18.52,14.81,9,8,12,12,12
0,2,9,20,4,10,12,0,-0.02,0,28,3,14.71,14.71,14.71,14.71,20.59,20.59,1,9,6,5,8,9,7,8,6,2,23,10,2,9,5,1,3,1,1,10,8,8,7,5,5,2,3,4,3,7,7,6,5,7,9,6,6,17.31,13.46,17.31,19.23,19.23,13.46,18.37,16.33,16.33,18.37,16.33,14.29,8,8,10,8,9,0,7,6,7,8,6,6,6,9,2,3,3,3,16.67,14.81,16.67,18.52,18.52,14.81,9,7,9,10,9,0,2,0,16.67,14.81,16.67,18.52,18.52,14.81,9,8,12,12,12
0,2,9,20,4,4,13,1,0.46,1,23,2,25.64,17.95,15.38,20.51,10.26,10.26,1,9,7,7,9,7,7,8,7,2,23,10,2,9,5,1,3,1,1,10,8,8,7,5,5,2,3,4,3,7,7,6,5,7,9,6,6,17.31,13.46,17.31,19.23,19.23,13.46,18.37,16.33,16.33,18.37,16.33,14.29,8,8,10,8,9,1,10,9,9,10,10,10,10,10,2,3,3,3,16.67,14.81,16.67,18.52,18.52,14.81,9,7,9,10,9,0,2,0,16.67,14.81,16.67,18.52,18.52,14.81,9,8,12,12,12
0,2,9,20,4,1,14,1,0.24,1,26,2,20,16,18,16,16,14,1,8,8,7,9,8,8,9,7,2,23,10,2,9,5,1,3,1,1,10,8,8,7,5,5,2,3,4,3,7,7,6,5,7,9,6,6,17.31,13.46,17.31,19.23,19.23,13.46,18.37,16.33,16.33,18.37,16.33,14.29,8,8,10,8,9,1,8,10,7,9,7,8,8,9,2,3,3,3,16.67,14.81,16.67,18.52,18.52,14.81,9,7,9,10,9,0,2,0,16.67,14.81,16.67,18.52,18.52,14.81,9,8,12,12,12
0,2,9,20,4,16,15,0,-0.56,0,24,4,13.51,18.92,21.62,13.51,13.51,18.92,1,7,5,6,8,6,5,6,4,2,23,10,2,9,5,1,3,1,1,10,8,8,7,5,5,2,3,4,3,7,7,6,5,7,9,6,6,17.31,13.46,17.31,19.23,19.23,13.46,18.37,16.33,16.33,18.37,16.33,14.29,8,8,10,8,9,0,6,6,8,2,4,4,5,7,2,3,3,3,16.67,14.81,16.67,18.52,18.52,14.81,9,7,9,10,9,0,2,0,16.67,14.81,16.67,18.52,18.52,14.81,9,8,12,12,12
0,2,9,20,4,19,16,0,0.17,1,28,2,21.43,16.67,21.43,16.67,11.9,11.9,1,8,5,5,8,3,6,6,3,2,23,10,2,9,5,1,3,1,1,10,8,8,7,5,5,2,3,4,3,7,7,6,5,7,9,6,6,17.31,13.46,17.31,19.23,19.23,13.46,18.37,16.33,16.33,18.37,16.33,14.29,8,8,10,8,9,0,7,9,9,9,9,9,8,9,2,3,3,3,16.67,14.81,16.67,18.52,18.52,14.81,9,7,9,10,9,0,2,0,16.67,14.81,16.67,18.52,18.52,14.81,9,8,12,12,12
0,2,9,20,4,8,17,0,-0.19,1,42,2,23.81,23.81,23.81,23.81,2.38,2.38,1,9,7,7,7,6,7,8,5,2,23,10,2,9,5,1,3,1,1,10,8,8,7,5,5,2,3,4,3,7,7,6,5,7,9,6,6,17.31,13.46,17.31,19.23,19.23,13.46,18.37,16.33,16.33,18.37,16.33,14.29,8,8,10,8,9,0,4,7,6,4,4,4,4,9,2,3,3,3,16.67,14.81,16.67,18.52,18.52,14.81,9,7,9,10,9,0,2,0,16.67,14.81,16.67,18.52,18.52,14.81,9,8,12,12,12
0,2,9,20,4,17,18,0,-0.31,0,30,3,18.6,20.93,23.26,23.26,2.33,11.63,0,7,4,5,7,8,4,5,5,2,23,10,2,9,5,1,3,1,1,10,8,8,7,5,5,2,3,4,3,7,7,6,5,7,9,6,6,17.31,13.46,17.31,19.23,19.23,13.46,18.37,16.33,16.33,18.37,16.33,14.29,8,8,10,8,9,0,4,5,4,6,5,4,5,9,2,3,3,3,16.67,14.81,16.67,18.52,18.52,14.81,9,7,9,10,9,0,2,0,16.67,14.81,16.67,18.52,18.52,14.81,9,8,12,12,12
0,2,9,20,4,12,19,0,-0.33,1,31,2,17.78,17.78,17.78,17.78,13.33,15.56,1,8,7,7,8,8,7,7,5,2,23,10,2,9,5,1,3,1,1,10,8,8,7,5,5,2,3,4,3,7,7,6,5,7,9,6,6,17.31,13.46,17.31,19.23,19.23,13.46,18.37,16.33,16.33,18.37,16.33,14.29,8,8,10,8,9,0,4,6,6,4,4,4,3,8,2,3,3,3,16.67,14.81,16.67,18.52,18.52,14.81,9,7,9,10,9,0,2,0,16.67,14.81,16.67,18.52,18.52,14.81,9,8,12,12,12
0,2,9,20,1,19,2,1,-0.01,0,26,4,14.89,19.15,21.28,19.15,14.89,10.64,1,7,8,7,7,7,7,7,6,2,29,10,2,10,4,2,6,3,2,9,3,9,8,9,9,9,1,2,9,5,7,7,7,7,5,1,5,20,15.56,20,15.56,11.11,17.78,25,22.22,13.89,13.89,2.78,22.22,8,8,6,9,9,1,7,8,8,9,9,10,6,6,2,4,1,2,20,15.56,17.78,17.78,11.11,17.78,7,7,6,6,6,0,1,0,22.5,15,15,12.5,15,20,7,6,8,6,6
0,2,9,20,1,18,14,0,0.25,1,26,2,20,16,18,16,16,14,0,5,8,7,7,7,6,5,4,2,29,10,2,10,4,2,6,3,2,9,3,9,8,9,9,9,1,2,9,5,7,7,7,7,5,1,5,20,15.56,20,15.56,11.11,17.78,25,22.22,13.89,13.89,2.78,22.22,8,8,6,9,9,0,6,6,5,9,5,5,5,5,2,4,1,2,20,15.56,17.78,17.78,11.11,17.78,7,7,6,6,6,0,1,0,22.5,15,15,12.5,15,20,7,6,8,6,6
0,2,9,20,10,8,2,1,0.17,0,26,4,14.89,19.15,21.28,19.15,14.89,10.64,1,6,8,7,7,8,6,6,5,2,27,8,3,3,6,1,5,2,7,8,5,8,8,8,8,8,6,9,8,8,8,8,6,7,8,3,5,14.29,18.37,18.37,16.33,18.37,14.29,22.5,15,15,22.5,12.5,12.5,7,9,7,8,9,1,7,6,8,7,8,7,7,7,2,7,1,2,14.89,19.15,19.15,14.89,17.02,14.89,7,8,7,7,8,0,4,1,15.22,17.39,17.39,17.39,17.39,15.22,7,8,8,7,8
0,2,9,20,10,15,3,0,0.11,0,27,2,7.5,17.5,20,22.5,12.5,20,1,9,8,9,9,9,9,7,6,2,27,8,3,3,6,1,5,2,7,8,5,8,8,8,8,8,6,9,8,8,8,8,6,7,8,3,5,14.29,18.37,18.37,16.33,18.37,14.29,22.5,15,15,22.5,12.5,12.5,7,9,7,8,9,0,6,7,8,7,8,7,6,6,2,7,1,2,14.89,19.15,19.15,14.89,17.02,14.89,7,8,7,7,8,0,4,1,15.22,17.39,17.39,17.39,17.39,15.22,7,8,8,7,8
0,2,9,20,10,1,4,1,0.11,0,26,2,21.28,17.02,21.28,12.77,6.38,21.28,1,6,10,8,8,6,6,8,8,2,27,8,3,3,6,1,5,2,7,8,5,8,8,8,8,8,6,9,8,8,8,8,6,7,8,3,5,14.29,18.37,18.37,16.33,18.37,14.29,22.5,15,15,22.5,12.5,12.5,7,9,7,8,9,1,7,10,10,7,10,5,8,7,2,7,1,2,14.89,19.15,19.15,14.89,17.02,14.89,7,8,7,7,8,0,4,1,15.22,17.39,17.39,17.39,17.39,15.22,7,8,8,7,8
0,2,9,20,10,12,5,0,0.31,0,24,2,20.51,5.13,23.08,12.82,17.95,20.51,0,6,5,6,6,6,5,5,4,2,27,8,3,3,6,1,5,2,7,8,5,8,8,8,8,8,6,9,8,8,8,8,6,7,8,3,5,14.29,18.37,18.37,16.33,18.37,14.29,22.5,15,15,22.5,12.5,12.5,7,9,7,8,9,0,6,7,7,6,8,5,5,5,2,7,1,2,14.89,19.15,19.15,14.89,17.02,14.89,7,8,7,7,8,0,4,1,15.22,17.39,17.39,17.39,17.39,15.22,7,8,8,7,8
0,2,9,20,10,9,6,1,0.28,0,26,2,16.28,16.28,18.6,16.28,16.28,16.28,1,8,8,8,8,6,7,8,6,2,27,8,3,3,6,1,5,2,7,8,5,8,8,8,8,8,6,9,8,8,8,8,6,7,8,3,5,14.29,18.37,18.37,16.33,18.37,14.29,22.5,15,15,22.5,12.5,12.5,7,9,7,8,9,1,8,8,9,8,9,6,7,7,2,7,1,2,14.89,19.15,19.15,14.89,17.02,14.89,7,8,7,7,8,0,4,1,15.22,17.39,17.39,17.39,17.39,15.22,7,8,8,7,8
0,2,9,20,10,17,7,0,0.03,0,25,6,16.67,16.67,16.67,16.67,14.81,18.52,0,6,8,9,9,8,9,9,9,2,27,8,3,3,6,1,5,2,7,8,5,8,8,8,8,8,6,9,8,8,8,8,6,7,8,3,5,14.29,18.37,18.37,16.33,18.37,14.29,22.5,15,15,22.5,12.5,12.5,7,9,7,8,9,0,6,6,7,6,6,5,5,6,2,7,1,2,14.89,19.15,19.15,14.89,17.02,14.89,7,8,7,7,8,0,4,1,15.22,17.39,17.39,17.39,17.39,15.22,7,8,8,7,8
0,2,9,20,10,4,8,1,0.31,0,27,4,15.56,17.78,17.78,17.78,17.78,13.33,1,5,8,8,8,8,6,7,6,2,27,8,3,3,6,1,5,2,7,8,5,8,8,8,8,8,6,9,8,8,8,8,6,7,8,3,5,14.29,18.37,18.37,16.33,18.37,14.29,22.5,15,15,22.5,12.5,12.5,7,9,7,8,9,1,7,7,8,7,8,7,7,7,2,7,1,2,14.89,19.15,19.15,14.89,17.02,14.89,7,8,7,7,8,0,4,1,15.22,17.39,17.39,17.39,17.39,15.22,7,8,8,7,8
0,2,9,20,10,19,9,0,0.3,0,27,2,9.52,19.05,23.81,19.05,4.76,23.81,1,8,6,6,8,5,6,9,8,2,27,8,3,3,6,1,5,2,7,8,5,8,8,8,8,8,6,9,8,8,8,8,6,7,8,3,5,14.29,18.37,18.37,16.33,18.37,14.29,22.5,15,15,22.5,12.5,12.5,7,9,7,8,9,0,5,8,8,5,7,6,6,6,2,7,1,2,14.89,19.15,19.15,14.89,17.02,14.89,7,8,7,7,8,0,4,1,15.22,17.39,17.39,17.39,17.39,15.22,7,8,8,7,8
0,2,9,20,10,13,10,0,0.12,0,28,2,17.39,17.39,19.57,19.57,10.87,15.22,1,9,7,8,8,7,5,7,3,2,27,8,3,3,6,1,5,2,7,8,5,8,8,8,8,8,6,9,8,8,8,8,6,7,8,3,5,14.29,18.37,18.37,16.33,18.37,14.29,22.5,15,15,22.5,12.5,12.5,7,9,7,8,9,0,6,7,8,7,8,6,6,6,2,7,1,2,14.89,19.15,19.15,14.89,17.02,14.89,7,8,7,7,8,0,4,1,15.22,17.39,17.39,17.39,17.39,15.22,7,8,8,7,8
0,2,9,20,10,11,11,1,0.32,0,32,2,17.24,17.24,17.24,17.24,13.79,17.24,1,8,8,6,6,5,5,7,6,2,27,8,3,3,6,1,5,2,7,8,5,8,8,8,8,8,6,9,8,8,8,8,6,7,8,3,5,14.29,18.37,18.37,16.33,18.37,14.29,22.5,15,15,22.5,12.5,12.5,7,9,7,8,9,1,7,8,8,7,7,6,6,6,2,7,1,2,14.89,19.15,19.15,14.89,17.02,14.89,7,8,7,7,8,0,4,1,15.22,17.39,17.39,17.39,17.39,15.22,7,8,8,7,8
0,2,9,20,10,16,12,0,0.07,1,28,3,14.71,14.71,14.71,14.71,20.59,20.59,0,3,5,5,7,5,4,6,7,2,27,8,3,3,6,1,5,2,7,8,5,8,8,8,8,8,6,9,8,8,8,8,6,7,8,3,5,14.29,18.37,18.37,16.33,18.37,14.29,22.5,15,15,22.5,12.5,12.5,7,9,7,8,9,1,7,7,8,7,8,5,6,6,2,7,1,2,14.89,19.15,19.15,14.89,17.02,14.89,7,8,7,7,8,0,4,1,15.22,17.39,17.39,17.39,17.39,15.22,7,8,8,7,8
0,2,9,20,10,10,13,1,0.2,0,23,2,25.64,17.95,15.38,20.51,10.26,10.26,1,8,7,8,8,7,7,8,7,2,27,8,3,3,6,1,5,2,7,8,5,8,8,8,8,8,6,9,8,8,8,8,6,7,8,3,5,14.29,18.37,18.37,16.33,18.37,14.29,22.5,15,15,22.5,12.5,12.5,7,9,7,8,9,1,8,7,8,7,8,6,7,7,2,7,1,2,14.89,19.15,19.15,14.89,17.02,14.89,7,8,7,7,8,0,4,1,15.22,17.39,17.39,17.39,17.39,15.22,7,8,8,7,8
0,2,9,20,10,7,14,0,0.12,0,26,2,20,16,18,16,16,14,0,6,8,8,6,6,6,6,6,2,27,8,3,3,6,1,5,2,7,8,5,8,8,8,8,8,6,9,8,8,8,8,6,7,8,3,5,14.29,18.37,18.37,16.33,18.37,14.29,22.5,15,15,22.5,12.5,12.5,7,9,7,8,9,1,8,7,8,7,8,6,7,6,2,7,1,2,14.89,19.15,19.15,14.89,17.02,14.89,7,8,7,7,8,0,4,1,15.22,17.39,17.39,17.39,17.39,15.22,7,8,8,7,8
0,2,9,20,10,2,15,1,0.14,0,24,4,13.51,18.92,21.62,13.51,13.51,18.92,1,7,6,7,7,6,6,6,4,2,27,8,3,3,6,1,5,2,7,8,5,8,8,8,8,8,6,9,8,8,8,8,6,7,8,3,5,14.29,18.37,18.37,16.33,18.37,14.29,22.5,15,15,22.5,12.5,12.5,7,9,7,8,9,1,6,10,10,6,10,6,6,8,2,7,1,2,14.89,19.15,19.15,14.89,17.02,14.89,7,8,7,7,8,0,4,1,15.22,17.39,17.39,17.39,17.39,15.22,7,8,8,7,8
0,2,9,20,10,5,16,0,0.04,0,28,2,21.43,16.67,21.43,16.67,11.9,11.9,0,4,8,7,4,4,3,5,4,2,27,8,3,3,6,1,5,2,7,8,5,8,8,8,8,8,6,9,8,8,8,8,6,7,8,3,5,14.29,18.37,18.37,16.33,18.37,14.29,22.5,15,15,22.5,12.5,12.5,7,9,7,8,9,1,7,7,9,8,9,7,8,7,2,7,1,2,14.89,19.15,19.15,14.89,17.02,14.89,7,8,7,7,8,0,4,1,15.22,17.39,17.39,17.39,17.39,15.22,7,8,8,7,8
0,2,9,20,10,14,17,0,0.31,0,42,2,23.81,23.81,23.81,23.81,2.38,2.38,1,7,6,6,6,6,7,6,3,2,27,8,3,3,6,1,5,2,7,8,5,8,8,8,8,8,6,9,8,8,8,8,6,7,8,3,5,14.29,18.37,18.37,16.33,18.37,14.29,22.5,15,15,22.5,12.5,12.5,7,9,7,8,9,0,6,6,6,6,6,5,5,6,2,7,1,2,14.89,19.15,19.15,14.89,17.02,14.89,7,8,7,7,8,0,4,1,15.22,17.39,17.39,17.39,17.39,15.22,7,8,8,7,8
0,2,9,20,10,3,18,1,0.35,1,30,3,18.6,20.93,23.26,23.26,2.33,11.63,1,6,8,7,6,7,10,5,10,1,27,8,3,3,6,1,5,2,7,8,5,8,8,8,8,8,6,9,8,8,8,8,6,7,8,3,5,14.29,18.37,18.37,16.33,18.37,14.29,22.5,15,15,22.5,12.5,12.5,7,9,7,8,9,1,7,7,7,8,7,7,8,10,1,7,1,2,14.89,19.15,19.15,14.89,17.02,14.89,7,8,7,7,8,0,4,1,15.22,17.39,17.39,17.39,17.39,15.22,7,8,8,7,8
0,2,9,20,10,18,19,0,0.38,0,31,2,17.78,17.78,17.78,17.78,13.33,15.56,1,10,9,9,10,8,7,8,5,2,27,8,3,3,6,1,5,2,7,8,5,8,8,8,8,8,6,9,8,8,8,8,6,7,8,3,5,14.29,18.37,18.37,16.33,18.37,14.29,22.5,15,15,22.5,12.5,12.5,7,9,7,8,9,0,6,6,7,6,6,6,6,6,2,7,1,2,14.89,19.15,19.15,14.89,17.02,14.89,7,8,7,7,8,0,4,1,15.22,17.39,17.39,17.39,17.39,15.22,7,8,8,7,8
1,2,9,20,2,18,1,0,-0.22,1,24,2,16,16,20,16,18,14,1,7,8,10,8,10,7,7,5,2,23,10,2,6,8,1,6,2,2,9,3,10,8,6,7,7,4,7,3,1,9,6,4,6,7,1,6,17.02,21.28,17.02,21.28,14.89,8.51,14.58,20.83,16.67,18.75,16.67,12.5,8,10,10,9,8,0,7,8,6,7,8,3,5,4,2,9,3,3,17.02,21.28,19.15,19.15,14.89,8.51,8,10,9,9,8,1,0,0,16.67,20.83,16.67,20.83,14.58,10.42,8,12,8,12,6
1,2,9,20,6,2,2,0,0.27,1,27,2,15.38,19.23,19.23,19.23,13.46,13.46,0,8,7,10,8,9,9,10,1,1,23,10,2,6,8,1,6,2,2,9,3,10,8,6,7,7,4,7,3,1,9,6,4,6,7,1,6,17.02,21.28,17.02,21.28,14.89,8.51,14.58,20.83,16.67,18.75,16.67,12.5,8,10,10,9,8,0,9,8,7,7,7,5,7,0,1,9,3,3,17.02,21.28,19.15,19.15,14.89,8.51,8,10,9,9,8,1,0,0,16.67,20.83,16.67,20.83,14.58,10.42,8,12,8,12,6
1,2,9,20,5,1,3,1,0,0,25,4,17.65,17.65,17.65,15.69,15.69,15.69,1,5,8,7,9,8,5,6,5,1,23,10,2,6,8,1,6,2,2,9,3,10,8,6,7,7,4,7,3,1,9,6,4,6,7,1,6,17.02,21.28,17.02,21.28,14.89,8.51,14.58,20.83,16.67,18.75,16.67,12.5,8,10,10,9,8,1,7,8,8,7,9,5,6,6,2,9,3,3,17.02,21.28,19.15,19.15,14.89,8.51,8,10,9,9,8,1,0,0,16.67,20.83,16.67,20.83,14.58,10.42,8,12,8,12,6
1,2,9,20,3,19,4,0,-0.04,0,24,6,14,18,20,18,16,14,0,7,7,7,7,7,4,4,5,2,23,10,2,6,8,1,6,2,2,9,3,10,8,6,7,7,4,7,3,1,9,6,4,6,7,1,6,17.02,21.28,17.02,21.28,14.89,8.51,14.58,20.83,16.67,18.75,16.67,12.5,8,10,10,9,8,1,8,8,9,6,8,5,8,6,2,9,3,3,17.02,21.28,19.15,19.15,14.89,8.51,8,10,9,9,8,1,0,0,16.67,20.83,16.67,20.83,14.58,10.42,8,12,8,12,6
1,2,9,20,14,10,5,0,0.07,0,23,4,15.38,19.23,17.31,19.23,9.62,19.23,0,4,5,5,5,5,5,4,4,2,23,10,2,6,8,1,6,2,2,9,3,10,8,6,7,7,4,7,3,1,9,6,4,6,7,1,6,17.02,21.28,17.02,21.28,14.89,8.51,14.58,20.83,16.67,18.75,16.67,12.5,8,10,10,9,8,0,6,7,7,6,7,4,4,5,2,9,3,3,17.02,21.28,19.15,19.15,14.89,8.51,8,10,9,9,8,1,0,0,16.67,20.83,16.67,20.83,14.58,10.42,8,12,8,12,6
1,2,9,20,19,15,6,0,0.46,1,30,2,17.5,17.5,20,12.5,20,12.5,0,2,10,10,5,6,5,7,8,2,23,10,2,6,8,1,6,2,2,9,3,10,8,6,7,7,4,7,3,1,9,6,4,6,7,1,6,17.02,21.28,17.02,21.28,14.89,8.51,14.58,20.83,16.67,18.75,16.67,12.5,8,10,10,9,8,1,8,6,7,6,7,6,7,5,2,9,3,3,17.02,21.28,19.15,19.15,14.89,8.51,8,10,9,9,8,1,0,0,16.67,20.83,16.67,20.83,14.58,10.42,8,12,8,12,6
1,2,9,20,12,8,9,0,0.16,1,22,2,15.38,19.23,19.23,19.23,15.38,11.54,0,7,9,8,8,7,5,8,7,2,23,10,2,6,8,1,6,2,2,9,3,10,8,6,7,7,4,7,3,1,9,6,4,6,7,1,6,17.02,21.28,17.02,21.28,14.89,8.51,14.58,20.83,16.67,18.75,16.67,12.5,8,10,10,9,8,1,9,8,9,9,9,6,9,8,2,9,3,3,17.02,21.28,19.15,19.15,14.89,8.51,8,10,9,9,8,1,0,0,16.67,20.83,16.67,20.83,14.58,10.42,8,12,8,12,6
1,2,9,20,17,13,11,0,0.5,1,26,2,19.61,15.69,17.65,15.69,17.65,13.73,0,5,6,7,8,7,6,7,6,2,23,10,2,6,8,1,6,2,2,9,3,10,8,6,7,7,4,7,3,1,9,6,4,6,7,1,6,17.02,21.28,17.02,21.28,14.89,8.51,14.58,20.83,16.67,18.75,16.67,12.5,8,10,10,9,8,1,9,7,8,8,6,6,8,6,2,9,3,3,17.02,21.28,19.15,19.15,14.89,8.51,8,10,9,9,8,1,0,0,16.67,20.83,16.67,20.83,14.58,10.42,8,12,8,12,6
1,2,9,20,13,9,12,0,0.32,1,23,2,15.38,17.31,19.23,19.23,11.54,17.31,0,5,6,7,6,7,5,6,6,2,23,10,2,6,8,1,6,2,2,9,3,10,8,6,7,7,4,7,3,1,9,6,4,6,7,1,6,17.02,21.28,17.02,21.28,14.89,8.51,14.58,20.83,16.67,18.75,16.67,12.5,8,10,10,9,8,1,10,9,8,8,6,6,8,6,2,9,3,3,17.02,21.28,19.15,19.15,14.89,8.51,8,10,9,9,8,1,0,0,16.67,20.83,16.67,20.83,14.58,10.42,8,12,8,12,6
1,2,9,20,16,12,13,0,0,0,31,1,14.58,16.67,20.83,18.75,16.67,12.5,0,5,7,7,6,9,1,4,4,2,23,10,2,6,8,1,6,2,2,9,3,10,8,6,7,7,4,7,3,1,9,6,4,6,7,1,6,17.02,21.28,17.02,21.28,14.89,8.51,14.58,20.83,16.67,18.75,16.67,12.5,8,10,10,9,8,0,7,8,8,5,7,5,7,7,2,9,3,3,17.02,21.28,19.15,19.15,14.89,8.51,8,10,9,9,8,1,0,0,16.67,20.83,16.67,20.83,14.58,10.42,8,12,8,12,6
1,2,9,20,4,20,14,0,0.32,1,23,2,17.31,13.46,17.31,19.23,19.23,13.46,0,4,6,6,4,4,4,4,8,2,23,10,2,6,8,1,6,2,2,9,3,10,8,6,7,7,4,7,3,1,9,6,4,6,7,1,6,17.02,21.28,17.02,21.28,14.89,8.51,14.58,20.83,16.67,18.75,16.67,12.5,8,10,10,9,8,1,10,8,8,8,8,6,9,6,2,9,3,3,17.02,21.28,19.15,19.15,14.89,8.51,8,10,9,9,8,1,0,0,16.67,20.83,16.67,20.83,14.58,10.42,8,12,8,12,6
1,2,9,20,15,11,15,0,0.36,0,25,1,11.54,13.46,19.23,19.23,19.23,17.31,0,5,8,8,8,8,7,6,5,2,23,10,2,6,8,1,6,2,2,9,3,10,8,6,7,7,4,7,3,1,9,6,4,6,7,1,6,17.02,21.28,17.02,21.28,14.89,8.51,14.58,20.83,16.67,18.75,16.67,12.5,8,10,10,9,8,1,8,9,8,7,8,6,7,7,2,9,3,3,17.02,21.28,19.15,19.15,14.89,8.51,8,10,9,9,8,1,0,0,16.67,20.83,16.67,20.83,14.58,10.42,8,12,8,12,6
1,2,9,20,7,3,18,0,0,1,28,2,16.36,16.36,18.18,18.18,16.36,14.55,0,6,8,10,7,9,2,7,6,2,23,10,2,6,8,1,6,2,2,9,3,10,8,6,7,7,4,7,3,1,9,6,4,6,7,1,6,17.02,21.28,17.02,21.28,14.89,8.51,14.58,20.83,16.67,18.75,16.67,12.5,8,10,10,9,8,1,8,7,7,6,8,6,6,5,2,9,3,3,17.02,21.28,19.15,19.15,14.89,8.51,8,10,9,9,8,1,0,0,16.67,20.83,16.67,20.83,14.58,10.42,8,12,8,12,6
1,2,9,20,8,4,20,0,0.38,0,25,3,15.52,17.24,17.24,17.24,17.24,15.52,0,8,9,10,7,7,6,8,6,2,23,10,2,6,8,1,6,2,2,9,3,10,8,6,7,7,4,7,3,1,9,6,4,6,7,1,6,17.02,21.28,17.02,21.28,14.89,8.51,14.58,20.83,16.67,18.75,16.67,12.5,8,10,10,9,8,1,8,8,8,7,9,6,8,3,2,9,3,3,17.02,21.28,19.15,19.15,14.89,8.51,8,10,9,9,8,1,0,0,16.67,20.83,16.67,20.83,14.58,10.42,8,12,8,12,6
1,2,9,20,2,20,1,0,0.74,0,24,2,16,16,20,16,18,14,1,9,9,9,9,9,7,8,6,2,26,8,4,3,1,1,4,1,7,8,6,9,9,6,4,2,7,6,9,5,2,9,2,7,9,2,7,14.89,19.15,21.28,19.15,14.89,10.64,11.63,23.26,16.28,20.93,11.63,16.28,7,8,9,9,9,0,3,4,4,3,3,4,2,6,2,6,1,2,17.39,15.22,19.57,19.57,15.22,13.04,7,7,9,8,9,3,0,0,14.58,14.58,18.75,18.75,18.75,14.58,7,6,9,8,9
1,2,9,20,6,4,2,1,0.41,0,27,2,15.38,19.23,19.23,19.23,13.46,13.46,1,7,8,9,9,8,9,10,8,2,26,8,4,3,1,1,4,1,7,8,6,9,9,6,4,2,7,6,9,5,2,9,2,7,9,2,7,14.89,19.15,21.28,19.15,14.89,10.64,11.63,23.26,16.28,20.93,11.63,16.28,7,8,9,9,9,1,5,9,8,9,7,9,8,8,2,6,1,2,17.39,15.22,19.57,19.57,15.22,13.04,7,7,9,8,9,3,0,0,14.58,14.58,18.75,18.75,18.75,14.58,7,6,9,8,9
1,2,9,20,5,3,3,0,-0.38,1,25,4,17.65,17.65,17.65,15.69,15.69,15.69,1,5,6,7,6,7,5,6,5,2,26,8,4,3,1,1,4,1,7,8,6,9,9,6,4,2,7,6,9,5,2,9,2,7,9,2,7,14.89,19.15,21.28,19.15,14.89,10.64,11.63,23.26,16.28,20.93,11.63,16.28,7,8,9,9,9,0,5,8,5,3,3,3,3,3,2,6,1,2,17.39,15.22,19.57,19.57,15.22,13.04,7,7,9,8,9,3,0,0,14.58,14.58,18.75,18.75,18.75,14.58,7,6,9,8,9
1,2,9,20,3,1,4,0,0.32,0,24,6,14,18,20,18,16,14,0,8,8,8,8,8,1,4,6,2,26,8,4,3,1,1,4,1,7,8,6,9,9,6,4,2,7,6,9,5,2,9,2,7,9,2,7,14.89,19.15,21.28,19.15,14.89,10.64,11.63,23.26,16.28,20.93,11.63,16.28,7,8,9,9,9,1,7,9,9,6,7,4,7,6,2,6,1,2,17.39,15.22,19.57,19.57,15.22,13.04,7,7,9,8,9,3,0,0,14.58,14.58,18.75,18.75,18.75,14.58,7,6,9,8,9
1,2,9,20,14,12,5,0,-0.36,1,23,4,15.38,19.23,17.31,19.23,9.62,19.23,0,4,5,5,6,6,5,6,4,2,26,8,4,3,1,1,4,1,7,8,6,9,9,6,4,2,7,6,9,5,2,9,2,7,9,2,7,14.89,19.15,21.28,19.15,14.89,10.64,11.63,23.26,16.28,20.93,11.63,16.28,7,8,9,9,9,0,3,7,5,6,5,4,3,6,2,6,1,2,17.39,15.22,19.57,19.57,15.22,13.04,7,7,9,8,9,3,0,0,14.58,14.58,18.75,18.75,18.75,14.58,7,6,9,8,9
1,2,9,20,19,17,6,1,0.49,0,30,2,17.5,17.5,20,12.5,20,12.5,1,6,6,8,6,8,5,8,8,2,26,8,4,3,1,1,4,1,7,8,6,9,9,6,4,2,7,6,9,5,2,9,2,7,9,2,7,14.89,19.15,21.28,19.15,14.89,10.64,11.63,23.26,16.28,20.93,11.63,16.28,7,8,9,9,9,1,5,6,6,5,6,6,5,6,2,6,1,2,17.39,15.22,19.57,19.57,15.22,13.04,7,7,9,8,9,3,0,0,14.58,14.58,18.75,18.75,18.75,14.58,7,6,9,8,9
1,2,9,20,9,7,8,0,0.41,0,25,2,15.38,17.31,17.31,17.31,17.31,15.38,0,7,8,8,8,8,7,7,6,2,26,8,4,3,1,1,4,1,7,8,6,9,9,6,4,2,7,6,9,5,2,9,2,7,9,2,7,14.89,19.15,21.28,19.15,14.89,10.64,11.63,23.26,16.28,20.93,11.63,16.28,7,8,9,9,9,0,6,8,9,5,8,5,6,5,2,6,1,2,17.39,15.22,19.57,19.57,15.22,13.04,7,7,9,8,9,3,0,0,14.58,14.58,18.75,18.75,18.75,14.58,7,6,9,8,9
1,2,9,20,12,10,9,0,0.43,0,22,2,15.38,19.23,19.23,19.23,15.38,11.54,0,7,8,7,8,9,7,8,5,2,26,8,4,3,1,1,4,1,7,8,6,9,9,6,4,2,7,6,9,5,2,9,2,7,9,2,7,14.89,19.15,21.28,19.15,14.89,10.64,11.63,23.26,16.28,20.93,11.63,16.28,7,8,9,9,9,0,3,7,7,5,5,4,4,7,2,6,1,2,17.39,15.22,19.57,19.57,15.22,13.04,7,7,9,8,9,3,0,0,14.58,14.58,18.75,18.75,18.75,14.58,7,6,9,8,9
1,2,9,20,11,9,10,0,0.43,0,22,2,16,20,18,20,18,8,0,7,6,6,8,8,7,7,8,2,26,8,4,3,1,1,4,1,7,8,6,9,9,6,4,2,7,6,9,5,2,9,2,7,9,2,7,14.89,19.15,21.28,19.15,14.89,10.64,11.63,23.26,16.28,20.93,11.63,16.28,7,8,9,9,9,0,6,8,7,4,5,5,4,4,2,6,1,2,17.39,15.22,19.57,19.57,15.22,13.04,7,7,9,8,9,3,0,0,14.58,14.58,18.75,18.75,18.75,14.58,7,6,9,8,9
1,2,9,20,17,15,11,0,0.48,0,26,2,19.61,15.69,17.65,15.69,17.65,13.73,0,7,7,9,8,8,6,8,2,1,26,8,4,3,1,1,4,1,7,8,6,9,9,6,4,2,7,6,9,5,2,9,2,7,9,2,7,14.89,19.15,21.28,19.15,14.89,10.64,11.63,23.26,16.28,20.93,11.63,16.28,7,8,9,9,9,1,6,7,7,7,6,6,5,7,1,6,1,2,17.39,15.22,19.57,19.57,15.22,13.04,7,7,9,8,9,3,0,0,14.58,14.58,18.75,18.75,18.75,14.58,7,6,9,8,9
1,2,9,20,13,11,12,0,0.32,0,23,2,15.38,17.31,19.23,19.23,11.54,17.31,0,10,8,8,8,8,8,9,5,2,26,8,4,3,1,1,4,1,7,8,6,9,9,6,4,2,7,6,9,5,2,9,2,7,9,2,7,14.89,19.15,21.28,19.15,14.89,10.64,11.63,23.26,16.28,20.93,11.63,16.28,7,8,9,9,9,0,6,8,8,3,6,2,2,2,2,6,1,2,17.39,15.22,19.57,19.57,15.22,13.04,7,7,9,8,9,3,0,0,14.58,14.58,18.75,18.75,18.75,14.58,7,6,9,8,9
1,2,9,20,16,14,13,0,0.01,0,31,1,14.58,16.67,20.83,18.75,16.67,12.5,1,7,7,7,7,7,7,7,7,2,26,8,4,3,1,1,4,1,7,8,6,9,9,6,4,2,7,6,9,5,2,9,2,7,9,2,7,14.89,19.15,21.28,19.15,14.89,10.64,11.63,23.26,16.28,20.93,11.63,16.28,7,8,9,9,9,0,6,8,7,7,8,6,6,6,2,6,1,2,17.39,15.22,19.57,19.57,15.22,13.04,7,7,9,8,9,3,0,0,14.58,14.58,18.75,18.75,18.75,14.58,7,6,9,8,9
1,2,9,20,4,2,14,0,0.36,0,23,2,17.31,13.46,17.31,19.23,19.23,13.46,0,6,9,10,8,10,7,7,9,2,26,8,4,3,1,1,4,1,7,8,6,9,9,6,4,2,7,6,9,5,2,9,2,7,9,2,7,14.89,19.15,21.28,19.15,14.89,10.64,11.63,23.26,16.28,20.93,11.63,16.28,7,8,9,9,9,1,8,7,4,9,4,5,8,6,2,6,1,2,17.39,15.22,19.57,19.57,15.22,13.04,7,7,9,8,9,3,0,0,14.58,14.58,18.75,18.75,18.75,14.58,7,6,9,8,9
1,2,9,20,15,13,15,1,-0.11,0,25,1,11.54,13.46,19.23,19.23,19.23,17.31,1,10,10,10,10,10,10,10,10,1,26,8,4,3,1,1,4,1,7,8,6,9,9,6,4,2,7,6,9,5,2,9,2,7,9,2,7,14.89,19.15,21.28,19.15,14.89,10.64,11.63,23.26,16.28,20.93,11.63,16.28,7,8,9,9,9,1,7,7,5,7,7,5,7,1,2,6,1,2,17.39,15.22,19.57,19.57,15.22,13.04,7,7,9,8,9,3,0,0,14.58,14.58,18.75,18.75,18.75,14.58,7,6,9,8,9
1,2,9,20,1,19,17,1,-0.01,0,29,2,20,15.56,20,15.56,11.11,17.78,1,7,8,8,9,9,10,6,6,2,26,8,4,3,1,1,4,1,7,8,6,9,9,6,4,2,7,6,9,5,2,9,2,7,9,2,7,14.89,19.15,21.28,19.15,14.89,10.64,11.63,23.26,16.28,20.93,11.63,16.28,7,8,9,9,9,1,7,8,7,7,7,7,7,6,2,6,1,2,17.39,15.22,19.57,19.57,15.22,13.04,7,7,9,8,9,3,0,0,14.58,14.58,18.75,18.75,18.75,14.58,7,6,9,8,9
1,2,9,20,7,5,18,0,0.23,0,28,2,16.36,16.36,18.18,18.18,16.36,14.55,0,4,7,8,5,10,7,5,5,2,26,8,4,3,1,1,4,1,7,8,6,9,9,6,4,2,7,6,9,5,2,9,2,7,9,2,7,14.89,19.15,21.28,19.15,14.89,10.64,11.63,23.26,16.28,20.93,11.63,16.28,7,8,9,9,9,1,7,7,8,4,6,6,5,3,2,6,1,2,17.39,15.22,19.57,19.57,15.22,13.04,7,7,9,8,9,3,0,0,14.58,14.58,18.75,18.75,18.75,14.58,7,6,9,8,9
1,2,9,20,10,8,19,1,0.17,0,27,3,14.29,18.37,18.37,16.33,18.37,14.29,1,7,6,8,7,8,7,7,7,2,26,8,4,3,1,1,4,1,7,8,6,9,9,6,4,2,7,6,9,5,2,9,2,7,9,2,7,14.89,19.15,21.28,19.15,14.89,10.64,11.63,23.26,16.28,20.93,11.63,16.28,7,8,9,9,9,1,6,8,7,7,8,6,6,5,2,6,1,2,17.39,15.22,19.57,19.57,15.22,13.04,7,7,9,8,9,3,0,0,14.58,14.58,18.75,18.75,18.75,14.58,7,6,9,8,9
1,2,9,20,8,6,20,0,0.28,0,25,3,15.52,17.24,17.24,17.24,17.24,15.52,0,6,9,9,7,9,6,7,6,2,26,8,4,3,1,1,4,1,7,8,6,9,9,6,4,2,7,6,9,5,2,9,2,7,9,2,7,14.89,19.15,21.28,19.15,14.89,10.64,11.63,23.26,16.28,20.93,11.63,16.28,7,8,9,9,9,0,4,8,4,5,4,6,6,6,2,6,1,2,17.39,15.22,19.57,19.57,15.22,13.04,7,7,9,8,9,3,0,0,14.58,14.58,18.75,18.75,18.75,14.58,7,6,9,8,9
1,2,9,20,2,9,1,0,-0.22,0,24,2,16,16,20,16,18,14,0,6,10,10,9,10,7,7,7,2,25,13,6,1,1,1,5,2,6,9,9,5,10,9,10,10,6,8,10,2,5,5,5,9,5,5,10,16.67,16.67,16.67,16.67,14.81,18.52,15.38,15.38,15.38,17.31,17.31,19.23,10,10,10,10,10,0,5,8,8,7,9,0,2,1,2,10,1,1,17.86,17.86,17.86,17.86,14.29,14.29,10,10,10,10,10,2,1,0,16.67,16.67,16.67,16.67,16.67,16.67,12,12,12,12,9
1,2,9,20,6,13,2,0,0.6,0,27,2,15.38,19.23,19.23,19.23,13.46,13.46,0,5,10,9,8,9,6,9,8,2,25,13,6,1,1,1,5,2,6,9,9,5,10,9,10,10,6,8,10,2,5,5,5,9,5,5,10,16.67,16.67,16.67,16.67,14.81,18.52,15.38,15.38,15.38,17.31,17.31,19.23,10,10,10,10,10,1,8,8,9,10,8,9,9,9,2,10,1,1,17.86,17.86,17.86,17.86,14.29,14.29,10,10,10,10,10,2,1,0,16.67,16.67,16.67,16.67,16.67,16.67,12,12,12,12,9
1,2,9,20,3,10,4,0,0.1,1,24,6,14,18,20,18,16,14,0,7,7,7,7,7,5,4,5,2,25,13,6,1,1,1,5,2,6,9,9,5,10,9,10,10,6,8,10,2,5,5,5,9,5,5,10,16.67,16.67,16.67,16.67,14.81,18.52,15.38,15.38,15.38,17.31,17.31,19.23,10,10,10,10,10,1,8,8,7,8,9,10,9,8,2,10,1,1,17.86,17.86,17.86,17.86,14.29,14.29,10,10,10,10,10,2,1,0,16.67,16.67,16.67,16.67,16.67,16.67,12,12,12,12,9
1,2,9,20,14,1,5,0,-0.24,0,23,4,15.38,19.23,17.31,19.23,9.62,19.23,0,3,2,8,4,5,4,2,2,2,25,13,6,1,1,1,5,2,6,9,9,5,10,9,10,10,6,8,10,2,5,5,5,9,5,5,10,16.67,16.67,16.67,16.67,14.81,18.52,15.38,15.38,15.38,17.31,17.31,19.23,10,10,10,10,10,0,8,8,8,9,8,8,7,7,2,10,1,1,17.86,17.86,17.86,17.86,14.29,14.29,10,10,10,10,10,2,1,0,16.67,16.67,16.67,16.67,16.67,16.67,12,12,12,12,9
1,2,9,20,19,6,6,0,0.23,0,30,2,17.5,17.5,20,12.5,20,12.5,0,2,10,8,10,8,7,8,9,2,25,13,6,1,1,1,5,2,6,9,9,5,10,9,10,10,6,8,10,2,5,5,5,9,5,5,10,16.67,16.67,16.67,16.67,14.81,18.52,15.38,15.38,15.38,17.31,17.31,19.23,10,10,10,10,10,0,8,6,7,6,7,2,2,8,2,10,1,1,17.86,17.86,17.86,17.86,14.29,14.29,10,10,10,10,10,2,1,0,16.67,16.67,16.67,16.67,16.67,16.67,12,12,12,12,9
1,2,9,20,9,16,8,0,0.13,0,25,2,15.38,17.31,17.31,17.31,17.31,15.38,0,3,8,8,3,8,3,4,3,2,25,13,6,1,1,1,5,2,6,9,9,5,10,9,10,10,6,8,10,2,5,5,5,9,5,5,10,16.67,16.67,16.67,16.67,14.81,18.52,15.38,15.38,15.38,17.31,17.31,19.23,10,10,10,10,10,1,10,10,10,10,10,10,10,10,2,10,1,1,17.86,17.86,17.86,17.86,14.29,14.29,10,10,10,10,10,2,1,0,16.67,16.67,16.67,16.67,16.67,16.67,12,12,12,12,9
1,2,9,20,12,19,9,0,-0.15,0,22,2,15.38,19.23,19.23,19.23,15.38,11.54,0,5,9,9,7,8,4,5,3,2,25,13,6,1,1,1,5,2,6,9,9,5,10,9,10,10,6,8,10,2,5,5,5,9,5,5,10,16.67,16.67,16.67,16.67,14.81,18.52,15.38,15.38,15.38,17.31,17.31,19.23,10,10,10,10,10,1,8,8,8,8,8,8,8,9,2,10,1,1,17.86,17.86,17.86,17.86,14.29,14.29,10,10,10,10,10,2,1,0,16.67,16.67,16.67,16.67,16.67,16.67,12,12,12,12,9
1,2,9,20,11,18,10,0,-0.52,0,22,2,16,20,18,20,18,8,0,3,9,9,7,9,6,7,8,2,25,13,6,1,1,1,5,2,6,9,9,5,10,9,10,10,6,8,10,2,5,5,5,9,5,5,10,16.67,16.67,16.67,16.67,14.81,18.52,15.38,15.38,15.38,17.31,17.31,19.23,10,10,10,10,10,1,9,9,9,8,8,9,9,9,2,10,1,1,17.86,17.86,17.86,17.86,14.29,14.29,10,10,10,10,10,2,1,0,16.67,16.67,16.67,16.67,16.67,16.67,12,12,12,12,9
1,2,9,20,17,4,11,0,0.4,0,26,2,19.61,15.69,17.65,15.69,17.65,13.73,0,4,7,9,6,8,8,7,8,2,25,13,6,1,1,1,5,2,6,9,9,5,10,9,10,10,6,8,10,2,5,5,5,9,5,5,10,16.67,16.67,16.67,16.67,14.81,18.52,15.38,15.38,15.38,17.31,17.31,19.23,10,10,10,10,10,0,7,8,8,8,10,7,8,7,2,10,1,1,17.86,17.86,17.86,17.86,14.29,14.29,10,10,10,10,10,2,1,0,16.67,16.67,16.67,16.67,16.67,16.67,12,12,12,12,9
1,2,9,20,13,20,12,1,0.52,0,23,2,15.38,17.31,19.23,19.23,11.54,17.31,1,8,8,8,7,6,6,7,7,2,25,13,6,1,1,1,5,2,6,9,9,5,10,9,10,10,6,8,10,2,5,5,5,9,5,5,10,16.67,16.67,16.67,16.67,14.81,18.52,15.38,15.38,15.38,17.31,17.31,19.23,10,10,10,10,10,1,8,10,10,10,10,10,10,9,2,10,1,1,17.86,17.86,17.86,17.86,14.29,14.29,10,10,10,10,10,2,1,0,16.67,16.67,16.67,16.67,16.67,16.67,12,12,12,12,9
1,2,9,20,16,3,13,1,0.49,0,31,1,14.58,16.67,20.83,18.75,16.67,12.5,1,9,10,10,10,9,9,10,9,1,25,13,6,1,1,1,5,2,6,9,9,5,10,9,10,10,6,8,10,2,5,5,5,9,5,5,10,16.67,16.67,16.67,16.67,14.81,18.52,15.38,15.38,15.38,17.31,17.31,19.23,10,10,10,10,10,1,10,10,10,10,10,10,10,10,1,10,1,1,17.86,17.86,17.86,17.86,14.29,14.29,10,10,10,10,10,2,1,0,16.67,16.67,16.67,16.67,16.67,16.67,12,12,12,12,9
1,2,9,20,4,11,14,0,-0.26,0,23,2,17.31,13.46,17.31,19.23,19.23,13.46,0,7,9,10,10,9,7,7,9,2,25,13,6,1,1,1,5,2,6,9,9,5,10,9,10,10,6,8,10,2,5,5,5,9,5,5,10,16.67,16.67,16.67,16.67,14.81,18.52,15.38,15.38,15.38,17.31,17.31,19.23,10,10,10,10,10,1,10,9,10,10,9,9,9,9,2,10,1,1,17.86,17.86,17.86,17.86,14.29,14.29,10,10,10,10,10,2,1,0,16.67,16.67,16.67,16.67,16.67,16.67,12,12,12,12,9
1,2,9,20,15,2,15,1,0.54,0,25,1,11.54,13.46,19.23,19.23,19.23,17.31,1,5,10,10,9,9,9,8,5,2,25,13,6,1,1,1,5,2,6,9,9,5,10,9,10,10,6,8,10,2,5,5,5,9,5,5,10,16.67,16.67,16.67,16.67,14.81,18.52,15.38,15.38,15.38,17.31,17.31,19.23,10,10,10,10,10,1,9,9,9,10,9,8,8,9,2,10,1,1,17.86,17.86,17.86,17.86,14.29,14.29,10,10,10,10,10,2,1,0,16.67,16.67,16.67,16.67,16.67,16.67,12,12,12,12,9
1,2,9,20,7,14,18,0,-0.27,0,28,2,16.36,16.36,18.18,18.18,16.36,14.55,0,6,10,10,6,10,10,6,7,1,25,13,6,1,1,1,5,2,6,9,9,5,10,9,10,10,6,8,10,2,5,5,5,9,5,5,10,16.67,16.67,16.67,16.67,14.81,18.52,15.38,15.38,15.38,17.31,17.31,19.23,10,10,10,10,10,1,10,10,10,10,10,10,10,10,1,10,1,1,17.86,17.86,17.86,17.86,14.29,14.29,10,10,10,10,10,2,1,0,16.67,16.67,16.67,16.67,16.67,16.67,12,12,12,12,9
1,2,9,20,10,17,19,0,0.03,0,27,3,14.29,18.37,18.37,16.33,18.37,14.29,0,6,6,7,6,6,5,5,6,2,25,13,6,1,1,1,5,2,6,9,9,5,10,9,10,10,6,8,10,2,5,5,5,9,5,5,10,16.67,16.67,16.67,16.67,14.81,18.52,15.38,15.38,15.38,17.31,17.31,19.23,10,10,10,10,10,0,6,8,9,9,8,9,9,9,2,10,1,1,17.86,17.86,17.86,17.86,14.29,14.29,10,10,10,10,10,2,1,0,16.67,16.67,16.67,16.67,16.67,16.67,12,12,12,12,9
1,2,9,20,8,15,20,0,-0.32,0,25,3,15.52,17.24,17.24,17.24,17.24,15.52,0,6,7,7,7,7,7,6,6,2,25,13,6,1,1,1,5,2,6,9,9,5,10,9,10,10,6,8,10,2,5,5,5,9,5,5,10,16.67,16.67,16.67,16.67,14.81,18.52,15.38,15.38,15.38,17.31,17.31,19.23,10,10,10,10,10,1,9,10,9,9,9,9,8,9,2,10,1,1,17.86,17.86,17.86,17.86,14.29,14.29,10,10,10,10,10,2,1,0,16.67,16.67,16.67,16.67,16.67,16.67,12,12,12,12,9
1,2,9,20,2,16,1,1,0.41,0,24,2,16,16,20,16,18,14,1,8,10,10,8,10,7,8,7,2,27,8,4,6,1,2,6,3,7,5,6,3,7,6,3,4,3,7,8,7,8,8,4,4,4,1,6,15.56,17.78,17.78,17.78,17.78,13.33,15.69,19.61,19.61,15.69,17.65,11.76,7,9,7,9,9,1,4,3,6,7,6,5,6,3,2,5,1,2,15.56,17.78,17.78,17.78,17.78,13.33,7,9,8,6,8,2,0,0,15.22,15.22,19.57,15.22,19.57,15.22,6,8,9,7,9
1,2,9,20,6,20,2,0,-0.21,0,27,2,15.38,19.23,19.23,19.23,13.46,13.46,0,7,8,7,7,8,6,7,5,2,27,8,4,6,1,2,6,3,7,5,6,3,7,6,3,4,3,7,8,7,8,8,4,4,4,1,6,15.56,17.78,17.78,17.78,17.78,13.33,15.69,19.61,19.61,15.69,17.65,11.76,7,9,7,9,9,1,7,8,8,8,5,5,7,5,2,5,1,2,15.56,17.78,17.78,17.78,17.78,13.33,7,9,8,6,8,2,0,0,15.22,15.22,19.57,15.22,19.57,15.22,6,8,9,7,9
1,2,9,20,3,17,4,0,0.12,0,24,6,14,18,20,18,16,14,0,7,7,7,7,7,4,4,5,2,27,8,4,6,1,2,6,3,7,5,6,3,7,6,3,4,3,7,8,7,8,8,4,4,4,1,6,15.56,17.78,17.78,17.78,17.78,13.33,15.69,19.61,19.61,15.69,17.65,11.76,7,9,7,9,9,1,7,6,7,6,6,5,7,6,2,5,1,2,15.56,17.78,17.78,17.78,17.78,13.33,7,9,8,6,8,2,0,0,15.22,15.22,19.57,15.22,19.57,15.22,6,8,9,7,9
1,2,9,20,14,8,5,0,0.05,1,23,4,15.38,19.23,17.31,19.23,9.62,19.23,0,3,5,6,4,5,5,3,3,2,27,8,4,6,1,2,6,3,7,5,6,3,7,6,3,4,3,7,8,7,8,8,4,4,4,1,6,15.56,17.78,17.78,17.78,17.78,13.33,15.69,19.61,19.61,15.69,17.65,11.76,7,9,7,9,9,0,3,5,6,3,7,3,3,6,2,5,1,2,15.56,17.78,17.78,17.78,17.78,13.33,7,9,8,6,8,2,0,0,15.22,15.22,19.57,15.22,19.57,15.22,6,8,9,7,9
1,2,9,20,19,13,6,1,0.29,0,30,2,17.5,17.5,20,12.5,20,12.5,1,5,10,9,6,9,2,8,9,2,27,8,4,6,1,2,6,3,7,5,6,3,7,6,3,4,3,7,8,7,8,8,4,4,4,1,6,15.56,17.78,17.78,17.78,17.78,13.33,15.69,19.61,19.61,15.69,17.65,11.76,7,9,7,9,9,1,8,6,7,7,8,3,8,4,2,5,1,2,15.56,17.78,17.78,17.78,17.78,13.33,7,9,8,6,8,2,0,0,15.22,15.22,19.57,15.22,19.57,15.22,6,8,9,7,9
1,2,9,20,12,6,9,0,0.49,0,22,2,15.38,19.23,19.23,19.23,15.38,11.54,0,6,9,9,7,8,5,6,4,2,27,8,4,6,1,2,6,3,7,5,6,3,7,6,3,4,3,7,8,7,8,8,4,4,4,1,6,15.56,17.78,17.78,17.78,17.78,13.33,15.69,19.61,19.61,15.69,17.65,11.76,7,9,7,9,9,1,8,8,8,7,7,3,8,2,2,5,1,2,15.56,17.78,17.78,17.78,17.78,13.33,7,9,8,6,8,2,0,0,15.22,15.22,19.57,15.22,19.57,15.22,6,8,9,7,9
1,2,9,20,17,11,11,0,0.02,0,26,2,19.61,15.69,17.65,15.69,17.65,13.73,0,4,7,9,5,6,6,6,7,2,27,8,4,6,1,2,6,3,7,5,6,3,7,6,3,4,3,7,8,7,8,8,4,4,4,1,6,15.56,17.78,17.78,17.78,17.78,13.33,15.69,19.61,19.61,15.69,17.65,11.76,7,9,7,9,9,0,4,5,6,6,7,3,4,7,2,5,1,2,15.56,17.78,17.78,17.78,17.78,13.33,7,9,8,6,8,2,0,0,15.22,15.22,19.57,15.22,19.57,15.22,6,8,9,7,9
1,2,9,20,13,7,12,1,0.22,0,23,2,15.38,17.31,19.23,19.23,11.54,17.31,1,8,8,8,8,8,6,7,7,2,27,8,4,6,1,2,6,3,7,5,6,3,7,6,3,4,3,7,8,7,8,8,4,4,4,1,6,15.56,17.78,17.78,17.78,17.78,13.33,15.69,19.61,19.61,15.69,17.65,11.76,7,9,7,9,9,1,5,5,7,6,6,3,5,2,2,5,1,2,15.56,17.78,17.78,17.78,17.78,13.33,7,9,8,6,8,2,0,0,15.22,15.22,19.57,15.22,19.57,15.22,6,8,9,7,9
1,2,9,20,16,10,13,1,0.29,0,31,1,14.58,16.67,20.83,18.75,16.67,12.5,1,8,7,8,6,7,5,7,7,2,27,8,4,6,1,2,6,3,7,5,6,3,7,6,3,4,3,7,8,7,8,8,4,4,4,1,6,15.56,17.78,17.78,17.78,17.78,13.33,15.69,19.61,19.61,15.69,17.65,11.76,7,9,7,9,9,1,6,6,7,7,7,5,7,5,2,5,1,2,15.56,17.78,17.78,17.78,17.78,13.33,7,9,8,6,8,2,0,0,15.22,15.22,19.57,15.22,19.57,15.22,6,8,9,7,9
1,2,9,20,4,18,14,0,0,0,23,2,17.31,13.46,17.31,19.23,19.23,13.46,0,6,7,9,6,7,6,6,8,2,27,8,4,6,1,2,6,3,7,5,6,3,7,6,3,4,3,7,8,7,8,8,4,4,4,1,6,15.56,17.78,17.78,17.78,17.78,13.33,15.69,19.61,19.61,15.69,17.65,11.76,7,9,7,9,9,1,8,7,7,9,9,5,9,3,2,5,1,2,15.56,17.78,17.78,17.78,17.78,13.33,7,9,8,6,8,2,0,0,15.22,15.22,19.57,15.22,19.57,15.22,6,8,9,7,9
1,2,9,20,15,9,15,0,-0.17,0,25,1,11.54,13.46,19.23,19.23,19.23,17.31,0,5,7,10,8,7,7,5,5,2,27,8,4,6,1,2,6,3,7,5,6,3,7,6,3,4,3,7,8,7,8,8,4,4,4,1,6,15.56,17.78,17.78,17.78,17.78,13.33,15.69,19.61,19.61,15.69,17.65,11.76,7,9,7,9,9,1,7,7,7,8,8,5,8,6,2,5,1,2,15.56,17.78,17.78,17.78,17.78,13.33,7,9,8,6,8,2,0,0,15.22,15.22,19.57,15.22,19.57,15.22,6,8,9,7,9
1,2,9,20,7,1,18,0,0.05,0,28,2,16.36,16.36,18.18,18.18,16.36,14.55,0,6,10,10,6,10,10,6,7,1,27,8,4,6,1,2,6,3,7,5,6,3,7,6,3,4,3,7,8,7,8,8,4,4,4,1,6,15.56,17.78,17.78,17.78,17.78,13.33,15.69,19.61,19.61,15.69,17.65,11.76,7,9,7,9,9,1,6,5,6,6,7,3,6,3,2,5,1,2,15.56,17.78,17.78,17.78,17.78,13.33,7,9,8,6,8,2,0,0,15.22,15.22,19.57,15.22,19.57,15.22,6,8,9,7,9
1,2,9,20,10,4,19,1,0.31,0,27,3,14.29,18.37,18.37,16.33,18.37,14.29,1,7,7,8,7,8,7,7,7,2,27,8,4,6,1,2,6,3,7,5,6,3,7,6,3,4,3,7,8,7,8,8,4,4,4,1,6,15.56,17.78,17.78,17.78,17.78,13.33,15.69,19.61,19.61,15.69,17.65,11.76,7,9,7,9,9,1,5,8,8,8,8,6,7,6,2,5,1,2,15.56,17.78,17.78,17.78,17.78,13.33,7,9,8,6,8,2,0,0,15.22,15.22,19.57,15.22,19.57,15.22,6,8,9,7,9
1,2,9,20,8,2,20,0,0.33,0,25,3,15.52,17.24,17.24,17.24,17.24,15.52,0,8,9,10,6,9,7,7,7,2,27,8,4,6,1,2,6,3,7,5,6,3,7,6,3,4,3,7,8,7,8,8,4,4,4,1,6,15.56,17.78,17.78,17.78,17.78,13.33,15.69,19.61,19.61,15.69,17.65,11.76,7,9,7,9,9,1,5,7,7,7,8,3,7,6,2,5,1,2,15.56,17.78,17.78,17.78,17.78,13.33,7,9,8,6,8,2,0,0,15.22,15.22,19.57,15.22,19.57,15.22,6,8,9,7,9
1,2,9,20,2,5,1,0,0.3,1,24,2,16,16,20,16,18,14,0,6,10,10,7,10,6,6,6,2,28,7,2,6,6,2,4,2,2,8,7,6,6,8,7,6,7,8,9,6,5,10,6,7,5,2,7,17.39,17.39,19.57,19.57,10.87,15.22,27.59,6.9,13.79,20.69,24.14,6.9,7,8,7,9,6,1,7,7,7,8,6,7,6,6,2,7,3,3,19.05,16.67,19.05,19.05,9.52,16.67,7,8,9,7,4,0,0,0,19.51,17.07,19.51,19.51,7.32,17.07,7,8,9,6,3
1,2,9,20,6,9,2,0,0.22,1,27,2,15.38,19.23,19.23,19.23,13.46,13.46,0,6,8,10,5,7,6,8,6,2,28,7,2,6,6,2,4,2,2,8,7,6,6,8,7,6,7,8,9,6,5,10,6,7,5,2,7,17.39,17.39,19.57,19.57,10.87,15.22,27.59,6.9,13.79,20.69,24.14,6.9,7,8,7,9,6,1,6,8,6,7,6,5,5,7,2,7,3,3,19.05,16.67,19.05,19.05,9.52,16.67,7,8,9,7,4,0,0,0,19.51,17.07,19.51,19.51,7.32,17.07,7,8,9,6,3
1,2,9,20,14,17,5,0,-0.45,0,23,4,15.38,19.23,17.31,19.23,9.62,19.23,0,4,4,4,4,4,5,4,3,2,28,7,2,6,6,2,4,2,2,8,7,6,6,8,7,6,7,8,9,6,5,10,6,7,5,2,7,17.39,17.39,19.57,19.57,10.87,15.22,27.59,6.9,13.79,20.69,24.14,6.9,7,8,7,9,6,0,6,8,8,3,4,5,4,4,2,7,3,3,19.05,16.67,19.05,19.05,9.52,16.67,7,8,9,7,4,0,0,0,19.51,17.07,19.51,19.51,7.32,17.07,7,8,9,6,3
1,2,9,20,19,2,6,0,0.29,1,30,2,17.5,17.5,20,12.5,20,12.5,0,2,10,10,5,10,10,9,8,2,28,7,2,6,6,2,4,2,2,8,7,6,6,8,7,6,7,8,9,6,5,10,6,7,5,2,7,17.39,17.39,19.57,19.57,10.87,15.22,27.59,6.9,13.79,20.69,24.14,6.9,7,8,7,9,6,1,9,7,8,7,5,8,7,6,2,7,3,3,19.05,16.67,19.05,19.05,9.52,16.67,7,8,9,7,4,0,0,0,19.51,17.07,19.51,19.51,7.32,17.07,7,8,9,6,3
1,2,9,20,12,15,9,0,0.2,1,22,2,15.38,19.23,19.23,19.23,15.38,11.54,0,8,9,9,8,8,8,7,5,2,28,7,2,6,6,2,4,2,2,8,7,6,6,8,7,6,7,8,9,6,5,10,6,7,5,2,7,17.39,17.39,19.57,19.57,10.87,15.22,27.59,6.9,13.79,20.69,24.14,6.9,7,8,7,9,6,1,6,7,7,7,7,6,5,7,2,7,3,3,19.05,16.67,19.05,19.05,9.52,16.67,7,8,9,7,4,0,0,0,19.51,17.07,19.51,19.51,7.32,17.07,7,8,9,6,3
1,2,9,20,17,20,11,0,0.14,1,26,2,19.61,15.69,17.65,15.69,17.65,13.73,0,6,6,7,6,7,6,6,7,2,28,7,2,6,6,2,4,2,2,8,7,6,6,8,7,6,7,8,9,6,5,10,6,7,5,2,7,17.39,17.39,19.57,19.57,10.87,15.22,27.59,6.9,13.79,20.69,24.14,6.9,7,8,7,9,6,1,8,8,8,8,7,2,6,5,2,7,3,3,19.05,16.67,19.05,19.05,9.52,16.67,7,8,9,7,4,0,0,0,19.51,17.07,19.51,19.51,7.32,17.07,7,8,9,6,3
1,2,9,20,13,16,12,0,0.56,1,23,2,15.38,17.31,19.23,19.23,11.54,17.31,0,6,7,6,4,4,4,4,2,2,28,7,2,6,6,2,4,2,2,8,7,6,6,8,7,6,7,8,9,6,5,10,6,7,5,2,7,17.39,17.39,19.57,19.57,10.87,15.22,27.59,6.9,13.79,20.69,24.14,6.9,7,8,7,9,6,1,8,8,8,8,7,7,8,5,2,7,3,3,19.05,16.67,19.05,19.05,9.52,16.67,7,8,9,7,4,0,0,0,19.51,17.07,19.51,19.51,7.32,17.07,7,8,9,6,3
1,2,9,20,16,19,13,1,0.31,0,31,1,14.58,16.67,20.83,18.75,16.67,12.5,1,8,8,8,5,5,5,7,5,2,28,7,2,6,6,2,4,2,2,8,7,6,6,8,7,6,7,8,9,6,5,10,6,7,5,2,7,17.39,17.39,19.57,19.57,10.87,15.22,27.59,6.9,13.79,20.69,24.14,6.9,7,8,7,9,6,1,10,9,10,8,9,6,7,3,2,7,3,3,19.05,16.67,19.05,19.05,9.52,16.67,7,8,9,7,4,0,0,0,19.51,17.07,19.51,19.51,7.32,17.07,7,8,9,6,3
1,2,9,20,4,7,14,0,-0.25,1,23,2,17.31,13.46,17.31,19.23,19.23,13.46,0,3,8,7,3,7,3,4,9,2,28,7,2,6,6,2,4,2,2,8,7,6,6,8,7,6,7,8,9,6,5,10,6,7,5,2,7,17.39,17.39,19.57,19.57,10.87,15.22,27.59,6.9,13.79,20.69,24.14,6.9,7,8,7,9,6,1,10,7,6,8,10,5,7,4,2,7,3,3,19.05,16.67,19.05,19.05,9.52,16.67,7,8,9,7,4,0,0,0,19.51,17.07,19.51,19.51,7.32,17.07,7,8,9,6,3
1,2,9,20,7,10,18,0,-0.14,1,28,2,16.36,16.36,18.18,18.18,16.36,14.55,0,5,10,9,6,9,7,6,6,2,28,7,2,6,6,2,4,2,2,8,7,6,6,8,7,6,7,8,9,6,5,10,6,7,5,2,7,17.39,17.39,19.57,19.57,10.87,15.22,27.59,6.9,13.79,20.69,24.14,6.9,7,8,7,9,6,0,9,8,9,2,7,2,6,3,2,7,3,3,19.05,16.67,19.05,19.05,9.52,16.67,7,8,9,7,4,0,0,0,19.51,17.07,19.51,19.51,7.32,17.07,7,8,9,6,3
1,2,9,20,10,13,19,0,0.12,0,27,3,14.29,18.37,18.37,16.33,18.37,14.29,0,6,7,8,7,8,6,6,6,2,28,7,2,6,6,2,4,2,2,8,7,6,6,8,7,6,7,8,9,6,5,10,6,7,5,2,7,17.39,17.39,19.57,19.57,10.87,15.22,27.59,6.9,13.79,20.69,24.14,6.9,7,8,7,9,6,1,9,7,8,8,7,5,7,3,2,7,3,3,19.05,16.67,19.05,19.05,9.52,16.67,7,8,9,7,4,0,0,0,19.51,17.07,19.51,19.51,7.32,17.07,7,8,9,6,3
1,2,9,20,8,11,20,0,0.13,0,25,3,15.52,17.24,17.24,17.24,17.24,15.52,0,7,8,8,8,7,7,7,5,2,28,7,2,6,6,2,4,2,2,8,7,6,6,8,7,6,7,8,9,6,5,10,6,7,5,2,7,17.39,17.39,19.57,19.57,10.87,15.22,27.59,6.9,13.79,20.69,24.14,6.9,7,8,7,9,6,1,8,7,8,7,8,6,7,4,2,7,3,3,19.05,16.67,19.05,19.05,9.52,16.67,7,8,9,7,4,0,0,0,19.51,17.07,19.51,19.51,7.32,17.07,7,8,9,6,3
1,2,9,20,2,2,1,0,-0.07,1,24,2,16,16,20,16,18,14,1,10,8,8,8,8,7,7,6,2,23,8,2,1,3,2,3,1,6,10,7,8,6,7,7,3,2,8,4,5,6,7,4,9,2,4,3,25.64,17.95,15.38,20.51,10.26,10.26,19.05,16.67,19.05,11.9,19.05,14.29,10,10,10,10,10,0,4,5,5,4,5,4,4,7,2,6,3,2,25,15,17.5,20,12.5,10,9,9,9,9,8,0,1,1,25,15,17.5,17.5,12.5,12.5,9,8,8,7,8
1,2,9,20,6,6,2,0,-0.04,1,27,2,15.38,19.23,19.23,19.23,13.46,13.46,1,10,9,9,8,9,6,7,7,2,23,8,2,1,3,2,3,1,6,10,7,8,6,7,7,3,2,8,4,5,6,7,4,9,2,4,3,25.64,17.95,15.38,20.51,10.26,10.26,19.05,16.67,19.05,11.9,19.05,14.29,10,10,10,10,10,0,6,7,7,8,6,6,6,7,2,6,3,2,25,15,17.5,20,12.5,10,9,9,9,9,8,0,1,1,25,15,17.5,17.5,12.5,12.5,9,8,8,7,8
1,2,9,20,5,5,3,0,-0.2,0,25,4,17.65,17.65,17.65,15.69,15.69,15.69,0,5,4,5,5,5,3,3,5,2,23,8,2,1,3,2,3,1,6,10,7,8,6,7,7,3,2,8,4,5,6,7,4,9,2,4,3,25.64,17.95,15.38,20.51,10.26,10.26,19.05,16.67,19.05,11.9,19.05,14.29,10,10,10,10,10,0,5,8,7,4,6,5,6,7,2,6,3,2,25,15,17.5,20,12.5,10,9,9,9,9,8,0,1,1,25,15,17.5,17.5,12.5,12.5,9,8,8,7,8
1,2,9,20,3,3,4,0,-0.02,0,24,6,14,18,20,18,16,14,0,7,8,8,8,8,2,6,5,2,23,8,2,1,3,2,3,1,6,10,7,8,6,7,7,3,2,8,4,5,6,7,4,9,2,4,3,25.64,17.95,15.38,20.51,10.26,10.26,19.05,16.67,19.05,11.9,19.05,14.29,10,10,10,10,10,1,8,8,8,8,7,7,8,8,2,6,3,2,25,15,17.5,20,12.5,10,9,9,9,9,8,0,1,1,25,15,17.5,17.5,12.5,12.5,9,8,8,7,8
1,2,9,20,14,14,5,0,-0.07,0,23,4,15.38,19.23,17.31,19.23,9.62,19.23,0,8,7,7,6,6,6,6,4,2,23,8,2,1,3,2,3,1,6,10,7,8,6,7,7,3,2,8,4,5,6,7,4,9,2,4,3,25.64,17.95,15.38,20.51,10.26,10.26,19.05,16.67,19.05,11.9,19.05,14.29,10,10,10,10,10,0,3,7,6,3,6,3,4,2,2,6,3,2,25,15,17.5,20,12.5,10,9,9,9,9,8,0,1,1,25,15,17.5,17.5,12.5,12.5,9,8,8,7,8
1,2,9,20,19,19,6,1,0.45,1,30,2,17.5,17.5,20,12.5,20,12.5,1,8,7,8,8,8,3,8,6,2,23,8,2,1,3,2,3,1,6,10,7,8,6,7,7,3,2,8,4,5,6,7,4,9,2,4,3,25.64,17.95,15.38,20.51,10.26,10.26,19.05,16.67,19.05,11.9,19.05,14.29,10,10,10,10,10,1,7,6,6,7,6,7,7,8,2,6,3,2,25,15,17.5,20,12.5,10,9,9,9,9,8,0,1,1,25,15,17.5,17.5,12.5,12.5,9,8,8,7,8
1,2,9,20,12,12,9,0,0.5,1,22,2,15.38,19.23,19.23,19.23,15.38,11.54,1,9,8,8,9,8,8,8,5,2,23,8,2,1,3,2,3,1,6,10,7,8,6,7,7,3,2,8,4,5,6,7,4,9,2,4,3,25.64,17.95,15.38,20.51,10.26,10.26,19.05,16.67,19.05,11.9,19.05,14.29,10,10,10,10,10,0,4,7,8,6,5,4,5,4,2,6,3,2,25,15,17.5,20,12.5,10,9,9,9,9,8,0,1,1,25,15,17.5,17.5,12.5,12.5,9,8,8,7,8
1,2,9,20,11,11,10,0,0.05,1,22,2,16,20,18,20,18,8,0,10,8,8,10,9,9,9,9,2,23,8,2,1,3,2,3,1,6,10,7,8,6,7,7,3,2,8,4,5,6,7,4,9,2,4,3,25.64,17.95,15.38,20.51,10.26,10.26,19.05,16.67,19.05,11.9,19.05,14.29,10,10,10,10,10,0,5,8,8,7,5,5,7,5,2,6,3,2,25,15,17.5,20,12.5,10,9,9,9,9,8,0,1,1,25,15,17.5,17.5,12.5,12.5,9,8,8,7,8
1,2,9,20,17,17,11,0,0.53,1,26,2,19.61,15.69,17.65,15.69,17.65,13.73,1,9,9,8,9,7,8,8,4,1,23,8,2,1,3,2,3,1,6,10,7,8,6,7,7,3,2,8,4,5,6,7,4,9,2,4,3,25.64,17.95,15.38,20.51,10.26,10.26,19.05,16.67,19.05,11.9,19.05,14.29,10,10,10,10,10,0,3,3,5,7,6,6,4,1,1,6,3,2,25,15,17.5,20,12.5,10,9,9,9,9,8,0,1,1,25,15,17.5,17.5,12.5,12.5,9,8,8,7,8
1,2,9,20,13,13,12,0,0.36,1,23,2,15.38,17.31,19.23,19.23,11.54,17.31,0,9,7,6,4,9,2,6,2,2,23,8,2,1,3,2,3,1,6,10,7,8,6,7,7,3,2,8,4,5,6,7,4,9,2,4,3,25.64,17.95,15.38,20.51,10.26,10.26,19.05,16.67,19.05,11.9,19.05,14.29,10,10,10,10,10,0,3,7,7,2,6,3,4,2,2,6,3,2,25,15,17.5,20,12.5,10,9,9,9,9,8,0,1,1,25,15,17.5,17.5,12.5,12.5,9,8,8,7,8
1,2,9,20,16,16,13,0,0.03,0,31,1,14.58,16.67,20.83,18.75,16.67,12.5,1,7,7,7,7,7,7,7,5,2,23,8,2,1,3,2,3,1,6,10,7,8,6,7,7,3,2,8,4,5,6,7,4,9,2,4,3,25.64,17.95,15.38,20.51,10.26,10.26,19.05,16.67,19.05,11.9,19.05,14.29,10,10,10,10,10,0,6,8,8,7,8,5,7,4,2,6,3,2,25,15,17.5,20,12.5,10,9,9,9,9,8,0,1,1,25,15,17.5,17.5,12.5,12.5,9,8,8,7,8
1,2,9,20,4,4,14,1,0.46,1,23,2,17.31,13.46,17.31,19.23,19.23,13.46,1,10,9,9,10,10,10,10,10,2,23,8,2,1,3,2,3,1,6,10,7,8,6,7,7,3,2,8,4,5,6,7,4,9,2,4,3,25.64,17.95,15.38,20.51,10.26,10.26,19.05,16.67,19.05,11.9,19.05,14.29,10,10,10,10,10,1,9,7,7,9,7,7,8,7,2,6,3,2,25,15,17.5,20,12.5,10,9,9,9,9,8,0,1,1,25,15,17.5,17.5,12.5,12.5,9,8,8,7,8
1,2,9,20,15,15,15,1,0.22,0,25,1,11.54,13.46,19.23,19.23,19.23,17.31,1,9,9,9,9,9,9,9,5,2,23,8,2,1,3,2,3,1,6,10,7,8,6,7,7,3,2,8,4,5,6,7,4,9,2,4,3,25.64,17.95,15.38,20.51,10.26,10.26,19.05,16.67,19.05,11.9,19.05,14.29,10,10,10,10,10,1,8,7,8,8,7,6,8,7,2,6,3,2,25,15,17.5,20,12.5,10,9,9,9,9,8,0,1,1,25,15,17.5,17.5,12.5,12.5,9,8,8,7,8
1,2,9,20,7,7,18,0,-0.13,1,28,2,16.36,16.36,18.18,18.18,16.36,14.55,1,10,8,8,9,9,6,9,7,2,23,8,2,1,3,2,3,1,6,10,7,8,6,7,7,3,2,8,4,5,6,7,4,9,2,4,3,25.64,17.95,15.38,20.51,10.26,10.26,19.05,16.67,19.05,11.9,19.05,14.29,10,10,10,10,10,0,6,8,8,7,9,7,7,6,2,6,3,2,25,15,17.5,20,12.5,10,9,9,9,9,8,0,1,1,25,15,17.5,17.5,12.5,12.5,9,8,8,7,8
1,2,9,20,10,10,19,1,0.2,0,27,3,14.29,18.37,18.37,16.33,18.37,14.29,1,8,7,8,7,8,6,7,7,2,23,8,2,1,3,2,3,1,6,10,7,8,6,7,7,3,2,8,4,5,6,7,4,9,2,4,3,25.64,17.95,15.38,20.51,10.26,10.26,19.05,16.67,19.05,11.9,19.05,14.29,10,10,10,10,10,1,8,7,8,8,7,7,8,7,2,6,3,2,25,15,17.5,20,12.5,10,9,9,9,9,8,0,1,1,25,15,17.5,17.5,12.5,12.5,9,8,8,7,8
1,2,9,20,8,8,20,0,0.34,0,25,3,15.52,17.24,17.24,17.24,17.24,15.52,1,9,8,10,8,9,7,8,6,2,23,8,2,1,3,2,3,1,6,10,7,8,6,7,7,3,2,8,4,5,6,7,4,9,2,4,3,25.64,17.95,15.38,20.51,10.26,10.26,19.05,16.67,19.05,11.9,19.05,14.29,10,10,10,10,10,0,6,7,6,7,6,6,6,9,2,6,3,2,25,15,17.5,20,12.5,10,9,9,9,9,8,0,1,1,25,15,17.5,17.5,12.5,12.5,9,8,8,7,8
1,2,9,20,2,19,1,0,0.57,1,24,2,16,16,20,16,18,14,1,10,8,7,7,9,6,7,5,2,26,8,2,7,7,2,6,3,7,7,7,7,10,9,7,2,6,5,10,8,8,9,5,7,5,1,5,20,16,18,16,16,14,15.69,15.69,17.65,15.69,17.65,17.65,7,10,8,10,10,0,4,6,6,5,5,5,4,4,2,5,1,2,19.61,17.65,17.65,15.69,15.69,13.73,7,9,10,8,10,0,0,0,20,18,18,16,14,14,7,9,9,8,9
1,2,9,20,6,3,2,0,-0.12,1,27,2,15.38,19.23,19.23,19.23,13.46,13.46,0,9,7,7,6,6,6,7,8,2,26,8,2,7,7,2,6,3,7,7,7,7,10,9,7,2,6,5,10,8,8,9,5,7,5,1,5,20,16,18,16,16,14,15.69,15.69,17.65,15.69,17.65,17.65,7,10,8,10,10,1,6,4,8,8,5,6,6,6,2,5,1,2,19.61,17.65,17.65,15.69,15.69,13.73,7,9,10,8,10,0,0,0,20,18,18,16,14,14,7,9,9,8,9
1,2,9,20,5,2,3,0,-0.1,0,25,4,17.65,17.65,17.65,15.69,15.69,15.69,0,5,5,4,2,3,3,3,5,2,26,8,2,7,7,2,6,3,7,7,7,7,10,9,7,2,6,5,10,8,8,9,5,7,5,1,5,20,16,18,16,16,14,15.69,15.69,17.65,15.69,17.65,17.65,7,10,8,10,10,0,5,7,7,6,5,3,3,4,2,5,1,2,19.61,17.65,17.65,15.69,15.69,13.73,7,9,10,8,10,0,0,0,20,18,18,16,14,14,7,9,9,8,9
1,2,9,20,3,20,4,0,0.46,0,24,6,14,18,20,18,16,14,0,7,7,7,7,7,3,5,4,2,26,8,2,7,7,2,6,3,7,7,7,7,10,9,7,2,6,5,10,8,8,9,5,7,5,1,5,20,16,18,16,16,14,15.69,15.69,17.65,15.69,17.65,17.65,7,10,8,10,10,1,7,7,7,7,7,7,7,5,2,5,1,2,19.61,17.65,17.65,15.69,15.69,13.73,7,9,10,8,10,0,0,0,20,18,18,16,14,14,7,9,9,8,9
1,2,9,20,14,11,5,0,-0.2,0,23,4,15.38,19.23,17.31,19.23,9.62,19.23,0,5,5,5,5,5,5,6,4,1,26,8,2,7,7,2,6,3,7,7,7,7,10,9,7,2,6,5,10,8,8,9,5,7,5,1,5,20,16,18,16,16,14,15.69,15.69,17.65,15.69,17.65,17.65,7,10,8,10,10,0,3,3,5,4,4,2,2,2,1,5,1,2,19.61,17.65,17.65,15.69,15.69,13.73,7,9,10,8,10,0,0,0,20,18,18,16,14,14,7,9,9,8,9
1,2,9,20,19,16,6,0,0.65,1,30,2,17.5,17.5,20,12.5,20,12.5,0,4,10,10,6,8,4,7,8,2,26,8,2,7,7,2,6,3,7,7,7,7,10,9,7,2,6,5,10,8,8,9,5,7,5,1,5,20,16,18,16,16,14,15.69,15.69,17.65,15.69,17.65,17.65,7,10,8,10,10,1,8,8,8,8,8,8,9,6,2,5,1,2,19.61,17.65,17.65,15.69,15.69,13.73,7,9,10,8,10,0,0,0,20,18,18,16,14,14,7,9,9,8,9
1,2,9,20,12,9,9,0,0.46,1,22,2,15.38,19.23,19.23,19.23,15.38,11.54,0,8,7,8,8,9,7,7,4,2,26,8,2,7,7,2,6,3,7,7,7,7,10,9,7,2,6,5,10,8,8,9,5,7,5,1,5,20,16,18,16,16,14,15.69,15.69,17.65,15.69,17.65,17.65,7,10,8,10,10,0,4,6,7,4,5,4,3,5,2,5,1,2,19.61,17.65,17.65,15.69,15.69,13.73,7,9,10,8,10,0,0,0,20,18,18,16,14,14,7,9,9,8,9
1,2,9,20,11,8,10,0,0.35,1,22,2,16,20,18,20,18,8,0,8,6,8,7,8,7,6,8,2,26,8,2,7,7,2,6,3,7,7,7,7,10,9,7,2,6,5,10,8,8,9,5,7,5,1,5,20,16,18,16,16,14,15.69,15.69,17.65,15.69,17.65,17.65,7,10,8,10,10,0,5,7,7,5,6,5,4,5,2,5,1,2,19.61,17.65,17.65,15.69,15.69,13.73,7,9,10,8,10,0,0,0,20,18,18,16,14,14,7,9,9,8,9
1,2,9,20,17,14,11,0,0.31,1,26,2,19.61,15.69,17.65,15.69,17.65,13.73,0,7,7,6,6,6,5,8,5,1,26,8,2,7,7,2,6,3,7,7,7,7,10,9,7,2,6,5,10,8,8,9,5,7,5,1,5,20,16,18,16,16,14,15.69,15.69,17.65,15.69,17.65,17.65,7,10,8,10,10,0,4,4,5,5,5,5,3,3,1,5,1,2,19.61,17.65,17.65,15.69,15.69,13.73,7,9,10,8,10,0,0,0,20,18,18,16,14,14,7,9,9,8,9
1,2,9,20,13,10,12,0,0.28,1,23,2,15.38,17.31,19.23,19.23,11.54,17.31,0,2,7,5,4,9,2,2,2,2,26,8,2,7,7,2,6,3,7,7,7,7,10,9,7,2,6,5,10,8,8,9,5,7,5,1,5,20,16,18,16,16,14,15.69,15.69,17.65,15.69,17.65,17.65,7,10,8,10,10,0,3,5,6,5,5,3,3,3,2,5,1,2,19.61,17.65,17.65,15.69,15.69,13.73,7,9,10,8,10,0,0,0,20,18,18,16,14,14,7,9,9,8,9
1,2,9,20,16,13,13,0,0.21,0,31,1,14.58,16.67,20.83,18.75,16.67,12.5,1,8,8,8,8,8,7,7,7,2,26,8,2,7,7,2,6,3,7,7,7,7,10,9,7,2,6,5,10,8,8,9,5,7,5,1,5,20,16,18,16,16,14,15.69,15.69,17.65,15.69,17.65,17.65,7,10,8,10,10,0,4,5,6,4,5,3,3,3,2,5,1,2,19.61,17.65,17.65,15.69,15.69,13.73,7,9,10,8,10,0,0,0,20,18,18,16,14,14,7,9,9,8,9
1,2,9,20,4,1,14,1,0.24,1,23,2,17.31,13.46,17.31,19.23,19.23,13.46,1,8,10,7,9,7,8,8,9,2,26,8,2,7,7,2,6,3,7,7,7,7,10,9,7,2,6,5,10,8,8,9,5,7,5,1,5,20,16,18,16,16,14,15.69,15.69,17.65,15.69,17.65,17.65,7,10,8,10,10,1,8,8,7,9,8,8,9,7,2,5,1,2,19.61,17.65,17.65,15.69,15.69,13.73,7,9,10,8,10,0,0,0,20,18,18,16,14,14,7,9,9,8,9
1,2,9,20,15,12,15,1,-0.15,0,25,1,11.54,13.46,19.23,19.23,19.23,17.31,1,8,9,9,9,9,9,9,9,2,26,8,2,7,7,2,6,3,7,7,7,7,10,9,7,2,6,5,10,8,8,9,5,7,5,1,5,20,16,18,16,16,14,15.69,15.69,17.65,15.69,17.65,17.65,7,10,8,10,10,1,8,8,8,8,8,7,8,6,2,5,1,2,19.61,17.65,17.65,15.69,15.69,13.73,7,9,10,8,10,0,0,0,20,18,18,16,14,14,7,9,9,8,9
1,2,9,20,1,18,17,0,0.25,1,29,2,20,15.56,20,15.56,11.11,17.78,0,6,6,5,9,5,5,5,5,2,26,8,2,7,7,2,6,3,7,7,7,7,10,9,7,2,6,5,10,8,8,9,5,7,5,1,5,20,16,18,16,16,14,15.69,15.69,17.65,15.69,17.65,17.65,7,10,8,10,10,0,5,8,7,7,7,6,5,4,2,5,1,2,19.61,17.65,17.65,15.69,15.69,13.73,7,9,10,8,10,0,0,0,20,18,18,16,14,14,7,9,9,8,9
1,2,9,20,7,4,18,0,0.56,1,28,2,16.36,16.36,18.18,18.18,16.36,14.55,1,7,6,8,8,10,2,8,7,2,26,8,2,7,7,2,6,3,7,7,7,7,10,9,7,2,6,5,10,8,8,9,5,7,5,1,5,20,16,18,16,16,14,15.69,15.69,17.65,15.69,17.65,17.65,7,10,8,10,10,0,6,6,6,5,5,5,5,4,2,5,1,2,19.61,17.65,17.65,15.69,15.69,13.73,7,9,10,8,10,0,0,0,20,18,18,16,14,14,7,9,9,8,9
1,2,9,20,10,7,19,0,0.12,0,27,3,14.29,18.37,18.37,16.33,18.37,14.29,1,8,7,8,7,8,6,7,6,2,26,8,2,7,7,2,6,3,7,7,7,7,10,9,7,2,6,5,10,8,8,9,5,7,5,1,5,20,16,18,16,16,14,15.69,15.69,17.65,15.69,17.65,17.65,7,10,8,10,10,0,6,8,8,6,6,6,6,6,2,5,1,2,19.61,17.65,17.65,15.69,15.69,13.73,7,9,10,8,10,0,0,0,20,18,18,16,14,14,7,9,9,8,9
1,2,9,20,8,5,20,1,0.51,0,25,3,15.52,17.24,17.24,17.24,17.24,15.52,1,8,8,10,9,10,8,8,7,2,26,8,2,7,7,2,6,3,7,7,7,7,10,9,7,2,6,5,10,8,8,9,5,7,5,1,5,20,16,18,16,16,14,15.69,15.69,17.65,15.69,17.65,17.65,7,10,8,10,10,1,6,8,8,7,7,7,6,6,2,5,1,2,19.61,17.65,17.65,15.69,15.69,13.73,7,9,10,8,10,0,0,0,20,18,18,16,14,14,7,9,9,8,9
1,2,9,20,2,17,1,0,0.33,1,24,2,16,16,20,16,18,14,1,8,9,8,6,7,7,7,6,2,28,10,2,7,1,1,6,3,7,8,5,7,7,1,1,5,3,3,8,5,1,5,2,6,1,1,3,21.43,16.67,21.43,16.67,11.9,11.9,15.22,19.57,15.22,17.39,21.74,10.87,8,7,5,10,10,0,1,5,5,3,5,3,5,3,2,4,1,3,22.73,15.91,22.73,15.91,11.36,11.36,8,8,10,5,10,2,0,0,17.39,21.74,21.74,10.87,17.39,10.87,9,7,12,5,9
1,2,9,20,6,1,2,1,0.49,1,27,2,15.38,19.23,19.23,19.23,13.46,13.46,1,8,8,9,9,8,6,7,9,2,28,10,2,7,1,1,6,3,7,8,5,7,7,1,1,5,3,3,8,5,1,5,2,6,1,1,3,21.43,16.67,21.43,16.67,11.9,11.9,15.22,19.57,15.22,17.39,21.74,10.87,8,7,5,10,10,1,8,9,7,9,5,5,7,7,2,4,1,3,22.73,15.91,22.73,15.91,11.36,11.36,8,8,10,5,10,2,0,0,17.39,21.74,21.74,10.87,17.39,10.87,9,7,12,5,9
1,2,9,20,3,18,4,0,0.04,0,24,6,14,18,20,18,16,14,0,7,7,7,7,7,4,4,5,2,28,10,2,7,1,1,6,3,7,8,5,7,7,1,1,5,3,3,8,5,1,5,2,6,1,1,3,21.43,16.67,21.43,16.67,11.9,11.9,15.22,19.57,15.22,17.39,21.74,10.87,8,7,5,10,10,0,4,8,8,5,4,3,3,3,2,4,1,3,22.73,15.91,22.73,15.91,11.36,11.36,8,8,10,5,10,2,0,0,17.39,21.74,21.74,10.87,17.39,10.87,9,7,12,5,9
1,2,9,20,14,9,5,0,-0.43,0,23,4,15.38,19.23,17.31,19.23,9.62,19.23,0,6,6,8,6,6,5,6,4,2,28,10,2,7,1,1,6,3,7,8,5,7,7,1,1,5,3,3,8,5,1,5,2,6,1,1,3,21.43,16.67,21.43,16.67,11.9,11.9,15.22,19.57,15.22,17.39,21.74,10.87,8,7,5,10,10,0,3,4,5,2,2,2,3,4,2,4,1,3,22.73,15.91,22.73,15.91,11.36,11.36,8,8,10,5,10,2,0,0,17.39,21.74,21.74,10.87,17.39,10.87,9,7,12,5,9
1,2,9,20,19,14,6,0,0.13,1,30,2,17.5,17.5,20,12.5,20,12.5,0,2,2,10,6,10,2,3,3,2,28,10,2,7,1,1,6,3,7,8,5,7,7,1,1,5,3,3,8,5,1,5,2,6,1,1,3,21.43,16.67,21.43,16.67,11.9,11.9,15.22,19.57,15.22,17.39,21.74,10.87,8,7,5,10,10,0,5,3,6,4,4,4,4,4,2,4,1,3,22.73,15.91,22.73,15.91,11.36,11.36,8,8,10,5,10,2,0,0,17.39,21.74,21.74,10.87,17.39,10.87,9,7,12,5,9
1,2,9,20,12,7,9,0,0.46,1,22,2,15.38,19.23,19.23,19.23,15.38,11.54,1,9,9,9,8,9,4,8,6,2,28,10,2,7,1,1,6,3,7,8,5,7,7,1,1,5,3,3,8,5,1,5,2,6,1,1,3,21.43,16.67,21.43,16.67,11.9,11.9,15.22,19.57,15.22,17.39,21.74,10.87,8,7,5,10,10,0,2,8,9,4,3,2,4,5,2,4,1,3,22.73,15.91,22.73,15.91,11.36,11.36,8,8,10,5,10,2,0,0,17.39,21.74,21.74,10.87,17.39,10.87,9,7,12,5,9
1,2,9,20,11,6,10,0,0.18,1,22,2,16,20,18,20,18,8,0,8,3,9,8,9,7,8,9,2,28,10,2,7,1,1,6,3,7,8,5,7,7,1,1,5,3,3,8,5,1,5,2,6,1,1,3,21.43,16.67,21.43,16.67,11.9,11.9,15.22,19.57,15.22,17.39,21.74,10.87,8,7,5,10,10,0,6,6,9,3,1,2,4,5,2,4,1,3,22.73,15.91,22.73,15.91,11.36,11.36,8,8,10,5,10,2,0,0,17.39,21.74,21.74,10.87,17.39,10.87,9,7,12,5,9
1,2,9,20,17,12,11,0,0.09,1,26,2,19.61,15.69,17.65,15.69,17.65,13.73,0,8,7,8,9,8,7,8,7,2,28,10,2,7,1,1,6,3,7,8,5,7,7,1,1,5,3,3,8,5,1,5,2,6,1,1,3,21.43,16.67,21.43,16.67,11.9,11.9,15.22,19.57,15.22,17.39,21.74,10.87,8,7,5,10,10,0,3,5,8,5,8,6,3,4,2,4,1,3,22.73,15.91,22.73,15.91,11.36,11.36,8,8,10,5,10,2,0,0,17.39,21.74,21.74,10.87,17.39,10.87,9,7,12,5,9
1,2,9,20,13,8,12,0,0.55,1,23,2,15.38,17.31,19.23,19.23,11.54,17.31,0,10,8,6,5,9,5,5,2,2,28,10,2,7,1,1,6,3,7,8,5,7,7,1,1,5,3,3,8,5,1,5,2,6,1,1,3,21.43,16.67,21.43,16.67,11.9,11.9,15.22,19.57,15.22,17.39,21.74,10.87,8,7,5,10,10,0,3,5,4,2,3,3,4,3,2,4,1,3,22.73,15.91,22.73,15.91,11.36,11.36,8,8,10,5,10,2,0,0,17.39,21.74,21.74,10.87,17.39,10.87,9,7,12,5,9
1,2,9,20,16,11,13,0,0.08,0,31,1,14.58,16.67,20.83,18.75,16.67,12.5,1,8,8,8,8,8,8,8,8,2,28,10,2,7,1,1,6,3,7,8,5,7,7,1,1,5,3,3,8,5,1,5,2,6,1,1,3,21.43,16.67,21.43,16.67,11.9,11.9,15.22,19.57,15.22,17.39,21.74,10.87,8,7,5,10,10,0,3,9,8,7,5,4,6,6,2,4,1,3,22.73,15.91,22.73,15.91,11.36,11.36,8,8,10,5,10,2,0,0,17.39,21.74,21.74,10.87,17.39,10.87,9,7,12,5,9
1,2,9,20,4,19,14,0,0.17,1,23,2,17.31,13.46,17.31,19.23,19.23,13.46,0,7,9,9,9,9,9,8,9,2,28,10,2,7,1,1,6,3,7,8,5,7,7,1,1,5,3,3,8,5,1,5,2,6,1,1,3,21.43,16.67,21.43,16.67,11.9,11.9,15.22,19.57,15.22,17.39,21.74,10.87,8,7,5,10,10,1,8,5,5,8,3,6,6,3,2,4,1,3,22.73,15.91,22.73,15.91,11.36,11.36,8,8,10,5,10,2,0,0,17.39,21.74,21.74,10.87,17.39,10.87,9,7,12,5,9
1,2,9,20,15,10,15,1,-0.11,0,25,1,11.54,13.46,19.23,19.23,19.23,17.31,1,8,8,8,8,8,8,8,5,2,28,10,2,7,1,1,6,3,7,8,5,7,7,1,1,5,3,3,8,5,1,5,2,6,1,1,3,21.43,16.67,21.43,16.67,11.9,11.9,15.22,19.57,15.22,17.39,21.74,10.87,8,7,5,10,10,1,6,8,7,5,6,3,7,5,2,4,1,3,22.73,15.91,22.73,15.91,11.36,11.36,8,8,10,5,10,2,0,0,17.39,21.74,21.74,10.87,17.39,10.87,9,7,12,5,9
1,2,9,20,7,2,18,0,0.01,1,28,2,16.36,16.36,18.18,18.18,16.36,14.55,0,7,8,9,7,10,4,7,6,2,28,10,2,7,1,1,6,3,7,8,5,7,7,1,1,5,3,3,8,5,1,5,2,6,1,1,3,21.43,16.67,21.43,16.67,11.9,11.9,15.22,19.57,15.22,17.39,21.74,10.87,8,7,5,10,10,0,6,5,5,5,5,5,3,3,2,4,1,3,22.73,15.91,22.73,15.91,11.36,11.36,8,8,10,5,10,2,0,0,17.39,21.74,21.74,10.87,17.39,10.87,9,7,12,5,9
1,2,9,20,10,5,19,0,0.04,0,27,3,14.29,18.37,18.37,16.33,18.37,14.29,1,7,7,9,8,9,7,8,7,2,28,10,2,7,1,1,6,3,7,8,5,7,7,1,1,5,3,3,8,5,1,5,2,6,1,1,3,21.43,16.67,21.43,16.67,11.9,11.9,15.22,19.57,15.22,17.39,21.74,10.87,8,7,5,10,10,0,4,8,7,4,4,3,5,4,2,4,1,3,22.73,15.91,22.73,15.91,11.36,11.36,8,8,10,5,10,2,0,0,17.39,21.74,21.74,10.87,17.39,10.87,9,7,12,5,9
1,2,9,20,8,3,20,0,0.05,0,25,3,15.52,17.24,17.24,17.24,17.24,15.52,0,8,9,10,8,10,7,7,7,2,28,10,2,7,1,1,6,3,7,8,5,7,7,1,1,5,3,3,8,5,1,5,2,6,1,1,3,21.43,16.67,21.43,16.67,11.9,11.9,15.22,19.57,15.22,17.39,21.74,10.87,8,7,5,10,10,1,6,8,5,8,5,7,5,5,2,4,1,3,22.73,15.91,22.73,15.91,11.36,11.36,8,8,10,5,10,2,0,0,17.39,21.74,21.74,10.87,17.39,10.87,9,7,12,5,9
1,2,9,20,2,6,1,0,-0.02,1,24,2,16,16,20,16,18,14,0,6,10,9,8,8,6,5,5,2,42,13,2,5,1,2,7,3,7,1,1,2,1,10,10,10,1,1,10,10,10,10,5,10,10,6,5,23.81,23.81,23.81,23.81,2.38,2.38,16.67,16.67,16.67,16.67,16.67,16.67,6,6,6,6,6,0,3,5,5,2,2,2,2,1,2,7,1,3,23.08,20.51,20.51,15.38,7.69,12.82,7,7,7,7,4,3,2,0,18.92,21.62,21.62,16.22,10.81,10.81,7,7,8,7,4
1,2,9,20,6,10,2,0,-0.43,1,27,2,15.38,19.23,19.23,19.23,13.46,13.46,0,6,7,6,6,6,5,5,8,2,42,13,2,5,1,2,7,3,7,1,1,2,1,10,10,10,1,1,10,10,10,10,5,10,10,6,5,23.81,23.81,23.81,23.81,2.38,2.38,16.67,16.67,16.67,16.67,16.67,16.67,6,6,6,6,6,1,8,7,7,7,6,5,7,4,2,7,1,3,23.08,20.51,20.51,15.38,7.69,12.82,7,7,7,7,4,3,2,0,18.92,21.62,21.62,16.22,10.81,10.81,7,7,8,7,4
1,2,9,20,3,7,4,0,0.35,0,24,6,14,18,20,18,16,14,0,7,7,7,6,7,3,4,5,2,42,13,2,5,1,2,7,3,7,1,1,2,1,10,10,10,1,1,10,10,10,10,5,10,10,6,5,23.81,23.81,23.81,23.81,2.38,2.38,16.67,16.67,16.67,16.67,16.67,16.67,6,6,6,6,6,1,7,6,7,6,5,5,6,4,2,7,1,3,23.08,20.51,20.51,15.38,7.69,12.82,7,7,7,7,4,3,2,0,18.92,21.62,21.62,16.22,10.81,10.81,7,7,8,7,4
1,2,9,20,14,18,5,0,0.4,0,23,4,15.38,19.23,17.31,19.23,9.62,19.23,0,5,5,5,5,5,6,5,6,2,42,13,2,5,1,2,7,3,7,1,1,2,1,10,10,10,1,1,10,10,10,10,5,10,10,6,5,23.81,23.81,23.81,23.81,2.38,2.38,16.67,16.67,16.67,16.67,16.67,16.67,6,6,6,6,6,1,9,8,8,7,5,6,7,4,2,7,1,3,23.08,20.51,20.51,15.38,7.69,12.82,7,7,7,7,4,3,2,0,18.92,21.62,21.62,16.22,10.81,10.81,7,7,8,7,4
1,2,9,20,19,3,6,0,0.1,1,30,2,17.5,17.5,20,12.5,20,12.5,0,2,4,4,4,10,4,2,8,2,42,13,2,5,1,2,7,3,7,1,1,2,1,10,10,10,1,1,10,10,10,10,5,10,10,6,5,23.81,23.81,23.81,23.81,2.38,2.38,16.67,16.67,16.67,16.67,16.67,16.67,6,6,6,6,6,1,8,6,6,5,5,6,7,3,2,7,1,3,23.08,20.51,20.51,15.38,7.69,12.82,7,7,7,7,4,3,2,0,18.92,21.62,21.62,16.22,10.81,10.81,7,7,8,7,4
1,2,9,20,9,13,8,1,-0.83,1,25,2,15.38,17.31,17.31,17.31,17.31,15.38,1,8,8,8,9,9,8,8,8,2,42,13,2,5,1,2,7,3,7,1,1,2,1,10,10,10,1,1,10,10,10,10,5,10,10,6,5,23.81,23.81,23.81,23.81,2.38,2.38,16.67,16.67,16.67,16.67,16.67,16.67,6,6,6,6,6,1,9,8,9,9,5,5,7,4,2,7,1,3,23.08,20.51,20.51,15.38,7.69,12.82,7,7,7,7,4,3,2,0,18.92,21.62,21.62,16.22,10.81,10.81,7,7,8,7,4
1,2,9,20,12,16,9,0,0.04,1,22,2,15.38,19.23,19.23,19.23,15.38,11.54,0,5,9,8,8,8,5,5,6,2,42,13,2,5,1,2,7,3,7,1,1,2,1,10,10,10,1,1,10,10,10,10,5,10,10,6,5,23.81,23.81,23.81,23.81,2.38,2.38,16.67,16.67,16.67,16.67,16.67,16.67,6,6,6,6,6,0,7,6,7,5,5,3,3,2,2,7,1,3,23.08,20.51,20.51,15.38,7.69,12.82,7,7,7,7,4,3,2,0,18.92,21.62,21.62,16.22,10.81,10.81,7,7,8,7,4
1,2,9,20,11,15,10,0,0.36,1,22,2,16,20,18,20,18,8,0,4,6,6,7,7,3,3,5,2,42,13,2,5,1,2,7,3,7,1,1,2,1,10,10,10,1,1,10,10,10,10,5,10,10,6,5,23.81,23.81,23.81,23.81,2.38,2.38,16.67,16.67,16.67,16.67,16.67,16.67,6,6,6,6,6,1,7,7,8,7,5,4,7,3,2,7,1,3,23.08,20.51,20.51,15.38,7.69,12.82,7,7,7,7,4,3,2,0,18.92,21.62,21.62,16.22,10.81,10.81,7,7,8,7,4
1,2,9,20,17,1,11,0,0.01,1,26,2,19.61,15.69,17.65,15.69,17.65,13.73,0,6,8,7,7,6,6,7,9,2,42,13,2,5,1,2,7,3,7,1,1,2,1,10,10,10,1,1,10,10,10,10,5,10,10,6,5,23.81,23.81,23.81,23.81,2.38,2.38,16.67,16.67,16.67,16.67,16.67,16.67,6,6,6,6,6,0,5,8,8,7,7,3,3,3,2,7,1,3,23.08,20.51,20.51,15.38,7.69,12.82,7,7,7,7,4,3,2,0,18.92,21.62,21.62,16.22,10.81,10.81,7,7,8,7,4
1,2,9,20,13,17,12,0,0.08,1,23,2,15.38,17.31,19.23,19.23,11.54,17.31,0,5,5,6,2,9,3,3,4,2,42,13,2,5,1,2,7,3,7,1,1,2,1,10,10,10,1,1,10,10,10,10,5,10,10,6,5,23.81,23.81,23.81,23.81,2.38,2.38,16.67,16.67,16.67,16.67,16.67,16.67,6,6,6,6,6,1,6,8,8,8,5,6,7,5,2,7,1,3,23.08,20.51,20.51,15.38,7.69,12.82,7,7,7,7,4,3,2,0,18.92,21.62,21.62,16.22,10.81,10.81,7,7,8,7,4
1,2,9,20,16,20,13,1,0.09,0,31,1,14.58,16.67,20.83,18.75,16.67,12.5,1,7,7,7,7,7,7,6,5,2,42,13,2,5,1,2,7,3,7,1,1,2,1,10,10,10,1,1,10,10,10,10,5,10,10,6,5,23.81,23.81,23.81,23.81,2.38,2.38,16.67,16.67,16.67,16.67,16.67,16.67,6,6,6,6,6,1,6,8,9,8,7,7,6,5,2,7,1,3,23.08,20.51,20.51,15.38,7.69,12.82,7,7,7,7,4,3,2,0,18.92,21.62,21.62,16.22,10.81,10.81,7,7,8,7,4
1,2,9,20,4,8,14,0,-0.19,1,23,2,17.31,13.46,17.31,19.23,19.23,13.46,0,4,7,6,4,4,4,4,9,2,42,13,2,5,1,2,7,3,7,1,1,2,1,10,10,10,1,1,10,10,10,10,5,10,10,6,5,23.81,23.81,23.81,23.81,2.38,2.38,16.67,16.67,16.67,16.67,16.67,16.67,6,6,6,6,6,1,9,7,7,7,6,7,8,5,2,7,1,3,23.08,20.51,20.51,15.38,7.69,12.82,7,7,7,7,4,3,2,0,18.92,21.62,21.62,16.22,10.81,10.81,7,7,8,7,4
1,2,9,20,15,19,15,1,0.31,0,25,1,11.54,13.46,19.23,19.23,19.23,17.31,1,9,9,9,9,9,9,9,9,2,42,13,2,5,1,2,7,3,7,1,1,2,1,10,10,10,1,1,10,10,10,10,5,10,10,6,5,23.81,23.81,23.81,23.81,2.38,2.38,16.67,16.67,16.67,16.67,16.67,16.67,6,6,6,6,6,1,9,8,7,8,7,7,7,6,2,7,1,3,23.08,20.51,20.51,15.38,7.69,12.82,7,7,7,7,4,3,2,0,18.92,21.62,21.62,16.22,10.81,10.81,7,7,8,7,4
1,2,9,20,7,11,18,1,0.25,1,28,2,16.36,16.36,18.18,18.18,16.36,14.55,1,6,9,8,9,8,8,8,9,1,42,13,2,5,1,2,7,3,7,1,1,2,1,10,10,10,1,1,10,10,10,10,5,10,10,6,5,23.81,23.81,23.81,23.81,2.38,2.38,16.67,16.67,16.67,16.67,16.67,16.67,6,6,6,6,6,1,9,7,7,7,5,7,8,4,2,7,1,3,23.08,20.51,20.51,15.38,7.69,12.82,7,7,7,7,4,3,2,0,18.92,21.62,21.62,16.22,10.81,10.81,7,7,8,7,4
1,2,9,20,10,14,19,0,0.31,0,27,3,14.29,18.37,18.37,16.33,18.37,14.29,0,6,6,6,6,6,5,5,6,2,42,13,2,5,1,2,7,3,7,1,1,2,1,10,10,10,1,1,10,10,10,10,5,10,10,6,5,23.81,23.81,23.81,23.81,2.38,2.38,16.67,16.67,16.67,16.67,16.67,16.67,6,6,6,6,6,1,7,6,6,6,6,7,6,3,2,7,1,3,23.08,20.51,20.51,15.38,7.69,12.82,7,7,7,7,4,3,2,0,18.92,21.62,21.62,16.22,10.81,10.81,7,7,8,7,4
1,2,9,20,8,12,20,0,0.21,0,25,3,15.52,17.24,17.24,17.24,17.24,15.52,0,5,8,8,7,7,8,6,6,2,42,13,2,5,1,2,7,3,7,1,1,2,1,10,10,10,1,1,10,10,10,10,5,10,10,6,5,23.81,23.81,23.81,23.81,2.38,2.38,16.67,16.67,16.67,16.67,16.67,16.67,6,6,6,6,6,1,9,8,8,8,6,8,9,5,2,7,1,3,23.08,20.51,20.51,15.38,7.69,12.82,7,7,7,7,4,3,2,0,18.92,21.62,21.62,16.22,10.81,10.81,7,7,8,7,4
1,2,9,20,2,10,1,0,-0.44,1,24,2,16,16,20,16,18,14,0,5,10,9,6,7,6,5,7,2,31,13,2,4,7,2,5,4,9,5,5,9,8,7,8,9,3,8,7,4,6,8,7,7,3,5,4,17.78,17.78,17.78,17.78,13.33,15.56,19.15,17.02,17.02,17.02,14.89,14.89,8,8,8,8,6,0,5,5,5,4,3,5,5,2,2,8,1,3,16,20,16,20,14,14,8,9,8,8,7,1,0,0,16.33,18.37,18.37,18.37,14.29,14.29,8,9,8,8,6
1,2,9,20,6,14,2,0,0.29,1,27,2,15.38,19.23,19.23,19.23,13.46,13.46,0,5,6,7,4,6,4,5,7,2,31,13,2,4,7,2,5,4,9,5,5,9,8,7,8,9,3,8,7,4,6,8,7,7,3,5,4,17.78,17.78,17.78,17.78,13.33,15.56,19.15,17.02,17.02,17.02,14.89,14.89,8,8,8,8,6,1,7,8,8,8,6,7,7,6,2,8,1,3,16,20,16,20,14,14,8,9,8,8,7,1,0,0,16.33,18.37,18.37,18.37,14.29,14.29,8,9,8,8,6
1,2,9,20,3,11,4,1,0.13,0,24,6,14,18,20,18,16,14,1,10,10,10,10,10,10,10,1,1,31,13,2,4,7,2,5,4,9,5,5,9,8,7,8,9,3,8,7,4,6,8,7,7,3,5,4,17.78,17.78,17.78,17.78,13.33,15.56,19.15,17.02,17.02,17.02,14.89,14.89,8,8,8,8,6,1,10,10,9,10,8,8,9,7,1,8,1,3,16,20,16,20,14,14,8,9,8,8,7,1,0,0,16.33,18.37,18.37,18.37,14.29,14.29,8,9,8,8,6
1,2,9,20,14,2,5,0,0.03,0,23,4,15.38,19.23,17.31,19.23,9.62,19.23,0,4,4,4,4,4,2,2,1,2,31,13,2,4,7,2,5,4,9,5,5,9,8,7,8,9,3,8,7,4,6,8,7,7,3,5,4,17.78,17.78,17.78,17.78,13.33,15.56,19.15,17.02,17.02,17.02,14.89,14.89,8,8,8,8,6,0,3,6,5,4,4,2,3,1,2,8,1,3,16,20,16,20,14,14,8,9,8,8,7,1,0,0,16.33,18.37,18.37,18.37,14.29,14.29,8,9,8,8,6
1,2,9,20,19,7,6,0,0.37,1,30,2,17.5,17.5,20,12.5,20,12.5,0,2,9,7,2,7,2,2,3,2,31,13,2,4,7,2,5,4,9,5,5,9,8,7,8,9,3,8,7,4,6,8,7,7,3,5,4,17.78,17.78,17.78,17.78,13.33,15.56,19.15,17.02,17.02,17.02,14.89,14.89,8,8,8,8,6,1,6,5,6,6,6,6,6,5,2,8,1,3,16,20,16,20,14,14,8,9,8,8,7,1,0,0,16.33,18.37,18.37,18.37,14.29,14.29,8,9,8,8,6
1,2,9,20,12,20,9,0,0.2,1,22,2,15.38,19.23,19.23,19.23,15.38,11.54,0,7,9,9,7,9,6,7,6,2,31,13,2,4,7,2,5,4,9,5,5,9,8,7,8,9,3,8,7,4,6,8,7,7,3,5,4,17.78,17.78,17.78,17.78,13.33,15.56,19.15,17.02,17.02,17.02,14.89,14.89,8,8,8,8,6,1,6,7,7,7,7,6,5,4,2,8,1,3,16,20,16,20,14,14,8,9,8,8,7,1,0,0,16.33,18.37,18.37,18.37,14.29,14.29,8,9,8,8,6
1,2,9,20,17,5,11,0,0.23,1,26,2,19.61,15.69,17.65,15.69,17.65,13.73,0,6,8,8,5,6,6,6,9,2,31,13,2,4,7,2,5,4,9,5,5,9,8,7,8,9,3,8,7,4,6,8,7,7,3,5,4,17.78,17.78,17.78,17.78,13.33,15.56,19.15,17.02,17.02,17.02,14.89,14.89,8,8,8,8,6,1,6,7,6,7,6,6,6,6,2,8,1,3,16,20,16,20,14,14,8,9,8,8,7,1,0,0,16.33,18.37,18.37,18.37,14.29,14.29,8,9,8,8,6
1,2,9,20,13,1,12,0,0.68,1,23,2,15.38,17.31,19.23,19.23,11.54,17.31,0,6,8,6,6,8,8,6,6,2,31,13,2,4,7,2,5,4,9,5,5,9,8,7,8,9,3,8,7,4,6,8,7,7,3,5,4,17.78,17.78,17.78,17.78,13.33,15.56,19.15,17.02,17.02,17.02,14.89,14.89,8,8,8,8,6,1,8,9,8,8,8,7,8,6,2,8,1,3,16,20,16,20,14,14,8,9,8,8,7,1,0,0,16.33,18.37,18.37,18.37,14.29,14.29,8,9,8,8,6
1,2,9,20,4,12,14,0,-0.33,1,23,2,17.31,13.46,17.31,19.23,19.23,13.46,0,4,6,6,4,4,4,3,8,2,31,13,2,4,7,2,5,4,9,5,5,9,8,7,8,9,3,8,7,4,6,8,7,7,3,5,4,17.78,17.78,17.78,17.78,13.33,15.56,19.15,17.02,17.02,17.02,14.89,14.89,8,8,8,8,6,1,8,7,7,8,8,7,7,5,2,8,1,3,16,20,16,20,14,14,8,9,8,8,7,1,0,0,16.33,18.37,18.37,18.37,14.29,14.29,8,9,8,8,6
1,2,9,20,15,3,15,0,0.53,0,25,1,11.54,13.46,19.23,19.23,19.23,17.31,0,5,9,9,7,8,7,6,5,2,31,13,2,4,7,2,5,4,9,5,5,9,8,7,8,9,3,8,7,4,6,8,7,7,3,5,4,17.78,17.78,17.78,17.78,13.33,15.56,19.15,17.02,17.02,17.02,14.89,14.89,8,8,8,8,6,1,7,7,8,8,8,6,6,4,2,8,1,3,16,20,16,20,14,14,8,9,8,8,7,1,0,0,16.33,18.37,18.37,18.37,14.29,14.29,8,9,8,8,6
1,2,9,20,7,15,18,0,-0.28,1,28,2,16.36,16.36,18.18,18.18,16.36,14.55,0,5,10,10,10,9,9,7,7,1,31,13,2,4,7,2,5,4,9,5,5,9,8,7,8,9,3,8,7,4,6,8,7,7,3,5,4,17.78,17.78,17.78,17.78,13.33,15.56,19.15,17.02,17.02,17.02,14.89,14.89,8,8,8,8,6,1,9,8,8,7,8,7,6,3,1,8,1,3,16,20,16,20,14,14,8,9,8,8,7,1,0,0,16.33,18.37,18.37,18.37,14.29,14.29,8,9,8,8,6
1,2,9,20,10,18,19,0,0.38,0,27,3,14.29,18.37,18.37,16.33,18.37,14.29,0,6,6,7,6,6,6,6,6,2,31,13,2,4,7,2,5,4,9,5,5,9,8,7,8,9,3,8,7,4,6,8,7,7,3,5,4,17.78,17.78,17.78,17.78,13.33,15.56,19.15,17.02,17.02,17.02,14.89,14.89,8,8,8,8,6,1,10,9,9,10,8,7,8,5,2,8,1,3,16,20,16,20,14,14,8,9,8,8,7,1,0,0,16.33,18.37,18.37,18.37,14.29,14.29,8,9,8,8,6
1,2,9,20,8,16,20,0,0.14,0,25,3,15.52,17.24,17.24,17.24,17.24,15.52,0,6,7,7,7,7,7,7,6,2,31,13,2,4,7,2,5,4,9,5,5,9,8,7,8,9,3,8,7,4,6,8,7,7,3,5,4,17.78,17.78,17.78,17.78,13.33,15.56,19.15,17.02,17.02,17.02,14.89,14.89,8,8,8,8,6,1,8,9,9,9,8,8,8,6,2,8,1,3,16,20,16,20,14,14,8,9,8,8,7,1,0,0,16.33,18.37,18.37,18.37,14.29,14.29,8,9,8,8,6
0,1,10,9,8,4,2,0,0.46,0,28,2,20,20,20,10,10,20,0,6,8,9,8,9,3,3,2,2,22,3,6,1,5,3,7,3,2,5,3,10,10,9,5,2,1,4,9,5,6,5,5,9,7,4,5,20,20,20,10,10,20,75,1,1,3,10,10,7,7,8,8,10,1,7,8,8,7,9,5,7,4,0,5,1,3,20,15,20,20,15,10,8,9,9,9,10,0,0,0,15,10,20,20,15,20,9,10,9,8,10
0,1,10,9,8,3,6,0,0.23,1,27,6,25,15,20,20,15,5,0,5,7,8,6,7,3,7,4,2,22,3,6,1,5,3,7,3,2,5,3,10,10,9,5,2,1,4,9,5,6,5,5,9,7,4,5,20,20,20,10,10,20,75,1,1,3,10,10,7,7,8,8,10,0,5,6,6,8,6,2,6,3,0,5,1,3,20,15,20,20,15,10,8,9,9,9,10,0,0,0,15,10,20,20,15,20,9,10,9,8,10
0,1,10,9,8,5,7,0,0.3,1,33,6,22,22,15,15,5,21,1,9,9,8,9,7,9,9,8,2,22,3,6,1,5,3,7,3,2,5,3,10,10,9,5,2,1,4,9,5,6,5,5,9,7,4,5,20,20,20,10,10,20,75,1,1,3,10,10,7,7,8,8,10,0,4,8,7,8,9,8,7,5,0,5,1,3,20,15,20,20,15,10,8,9,9,9,10,0,0,0,15,10,20,20,15,20,9,10,9,8,10
0,1,10,9,8,1,8,0,0.66,1,25,6,20,20,20,20,10,10,0,5,10,6,7,7,4,5,6,2,22,3,6,1,5,3,7,3,2,5,3,10,10,9,5,2,1,4,9,5,6,5,5,9,7,4,5,20,20,20,10,10,20,75,1,1,3,10,10,7,7,8,8,10,1,7,5,8,5,8,7,5,3,0,5,1,3,20,15,20,20,15,10,8,9,9,9,10,0,0,0,15,10,20,20,15,20,9,10,9,8,10
0,1,10,9,1,6,2,0,0.01,1,28,2,20,20,20,10,10,20,1,9,9,7,8,8,5,6,4,2,23,9,2,3,1,1,4,3,2,1,3,3,10,9,10,2,1,7,7,1,9,9,6,10,10,7,5,15,15,20,20,20,10,25,10,10,25,10,20,6,9,9,8,9,0,6,7,7,6,7,6,6,4,0,3,1,3,15,20,20,20,15,10,6,9,8,8,8,0,1,1,15,20,15,20,15,15,7,9,8,8,8
0,1,10,9,1,8,3,0,0.43,1,32,2,18,10,30,10,10,22,0,7,6,6,5,4,4,6,4,2,23,9,2,3,1,1,4,3,2,1,3,3,10,9,10,2,1,7,7,1,9,9,6,10,10,7,5,15,15,20,20,20,10,25,10,10,25,10,20,6,9,9,8,9,0,2,6,8,4,8,3,3,2,0,3,1,3,15,20,20,20,15,10,6,9,8,8,8,0,1,1,15,20,15,20,15,15,7,9,8,8,8
0,1,10,9,1,2,5,0,-0.63,0,25,4,20,30,10,15,0,25,1,8,7,7,7,2,3,7,6,2,23,9,2,3,1,1,4,3,2,1,3,3,10,9,10,2,1,7,7,1,9,9,6,10,10,7,5,15,15,20,20,20,10,25,10,10,25,10,20,6,9,9,8,9,0,3,8,7,5,5,2,4,3,0,3,1,3,15,20,20,20,15,10,6,9,8,8,8,0,1,1,15,20,15,20,15,15,7,9,8,8,8
0,1,10,9,1,5,6,1,0.04,0,27,6,25,15,20,20,15,5,1,7,8,6,8,6,4,8,6,2,23,9,2,3,1,1,4,3,2,1,3,3,10,9,10,2,1,7,7,1,9,9,6,10,10,7,5,15,15,20,20,20,10,25,10,10,25,10,20,6,9,9,8,9,1,7,6,6,8,7,7,7,4,0,3,1,3,15,20,20,20,15,10,6,9,8,8,8,0,1,1,15,20,15,20,15,15,7,9,8,8,8
0,1,10,9,1,7,7,0,0.31,0,33,6,22,22,15,15,5,21,1,9,8,9,9,6,7,9,8,2,23,9,2,3,1,1,4,3,2,1,3,3,10,9,10,2,1,7,7,1,9,9,6,10,10,7,5,15,15,20,20,20,10,25,10,10,25,10,20,6,9,9,8,9,0,2,5,5,2,5,2,2,2,0,3,1,3,15,20,20,20,15,10,6,9,8,8,8,0,1,1,15,20,15,20,15,15,7,9,8,8,8
0,1,10,9,1,3,8,0,0.65,0,25,6,20,20,20,20,10,10,1,9,10,7,9,7,7,9,9,2,23,9,2,3,1,1,4,3,2,1,3,3,10,9,10,2,1,7,7,1,9,9,6,10,10,7,5,15,15,20,20,20,10,25,10,10,25,10,20,6,9,9,8,9,0,3,7,7,6,9,5,5,4,0,3,1,3,15,20,20,20,15,10,6,9,8,8,8,0,1,1,15,20,15,20,15,15,7,9,8,8,8
0,1,10,9,3,7,6,0,0.15,0,27,6,25,15,20,20,15,5,0,6,7,7,6,6,3,6,4,2,34,7,2,10,1,3,7,4,6,1,1,10,7,8,9,9,1,1,10,6,8,6,2,9,2,10,4,10,20,20,20,20,10,30,5,15,30,10,10,8,10,7,8,8,1,7,8,7,6,6,8,7,6,2,6,1,3,10,20,25,15,20,10,5,9,6,4,7,0,0,0,10,20,30,10,20,10,2,8,4,2,4
0,1,10,9,7,3,2,1,0.18,1,28,2,20,20,20,10,10,20,1,8,8,8,8,9,7,8,5,2,27,15,2,3,5,1,2,1,6,8,5,8,8,10,10,8,2,8,7,5,9,9,10,10,7,6,5,15,20,20,15,15,15,50,10,10,25,0,5,10,9,10,9,8,1,8,9,9,8,9,8,8,7,0,6,1,3,20,20,20,15,10,15,8,9,8,9,8,0,1,1,20,20,20,10,10,20,9,9,9,9,8
0,1,10,9,7,5,3,0,0.26,1,32,2,18,10,30,10,10,22,0,6,7,6,6,6,4,5,5,2,27,15,2,3,5,1,2,1,6,8,5,8,8,10,10,8,2,8,7,5,9,9,10,10,7,6,5,15,20,20,15,15,15,50,10,10,25,0,5,10,9,10,9,8,1,8,9,10,9,10,8,7,8,0,6,1,3,20,20,20,15,10,15,8,9,8,9,8,0,1,1,20,20,20,10,10,20,9,9,9,9,8
0,1,10,9,7,8,5,0,-0.14,0,25,4,20,30,10,15,0,25,1,6,7,7,6,5,3,6,5,2,27,15,2,3,5,1,2,1,6,8,5,8,8,10,10,8,2,8,7,5,9,9,10,10,7,6,5,15,20,20,15,15,15,50,10,10,25,0,5,10,9,10,9,8,0,5,8,8,5,7,5,6,6,0,6,1,3,20,20,20,15,10,15,8,9,8,9,8,0,1,1,20,20,20,10,10,20,9,9,9,9,8
0,1,10,9,7,2,6,0,0.14,0,27,6,25,15,20,20,15,5,0,6,8,7,7,6,3,7,5,2,27,15,2,3,5,1,2,1,6,8,5,8,8,10,10,8,2,8,7,5,9,9,10,10,7,6,5,15,20,20,15,15,15,50,10,10,25,0,5,10,9,10,9,8,1,9,8,9,8,9,7,8,7,0,6,1,3,20,20,20,15,10,15,8,9,8,9,8,0,1,1,20,20,20,10,10,20,9,9,9,9,8
0,1,10,9,7,4,7,0,0.2,0,33,6,22,22,15,15,5,21,1,9,9,8,9,8,9,9,8,1,27,15,2,3,5,1,2,1,6,8,5,8,8,10,10,8,2,8,7,5,9,9,10,10,7,6,5,15,20,20,15,15,15,50,10,10,25,0,5,10,9,10,9,8,0,6,8,9,8,10,6,7,6,0,6,1,3,20,20,20,15,10,15,8,9,8,9,8,0,1,1,20,20,20,10,10,20,9,9,9,9,8
0,1,10,9,7,9,8,1,0.81,0,25,6,20,20,20,20,10,10,1,8,8,8,9,7,8,8,9,2,27,15,2,3,5,1,2,1,6,8,5,8,8,10,10,8,2,8,7,5,9,9,10,10,7,6,5,15,20,20,15,15,15,50,10,10,25,0,5,10,9,10,9,8,1,9,8,9,9,10,10,9,8,0,6,1,3,20,20,20,15,10,15,8,9,8,9,8,0,1,1,20,20,20,10,10,20,9,9,9,9,8
0,1,10,9,7,7,9,0,0.03,0,33,6,19,19,19,19,19,5,0,5,8,7,4,8,8,5,6,2,27,15,2,3,5,1,2,1,6,8,5,8,8,10,10,8,2,8,7,5,9,9,10,10,7,6,5,15,20,20,15,15,15,50,10,10,25,0,5,10,9,10,9,8,0,6,8,8,6,7,6,6,6,0,6,1,3,20,20,20,15,10,15,8,9,8,9,8,0,1,1,20,20,20,10,10,20,9,9,9,9,8
0,1,10,9,6,2,2,0,0.66,1,28,2,20,20,20,10,10,20,0,6,8,9,3,6,3,3,2,2,34,10,2,6,6,2,6,3,7,3,3,5,8,8,7,8,1,6,9,6,8,8,6,7,1,8,7,10,25,20,20,5,20,20,20,15,20,10,15,7,9,7,9,4,0,7,6,6,7,8,7,6,2,0,7,1,1,10,20,20,20,10,20,8,9,8,7,4,0,0,0,15,20,20,15,10,20,8,9,9,7,4
0,1,10,9,6,7,5,0,0.02,0,25,4,20,30,10,15,0,25,1,5,8,6,5,4,7,7,7,2,34,10,2,6,6,2,6,3,7,3,3,5,8,8,7,8,1,6,9,6,8,8,6,7,1,8,7,10,25,20,20,5,20,20,20,15,20,10,15,7,9,7,9,4,0,6,8,8,5,6,7,6,7,0,7,1,1,10,20,20,20,10,20,8,9,8,7,4,0,0,0,15,20,20,15,10,20,8,9,9,7,4
0,1,10,9,6,1,6,0,0.15,0,27,6,25,15,20,20,15,5,0,6,7,8,6,3,4,6,4,2,34,10,2,6,6,2,6,3,7,3,3,5,8,8,7,8,1,6,9,6,8,8,6,7,1,8,7,10,25,20,20,5,20,20,20,15,20,10,15,7,9,7,9,4,1,8,8,7,8,9,6,8,4,0,7,1,1,10,20,20,20,10,20,8,9,8,7,4,0,0,0,15,20,20,15,10,20,8,9,9,7,4
0,1,10,9,6,3,7,0,0.32,0,33,6,22,22,15,15,5,21,0,6,7,6,5,5,5,6,4,2,34,10,2,6,6,2,6,3,7,3,3,5,8,8,7,8,1,6,9,6,8,8,6,7,1,8,7,10,25,20,20,5,20,20,20,15,20,10,15,7,9,7,9,4,0,6,8,8,6,8,5,6,7,0,7,1,1,10,20,20,20,10,20,8,9,8,7,4,0,0,0,15,20,20,15,10,20,8,9,9,7,4
0,1,10,9,6,8,8,0,0.6,0,25,6,20,20,20,20,10,10,0,5,8,7,6,6,5,5,9,2,34,10,2,6,6,2,6,3,7,3,3,5,8,8,7,8,1,6,9,6,8,8,6,7,1,8,7,10,25,20,20,5,20,20,20,15,20,10,15,7,9,7,9,4,1,7,8,9,7,8,7,7,5,0,7,1,1,10,20,20,20,10,20,8,9,8,7,4,0,0,0,15,20,20,15,10,20,8,9,9,7,4
0,1,10,9,5,1,2,0,-0.31,0,28,2,20,20,20,10,10,20,0,8,6,8,10,9,2,3,3,2,26,8,4,1,1,1,6,3,6,10,10,9,10,10,8,9,14,9,10,10,10,10,10,10,10,3,2,10,30,30,10,10,10,40,5,10,25,10,10,3,8,5,3,6,1,7,7,6,6,5,5,6,6,0,3,3,1,10,30,30,10,10,10,5,9,6,6,7,0,0,0,10,30,30,10,10,10,5,8,6,7,7
0,1,10,9,5,3,3,0,0.18,0,32,2,18,10,30,10,10,22,1,8,7,8,7,7,4,8,3,2,26,8,4,1,1,1,6,3,6,10,10,9,10,10,8,9,14,9,10,10,10,10,10,10,10,3,2,10,30,30,10,10,10,40,5,10,25,10,10,3,8,5,3,6,0,5,7,6,5,6,3,6,4,0,3,3,1,10,30,30,10,10,10,5,9,6,6,7,0,0,0,10,30,30,10,10,10,5,8,6,7,7
0,1,10,9,5,6,5,0,-0.06,1,25,4,20,30,10,15,0,25,1,6,6,4,8,3,4,7,7,2,26,8,4,1,1,1,6,3,6,10,10,9,10,10,8,9,14,9,10,10,10,10,10,10,10,3,2,10,30,30,10,10,10,40,5,10,25,10,10,3,8,5,3,6,0,4,5,5,4,7,3,4,2,0,3,3,1,10,30,30,10,10,10,5,9,6,6,7,0,0,0,10,30,30,10,10,10,5,8,6,7,7
0,1,10,9,5,9,6,0,0.09,0,27,6,25,15,20,20,15,5,1,6,7,7,8,7,5,7,6,2,26,8,4,1,1,1,6,3,6,10,10,9,10,10,8,9,14,9,10,10,10,10,10,10,10,3,2,10,30,30,10,10,10,40,5,10,25,10,10,3,8,5,3,6,0,5,4,5,7,6,5,6,4,0,3,3,1,10,30,30,10,10,10,5,9,6,6,7,0,0,0,10,30,30,10,10,10,5,8,6,7,7
0,1,10,9,5,2,7,0,-0.18,0,33,6,22,22,15,15,5,21,1,8,9,8,10,9,10,9,6,2,26,8,4,1,1,1,6,3,6,10,10,9,10,10,8,9,14,9,10,10,10,10,10,10,10,3,2,10,30,30,10,10,10,40,5,10,25,10,10,3,8,5,3,6,0,5,5,6,5,7,6,6,3,0,3,3,1,10,30,30,10,10,10,5,9,6,6,7,0,0,0,10,30,30,10,10,10,5,8,6,7,7
0,1,10,9,5,7,8,1,-0.38,0,25,6,20,20,20,20,10,10,1,6,7,7,8,9,7,7,10,2,26,8,4,1,1,1,6,3,6,10,10,9,10,10,8,9,14,9,10,10,10,10,10,10,10,3,2,10,30,30,10,10,10,40,5,10,25,10,10,3,8,5,3,6,1,7,5,5,6,5,7,6,5,0,3,3,1,10,30,30,10,10,10,5,9,6,6,7,0,0,0,10,30,30,10,10,10,5,8,6,7,7
0,1,10,9,9,5,2,0,0,0,28,2,20,20,20,10,10,20,1,8,9,9,9,9,7,7,5,2,29,8,4,1,1,2,4,2,7,8,1,5,7,7,7,4,1,3,4,1,3,4,6,7,6,3,2,90,2,2,2,2,2,90,5,2,3,0,5,8,10,8,8,8,0,5,7,8,6,7,5,6,6,0,7,3,3,75,5,5,5,5,5,8,10,8,7,7,0,0,0,75,5,5,5,5,5,6,10,7,8,7
0,1,10,9,9,7,3,0,0.11,0,32,2,18,10,30,10,10,22,1,9,8,7,7,6,4,8,4,2,29,8,4,1,1,2,4,2,7,8,1,5,7,7,7,4,1,3,4,1,3,4,6,7,6,3,2,90,2,2,2,2,2,90,5,2,3,0,5,8,10,8,8,8,0,4,7,10,7,8,5,6,4,0,7,3,3,75,5,5,5,5,5,8,10,8,7,7,0,0,0,75,5,5,5,5,5,6,10,7,8,7
0,1,10,9,9,1,5,0,-0.15,1,25,4,20,30,10,15,0,25,1,5,6,5,5,4,3,5,6,2,29,8,4,1,1,2,4,2,7,8,1,5,7,7,7,4,1,3,4,1,3,4,6,7,6,3,2,90,2,2,2,2,2,90,5,2,3,0,5,8,10,8,8,8,0,5,10,10,9,6,7,8,6,0,7,3,3,75,5,5,5,5,5,8,10,8,7,7,0,0,0,75,5,5,5,5,5,6,10,7,8,7
0,1,10,9,9,4,6,1,0.17,0,27,6,25,15,20,20,15,5,1,6,7,7,8,7,5,7,6,2,29,8,4,1,1,2,4,2,7,8,1,5,7,7,7,4,1,3,4,1,3,4,6,7,6,3,2,90,2,2,2,2,2,90,5,2,3,0,5,8,10,8,8,8,1,10,6,8,9,7,5,7,6,0,7,3,3,75,5,5,5,5,5,8,10,8,7,7,0,0,0,75,5,5,5,5,5,6,10,7,8,7
0,1,10,9,9,6,7,0,0.19,0,33,6,22,22,15,15,5,21,1,2,9,7,9,9,9,8,7,2,29,8,4,1,1,2,4,2,7,8,1,5,7,7,7,4,1,3,4,1,3,4,6,7,6,3,2,90,2,2,2,2,2,90,5,2,3,0,5,8,10,8,8,8,0,5,8,9,6,10,5,6,6,0,7,3,3,75,5,5,5,5,5,8,10,8,7,7,0,0,0,75,5,5,5,5,5,6,10,7,8,7
0,1,10,9,9,2,8,1,0.76,0,25,6,20,20,20,20,10,10,1,8,10,8,8,8,8,8,9,2,29,8,4,1,1,2,4,2,7,8,1,5,7,7,7,4,1,3,4,1,3,4,6,7,6,3,2,90,2,2,2,2,2,90,5,2,3,0,5,8,10,8,8,8,1,8,6,10,9,10,9,8,7,0,7,3,3,75,5,5,5,5,5,8,10,8,7,7,0,0,0,75,5,5,5,5,5,6,10,7,8,7
0,1,10,9,4,3,1,1,0.31,0,27,2,20,20,20,25,5,10,1,7,8,8,8,7,7,8,7,2,26,3,3,3,3,3,7,3,2,6,5,5,8,10,10,9,4,9,10,1,9,10,10,10,1,8,6,20,20,25,20,5,10,30,10,20,25,5,10,7,9,7,8,4,1,4,6,7,3,2,7,6,5,0,6,3,3,25,20,25,18,2,10,8,9,8,6,3,0,3,1,20,20,20,20,2,18,8,9,9,7,3
0,1,10,9,4,9,2,0,0.19,0,28,2,20,20,20,10,10,20,0,8,5,7,5,3,1,4,2,2,26,3,3,3,3,3,7,3,2,6,5,5,8,10,10,9,4,9,10,1,9,10,10,10,1,8,6,20,20,25,20,5,10,30,10,20,25,5,10,7,9,7,8,4,1,3,6,6,5,9,5,7,5,0,6,3,3,25,20,25,18,2,10,8,9,8,6,3,0,3,1,20,20,20,20,2,18,8,9,9,7,3
0,1,10,9,4,2,3,0,0.73,0,32,2,18,10,30,10,10,22,0,9,8,8,7,7,6,7,2,2,26,3,3,3,3,3,7,3,2,6,5,5,8,10,10,9,4,9,10,1,9,10,10,10,1,8,6,20,20,25,20,5,10,30,10,20,25,5,10,7,9,7,8,4,0,3,2,6,2,2,7,3,4,0,6,3,3,25,20,25,18,2,10,8,9,8,6,3,0,3,1,20,20,20,20,2,18,8,9,9,7,3
0,1,10,9,4,5,5,0,-0.01,0,25,4,20,30,10,15,0,25,1,8,6,6,6,3,5,7,5,2,26,3,3,3,3,3,7,3,2,6,5,5,8,10,10,9,4,9,10,1,9,10,10,10,1,8,6,20,20,25,20,5,10,30,10,20,25,5,10,7,9,7,8,4,0,1,7,6,2,2,3,2,3,0,6,3,3,25,20,25,18,2,10,8,9,8,6,3,0,3,1,20,20,20,20,2,18,8,9,9,7,3
0,1,10,9,4,8,6,1,0.16,0,27,6,25,15,20,20,15,5,1,8,7,7,6,6,5,8,5,2,26,3,3,3,3,3,7,3,2,6,5,5,8,10,10,9,4,9,10,1,9,10,10,10,1,8,6,20,20,25,20,5,10,30,10,20,25,5,10,7,9,7,8,4,1,5,3,6,7,10,3,7,6,0,6,3,3,25,20,25,18,2,10,8,9,8,6,3,0,3,1,20,20,20,20,2,18,8,9,9,7,3
0,1,10,9,4,6,8,1,0.67,0,25,6,20,20,20,20,10,10,1,7,8,7,8,7,8,7,9,2,26,3,3,3,3,3,7,3,2,6,5,5,8,10,10,9,4,9,10,1,9,10,10,10,1,8,6,20,20,25,20,5,10,30,10,20,25,5,10,7,9,7,8,4,1,7,7,7,6,9,7,7,6,0,6,3,3,25,20,25,18,2,10,8,9,8,6,3,0,3,1,20,20,20,20,2,18,8,9,9,7,3
0,1,10,9,4,4,9,1,0.44,0,33,6,19,19,19,19,19,5,1,8,9,8,8,8,8,8,7,2,26,3,3,3,3,3,7,3,2,6,5,5,8,10,10,9,4,9,10,1,9,10,10,10,1,8,6,20,20,25,20,5,10,30,10,20,25,5,10,7,9,7,8,4,1,3,6,7,5,3,7,6,6,0,6,3,3,25,20,25,18,2,10,8,9,8,6,3,0,3,1,20,20,20,20,2,18,8,9,9,7,3
1,1,10,9,8,4,1,0,0.46,0,22,6,20,20,20,10,10,20,1,7,8,8,7,9,5,7,4,2,28,8,2,8,9,2,5,3,7,5,2,10,8,6,4,9,1,3,13,9,8,9,3,4,3,1,5,20,20,20,10,10,20,20,20,10,20,20,10,7,10,7,10,10,0,6,8,9,8,9,3,3,2,0,7,1,3,20,20,20,15,10,15,8,8,9,7,9,1,1,1,25,25,20,10,5,15,7,9,8,8,9
1,1,10,9,1,6,2,0,0.01,1,23,2,15,15,20,20,20,10,0,6,7,7,6,7,6,6,4,2,28,8,2,8,9,2,5,3,7,5,2,10,8,6,4,9,1,3,13,9,8,9,3,4,3,1,5,20,20,20,10,10,20,20,20,10,20,20,10,7,10,7,10,10,1,9,9,7,8,8,5,6,4,0,7,1,3,20,20,20,15,10,15,8,8,9,7,9,1,1,1,25,25,20,10,5,15,7,9,8,8,9
1,1,10,9,2,7,3,0,0.07,0,24,4,15,20,15,20,15,15,1,7,7,7,9,9,9,8,8,2,28,8,2,8,9,2,5,3,7,5,2,10,8,6,4,9,1,3,13,9,8,9,3,4,3,1,5,20,20,20,10,10,20,20,20,10,20,20,10,7,10,7,10,10,0,4,6,7,2,2,1,4,2,0,7,1,3,20,20,20,15,10,15,8,8,9,7,9,1,1,1,25,25,20,10,5,15,7,9,8,8,9
1,1,10,9,7,3,5,1,0.18,1,27,2,15,20,20,15,15,15,1,8,9,9,8,9,8,8,7,2,28,8,2,8,9,2,5,3,7,5,2,10,8,6,4,9,1,3,13,9,8,9,3,4,3,1,5,20,20,20,10,10,20,20,20,10,20,20,10,7,10,7,10,10,1,8,8,8,8,9,7,8,5,0,7,1,3,20,20,20,15,10,15,8,8,9,7,9,1,1,1,25,25,20,10,5,15,7,9,8,8,9
1,1,10,9,6,2,6,0,0.66,1,34,2,10,25,20,20,5,20,0,7,6,6,7,8,7,6,2,2,28,8,2,8,9,2,5,3,7,5,2,10,8,6,4,9,1,3,13,9,8,9,3,4,3,1,5,20,20,20,10,10,20,20,20,10,20,20,10,7,10,7,10,10,0,6,8,9,3,6,3,3,2,0,7,1,3,20,20,20,15,10,15,8,8,9,7,9,1,1,1,25,25,20,10,5,15,7,9,8,8,9
1,1,10,9,5,1,7,0,-0.31,0,26,4,10,30,30,10,10,10,1,7,7,6,6,5,5,6,6,2,28,8,2,8,9,2,5,3,7,5,2,10,8,6,4,9,1,3,13,9,8,9,3,4,3,1,5,20,20,20,10,10,20,20,20,10,20,20,10,7,10,7,10,10,0,8,6,8,10,9,2,3,3,0,7,1,3,20,20,20,15,10,15,8,8,9,7,9,1,1,1,25,25,20,10,5,15,7,9,8,8,9
1,1,10,9,9,5,8,0,0,0,29,4,90,2,2,2,2,2,0,5,7,8,6,7,5,6,6,2,28,8,2,8,9,2,5,3,7,5,2,10,8,6,4,9,1,3,13,9,8,9,3,4,3,1,5,20,20,20,10,10,20,20,20,10,20,20,10,7,10,7,10,10,1,8,9,9,9,9,7,7,5,0,7,1,3,20,20,20,15,10,15,8,8,9,7,9,1,1,1,25,25,20,10,5,15,7,9,8,8,9
1,1,10,9,4,9,9,0,0.19,0,26,3,20,20,25,20,5,10,1,3,6,6,5,9,5,7,5,2,28,8,2,8,9,2,5,3,7,5,2,10,8,6,4,9,1,3,13,9,8,9,3,4,3,1,5,20,20,20,10,10,20,20,20,10,20,20,10,7,10,7,10,10,0,8,5,7,5,3,1,4,2,0,7,1,3,20,20,20,15,10,15,8,8,9,7,9,1,1,1,25,25,20,10,5,15,7,9,8,8,9
1,1,10,9,1,2,2,0,-0.63,0,23,2,15,15,20,20,20,10,0,3,8,7,5,5,2,4,3,2,25,10,4,1,1,1,6,4,2,5,4,7,1,3,2,9,4,2,5,3,3,3,3,3,2,6,6,20,30,10,15,0,25,30,12,20,23,5,10,5,10,2,8,4,1,8,7,7,7,2,3,7,6,0,5,1,1,25,30,5,15,0,25,4,7,6,3,3,0,0,0,25,30,10,15,0,20,4,8,7,3,3
1,1,10,9,2,3,3,0,-0.14,1,24,4,15,20,15,20,15,15,0,3,7,7,4,7,3,6,7,2,25,10,4,1,1,1,6,4,2,5,4,7,1,3,2,9,4,2,5,3,3,3,3,3,2,6,6,20,30,10,15,0,25,30,12,20,23,5,10,5,10,2,8,4,0,7,7,5,3,7,3,3,3,0,5,1,1,25,30,5,15,0,25,4,7,6,3,3,0,0,0,25,30,10,15,0,20,4,8,7,3,3
1,1,10,9,7,8,5,0,-0.14,0,27,2,15,20,20,15,15,15,0,5,8,8,5,7,5,6,6,2,25,10,4,1,1,1,6,4,2,5,4,7,1,3,2,9,4,2,5,3,3,3,3,3,2,6,6,20,30,10,15,0,25,30,12,20,23,5,10,5,10,2,8,4,1,6,7,7,6,5,3,6,5,0,5,1,1,25,30,5,15,0,25,4,7,6,3,3,0,0,0,25,30,10,15,0,20,4,8,7,3,3
1,1,10,9,6,7,6,0,0.02,0,34,2,10,25,20,20,5,20,0,6,8,8,5,6,7,6,7,2,25,10,4,1,1,1,6,4,2,5,4,7,1,3,2,9,4,2,5,3,3,3,3,3,2,6,6,20,30,10,15,0,25,30,12,20,23,5,10,5,10,2,8,4,1,5,8,6,5,4,7,7,7,0,5,1,1,25,30,5,15,0,25,4,7,6,3,3,0,0,0,25,30,10,15,0,20,4,8,7,3,3
1,1,10,9,5,6,7,0,-0.06,1,26,4,10,30,30,10,10,10,0,4,5,5,4,7,3,4,2,2,25,10,4,1,1,1,6,4,2,5,4,7,1,3,2,9,4,2,5,3,3,3,3,3,2,6,6,20,30,10,15,0,25,30,12,20,23,5,10,5,10,2,8,4,1,6,6,4,8,3,4,7,7,0,5,1,1,25,30,5,15,0,25,4,7,6,3,3,0,0,0,25,30,10,15,0,20,4,8,7,3,3
1,1,10,9,9,1,8,0,-0.15,1,29,4,90,2,2,2,2,2,0,5,10,10,9,6,7,8,6,2,25,10,4,1,1,1,6,4,2,5,4,7,1,3,2,9,4,2,5,3,3,3,3,3,2,6,6,20,30,10,15,0,25,30,12,20,23,5,10,5,10,2,8,4,1,5,6,5,5,4,3,5,6,0,5,1,1,25,30,5,15,0,25,4,7,6,3,3,0,0,0,25,30,10,15,0,20,4,8,7,3,3
1,1,10,9,4,5,9,0,-0.01,0,26,3,20,20,25,20,5,10,0,1,7,6,2,2,3,2,3,2,25,10,4,1,1,1,6,4,2,5,4,7,1,3,2,9,4,2,5,3,3,3,3,3,2,6,6,20,30,10,15,0,25,30,12,20,23,5,10,5,10,2,8,4,1,8,6,6,6,3,5,7,5,0,5,1,1,25,30,5,15,0,25,4,7,6,3,3,0,0,0,25,30,10,15,0,20,4,8,7,3,3
1,1,10,9,8,3,1,0,0.23,1,22,6,20,20,20,10,10,20,0,5,6,6,8,6,2,6,3,2,27,8,6,1,1,1,4,1,7,7,1,8,7,5,1,8,6,8,6,3,7,7,4,7,6,1,6,25,15,20,20,15,5,20,15,15,25,20,5,5,6,8,8,8,0,5,7,8,6,7,3,7,4,0,7,3,3,20,10,10,20,15,15,5,6,8,7,8,2,0,1,25,10,20,20,15,10,6,6,8,8,9
1,1,10,9,1,5,2,1,0.04,0,23,2,15,15,20,20,20,10,1,7,6,6,8,7,7,7,4,2,27,8,6,1,1,1,4,1,7,7,1,8,7,5,1,8,6,8,6,3,7,7,4,7,6,1,6,25,15,20,20,15,5,20,15,15,25,20,5,5,6,8,8,8,1,7,8,6,8,6,4,8,6,0,7,3,3,20,10,10,20,15,15,5,6,8,7,8,2,0,1,25,10,20,20,15,10,6,6,8,8,9
1,1,10,9,2,6,3,0,-0.03,0,24,4,15,20,15,20,15,15,1,7,5,6,8,9,6,7,7,2,27,8,6,1,1,1,4,1,7,7,1,8,7,5,1,8,6,8,6,3,7,7,4,7,6,1,6,25,15,20,20,15,5,20,15,15,25,20,5,5,6,8,8,8,0,6,6,9,6,7,4,6,4,0,7,3,3,20,10,10,20,15,15,5,6,8,7,8,2,0,1,25,10,20,20,15,10,6,6,8,8,9
1,1,10,9,3,7,4,0,0.15,0,34,2,10,20,20,20,20,10,1,7,8,7,6,6,8,7,6,2,27,8,6,1,1,1,4,1,7,7,1,8,7,5,1,8,6,8,6,3,7,7,4,7,6,1,6,25,15,20,20,15,5,20,15,15,25,20,5,5,6,8,8,8,0,6,7,7,6,6,3,6,4,0,7,3,3,20,10,10,20,15,15,5,6,8,7,8,2,0,1,25,10,20,20,15,10,6,6,8,8,9
1,1,10,9,7,2,5,0,0.14,0,27,2,15,20,20,15,15,15,1,9,8,9,8,9,7,8,7,2,27,8,6,1,1,1,4,1,7,7,1,8,7,5,1,8,6,8,6,3,7,7,4,7,6,1,6,25,15,20,20,15,5,20,15,15,25,20,5,5,6,8,8,8,0,6,8,7,7,6,3,7,5,0,7,3,3,20,10,10,20,15,15,5,6,8,7,8,2,0,1,25,10,20,20,15,10,6,6,8,8,9
1,1,10,9,6,1,6,0,0.15,0,34,2,10,25,20,20,5,20,1,8,8,7,8,9,6,8,4,2,27,8,6,1,1,1,4,1,7,7,1,8,7,5,1,8,6,8,6,3,7,7,4,7,6,1,6,25,15,20,20,15,5,20,15,15,25,20,5,5,6,8,8,8,0,6,7,8,6,3,4,6,4,0,7,3,3,20,10,10,20,15,15,5,6,8,7,8,2,0,1,25,10,20,20,15,10,6,6,8,8,9
1,1,10,9,5,9,7,0,0.09,0,26,4,10,30,30,10,10,10,0,5,4,5,7,6,5,6,4,2,27,8,6,1,1,1,4,1,7,7,1,8,7,5,1,8,6,8,6,3,7,7,4,7,6,1,6,25,15,20,20,15,5,20,15,15,25,20,5,5,6,8,8,8,1,6,7,7,8,7,5,7,6,0,7,3,3,20,10,10,20,15,15,5,6,8,7,8,2,0,1,25,10,20,20,15,10,6,6,8,8,9
1,1,10,9,9,4,8,1,0.17,0,29,4,90,2,2,2,2,2,1,10,6,8,9,7,5,7,6,2,27,8,6,1,1,1,4,1,7,7,1,8,7,5,1,8,6,8,6,3,7,7,4,7,6,1,6,25,15,20,20,15,5,20,15,15,25,20,5,5,6,8,8,8,1,6,7,7,8,7,5,7,6,0,7,3,3,20,10,10,20,15,15,5,6,8,7,8,2,0,1,25,10,20,20,15,10,6,6,8,8,9
1,1,10,9,4,8,9,1,0.16,0,26,3,20,20,25,20,5,10,1,5,3,6,7,10,3,7,6,2,27,8,6,1,1,1,4,1,7,7,1,8,7,5,1,8,6,8,6,3,7,7,4,7,6,1,6,25,15,20,20,15,5,20,15,15,25,20,5,5,6,8,8,8,1,8,7,7,6,6,5,8,5,0,7,3,3,20,10,10,20,15,15,5,6,8,7,8,2,0,1,25,10,20,20,15,10,6,6,8,8,9
1,1,10,9,8,5,1,0,0.3,1,22,6,20,20,20,10,10,20,0,4,8,7,8,9,8,7,5,2,33,8,6,2,7,2,3,1,7,7,9,1,10,8,6,1,1,6,10,7,3,8,8,5,4,1,5,22,22,15,15,5,21,15,15,25,10,25,10,7,9,7,10,7,1,9,9,8,9,7,9,9,8,0,8,1,3,19,19,17,19,10,16,7,9,10,9,8,0,0,0,20,20,20,15,10,15,7,9,10,8,9
1,1,10,9,1,7,2,0,0.31,0,23,2,15,15,20,20,20,10,0,2,5,5,2,5,2,2,2,2,33,8,6,2,7,2,3,1,7,7,9,1,10,8,6,1,1,6,10,7,3,8,8,5,4,1,5,22,22,15,15,5,21,15,15,25,10,25,10,7,9,7,10,7,1,9,8,9,9,6,7,9,8,0,8,1,3,19,19,17,19,10,16,7,9,10,9,8,0,0,0,20,20,20,15,10,15,7,9,10,8,9
1,1,10,9,2,8,3,0,0.47,0,24,4,15,20,15,20,15,15,0,4,7,7,5,9,4,5,6,2,33,8,6,2,7,2,3,1,7,7,9,1,10,8,6,1,1,6,10,7,3,8,8,5,4,1,5,22,22,15,15,5,21,15,15,25,10,25,10,7,9,7,10,7,0,9,9,9,6,7,5,7,6,0,8,1,3,19,19,17,19,10,16,7,9,10,9,8,0,0,0,20,20,20,15,10,15,7,9,10,8,9
1,1,10,9,7,4,5,0,0.2,0,27,2,15,20,20,15,15,15,0,6,8,9,8,10,6,7,6,2,33,8,6,2,7,2,3,1,7,7,9,1,10,8,6,1,1,6,10,7,3,8,8,5,4,1,5,22,22,15,15,5,21,15,15,25,10,25,10,7,9,7,10,7,1,9,9,8,9,8,9,9,8,1,8,1,3,19,19,17,19,10,16,7,9,10,9,8,0,0,0,20,20,20,15,10,15,7,9,10,8,9
1,1,10,9,6,3,6,0,0.32,0,34,2,10,25,20,20,5,20,0,6,8,8,6,8,5,6,7,2,33,8,6,2,7,2,3,1,7,7,9,1,10,8,6,1,1,6,10,7,3,8,8,5,4,1,5,22,22,15,15,5,21,15,15,25,10,25,10,7,9,7,10,7,0,6,7,6,5,5,5,6,4,0,8,1,3,19,19,17,19,10,16,7,9,10,9,8,0,0,0,20,20,20,15,10,15,7,9,10,8,9
1,1,10,9,5,2,7,0,-0.18,0,26,4,10,30,30,10,10,10,0,5,5,6,5,7,6,6,3,2,33,8,6,2,7,2,3,1,7,7,9,1,10,8,6,1,1,6,10,7,3,8,8,5,4,1,5,22,22,15,15,5,21,15,15,25,10,25,10,7,9,7,10,7,1,8,9,8,10,9,10,9,6,0,8,1,3,19,19,17,19,10,16,7,9,10,9,8,0,0,0,20,20,20,15,10,15,7,9,10,8,9
1,1,10,9,9,6,8,0,0.19,0,29,4,90,2,2,2,2,2,0,5,8,9,6,10,5,6,6,2,33,8,6,2,7,2,3,1,7,7,9,1,10,8,6,1,1,6,10,7,3,8,8,5,4,1,5,22,22,15,15,5,21,15,15,25,10,25,10,7,9,7,10,7,1,2,9,7,9,9,9,8,7,0,8,1,3,19,19,17,19,10,16,7,9,10,9,8,0,0,0,20,20,20,15,10,15,7,9,10,8,9
1,1,10,9,7,7,5,0,0.03,0,27,2,15,20,20,15,15,15,0,6,8,8,6,7,6,6,6,2,33,7,6,2,2,6,4,1,10,7,6,1,6,8,8,5,8,4,9,7,6,9,6,8,2,3,5,19,19,19,19,19,5,13,20,30,15,15,7,8,10,9,10,9,0,5,8,7,4,8,8,5,6,0,6,3,3,20,20,20,20,15,5,8,10,10,9,8,1,0,1,20,20,20,20,15,5,7,9,10,8,8
1,1,10,9,4,4,9,1,0.44,0,26,3,20,20,25,20,5,10,1,3,6,7,5,3,7,6,6,2,33,7,6,2,2,6,4,1,10,7,6,1,6,8,8,5,8,4,9,7,6,9,6,8,2,3,5,19,19,19,19,19,5,13,20,30,15,15,7,8,10,9,10,9,1,8,9,8,8,8,8,8,7,0,6,3,3,20,20,20,20,15,5,8,10,10,9,8,1,0,1,20,20,20,20,15,5,7,9,10,8,8
0,2,11,21,4,17,1,0,0.43,0,29,2,30,25,18,18,4,5,0,1,7,8,5,7,4,3,2,2,33,3,4,1,1,2,6,6,2,5,3,5,8,10,10,6,1,6,10,7,7,10,7,7,7,3,7,25,30,10,10,5,20,40,20,5,20,5,20,8,10,9,8,7,0,5,6,7,6,7,5,5,6,0,8,1,3,20,20,10,20,10,20,8,9,9,8,7,0,1,0,25,20,10,10,10,25,8,10,9,8,8
0,2,11,21,4,19,2,1,0.5,0,24,3,30,10,20,20,10,10,1,5,6,8,7,7,8,6,7,2,33,3,4,1,1,2,6,6,2,5,3,5,8,10,10,6,1,6,10,7,7,10,7,7,7,3,7,25,30,10,10,5,20,40,20,5,20,5,20,8,10,9,8,7,1,6,7,7,7,7,8,7,7,0,8,1,3,20,20,10,20,10,20,8,9,9,8,7,0,1,0,25,20,10,10,10,25,8,10,9,8,8
0,2,11,21,4,11,3,0,0.29,0,21,2,25,10,25,5,10,25,1,6,6,7,5,6,7,6,7,2,33,3,4,1,1,2,6,6,2,5,3,5,8,10,10,6,1,6,10,7,7,10,7,7,7,3,7,25,30,10,10,5,20,40,20,5,20,5,20,8,10,9,8,7,0,6,7,7,5,6,5,6,5,0,8,1,3,20,20,10,20,10,20,8,9,9,8,7,0,1,0,25,20,10,10,10,25,8,10,9,8,8
0,2,11,21,4,3,4,0,0.58,0,26,2,24,16,28,14,8,10,0,4,7,7,2,6,3,5,4,2,33,3,4,1,1,2,6,6,2,5,3,5,8,10,10,6,1,6,10,7,7,10,7,7,7,3,7,25,30,10,10,5,20,40,20,5,20,5,20,8,10,9,8,7,1,6,6,7,6,7,4,6,5,0,8,1,3,20,20,10,20,10,20,8,9,9,8,7,0,1,0,25,20,10,10,10,25,8,10,9,8,8
0,2,11,21,4,18,6,0,0.68,0,32,2,25,15,20,25,10,5,0,5,7,7,5,8,3,5,3,2,33,3,4,1,1,2,6,6,2,5,3,5,8,10,10,6,1,6,10,7,7,10,7,7,7,3,7,25,30,10,10,5,20,40,20,5,20,5,20,8,10,9,8,7,0,5,6,6,5,7,6,6,5,0,8,1,3,20,20,10,20,10,20,8,9,9,8,7,0,1,0,25,20,10,10,10,25,8,10,9,8,8
0,2,11,21,4,20,7,0,0.27,0,25,2,27,15,28,10,10,10,0,4,7,7,4,6,4,3,4,2,33,3,4,1,1,2,6,6,2,5,3,5,8,10,10,6,1,6,10,7,7,10,7,7,7,3,7,25,30,10,10,5,20,40,20,5,20,5,20,8,10,9,8,7,1,7,6,7,7,8,6,7,6,0,8,1,3,20,20,10,20,10,20,8,9,9,8,7,0,1,0,25,20,10,10,10,25,8,10,9,8,8
0,2,11,21,4,10,8,0,0.49,0,25,2,25,20,30,15,5,5,0,2,7,7,3,7,2,4,4,2,33,3,4,1,1,2,6,6,2,5,3,5,8,10,10,6,1,6,10,7,7,10,7,7,7,3,7,25,30,10,10,5,20,40,20,5,20,5,20,8,10,9,8,7,0,5,6,7,4,5,6,5,5,0,8,1,3,20,20,10,20,10,20,8,9,9,8,7,0,1,0,25,20,10,10,10,25,8,10,9,8,8
0,2,11,21,4,8,9,0,0.6,0,27,2,20,20,20,15,5,20,0,3,6,8,4,5,4,4,2,2,33,3,4,1,1,2,6,6,2,5,3,5,8,10,10,6,1,6,10,7,7,10,7,7,7,3,7,25,30,10,10,5,20,40,20,5,20,5,20,8,10,9,8,7,1,7,7,7,7,6,8,7,7,0,8,1,3,20,20,10,20,10,20,8,9,9,8,7,0,1,0,25,20,10,10,10,25,8,10,9,8,8
0,2,11,21,4,6,11,0,-0.29,1,27,4,50,10,10,10,10,10,0,3,3,3,6,6,1,1,1,2,33,3,4,1,1,2,6,6,2,5,3,5,8,10,10,6,1,6,10,7,7,10,7,7,7,3,7,25,30,10,10,5,20,40,20,5,20,5,20,8,10,9,8,7,0,4,8,8,5,6,4,5,5,0,8,1,3,20,20,10,20,10,20,8,9,9,8,7,0,1,0,25,20,10,10,10,25,8,10,9,8,8
0,2,11,21,4,1,13,1,0.01,0,24,6,20,20,25,25,5,5,1,5,5,5,4,4,4,4.5,8,2,33,3,4,1,1,2,6,6,2,5,3,5,8,10,10,6,1,6,10,7,7,10,7,7,7,3,7,25,30,10,10,5,20,40,20,5,20,5,20,8,10,9,8,7,1,6,8,8,6,7,6,7,7,0,8,1,3,20,20,10,20,10,20,8,9,9,8,7,0,1,0,25,20,10,10,10,25,8,10,9,8,8
0,2,11,21,4,14,16,0,0.29,0,27,2,20,20,15,25,10,10,0,3,6,6,4,4,5,4,2,2,33,3,4,1,1,2,6,6,2,5,3,5,8,10,10,6,1,6,10,7,7,10,7,7,7,3,7,25,30,10,10,5,20,40,20,5,20,5,20,8,10,9,8,7,1,5,5,6,5,6,8,6,6,0,8,1,3,20,20,10,20,10,20,8,9,9,8,7,0,1,0,25,20,10,10,10,25,8,10,9,8,8
0,2,11,21,4,15,17,0,0.13,1,28,4,20,30,10,20,0,20,0,2,3,6,2,6,2,3,2,2,33,3,4,1,1,2,6,6,2,5,3,5,8,10,10,6,1,6,10,7,7,10,7,7,7,3,7,25,30,10,10,5,20,40,20,5,20,5,20,8,10,9,8,7,1,7,7,7,7,7,8,8,6,0,8,1,3,20,20,10,20,10,20,8,9,9,8,7,0,1,0,25,20,10,10,10,25,8,10,9,8,8
0,2,11,21,4,2,18,0,0.4,0,34,2,30,10,30,10,5,15,0,2,5,6,5,5,4,4,3,2,33,3,4,1,1,2,6,6,2,5,3,5,8,10,10,6,1,6,10,7,7,10,7,7,7,3,7,25,30,10,10,5,20,40,20,5,20,5,20,8,10,9,8,7,0,6,7,7,5,7,4,5,4,0,8,1,3,20,20,10,20,10,20,8,9,9,8,7,0,1,0,25,20,10,10,10,25,8,10,9,8,8
0,2,11,21,4,16,19,0,0.09,1,27,4,20,20,15,15,12,18,1,5,9,8,7,6,6,7,7,2,33,3,4,1,1,2,6,6,2,5,3,5,8,10,10,6,1,6,10,7,7,10,7,7,7,3,7,25,30,10,10,5,20,40,20,5,20,5,20,8,10,9,8,7,0,4,7,7,6,8,6,6,6,0,8,1,3,20,20,10,20,10,20,8,9,9,8,7,0,1,0,25,20,10,10,10,25,8,10,9,8,8
0,2,11,21,4,5,20,0,-0.04,0,28,1,20,18,20,17,10,15,1,4,10,8,6,7,7,8,6,2,33,3,4,1,1,2,6,6,2,5,3,5,8,10,10,6,1,6,10,7,7,10,7,7,7,3,7,25,30,10,10,5,20,40,20,5,20,5,20,8,10,9,8,7,0,5,7,6,6,7,7,6,6,0,8,1,3,20,20,10,20,10,20,8,9,9,8,7,0,1,0,25,20,10,10,10,25,8,10,9,8,8
0,2,11,21,4,21,21,0,0.38,0,28,3,23,18,21,18,10,10,0,4,6,7,6,5,8,6,6,2,33,3,4,1,1,2,6,6,2,5,3,5,8,10,10,6,1,6,10,7,7,10,7,7,7,3,7,25,30,10,10,5,20,40,20,5,20,5,20,8,10,9,8,7,1,5,7,6,6,6,5,7,6,0,8,1,3,20,20,10,20,10,20,8,9,9,8,7,0,1,0,25,20,10,10,10,25,8,10,9,8,8
0,2,11,21,1,14,1,0,0.39,1,29,2,30,25,18,18,4,5,0,4,5,8,6,8,4,4,1,2,25,10,2,2,2,2,7,1,2,8,3,7,8,7,7,4,2,7,8,6,7,7,5,7,5,6,5,15,18,19,19,17,12,17,18,16,18,13,18,7,9,8,8,9,1,7,8,9,6,7,4,7,5,0,5,1,2,17,18,19,18,16,12,7,8,8,7,8,0,0,0,17,18,18,18,17,12,7,9,7,8,9
0,2,11,21,1,16,2,0,0.19,0,24,3,30,10,20,20,10,10,0,8,7,8,5,6,5,5,2,2,25,10,2,2,2,2,7,1,2,8,3,7,8,7,7,4,2,7,8,6,7,7,5,7,5,6,5,15,18,19,19,17,12,17,18,16,18,13,18,7,9,8,8,9,0,5,6,7,5,5,3,4,3,0,5,1,2,17,18,19,18,16,12,7,8,8,7,8,0,0,0,17,18,18,18,17,12,7,9,7,8,9
0,2,11,21,1,21,4,0,0.72,1,26,2,24,16,28,14,8,10,1,10,10,10,10,10,10,10,10,2,25,10,2,2,2,2,7,1,2,8,3,7,8,7,7,4,2,7,8,6,7,7,5,7,5,6,5,15,18,19,19,17,12,17,18,16,18,13,18,7,9,8,8,9,0,7,2,8,8,5,7,8,3,1,5,1,2,17,18,19,18,16,12,7,8,8,7,8,0,0,0,17,18,18,18,17,12,7,9,7,8,9
0,2,11,21,1,15,6,0,0.59,1,32,2,25,15,20,25,10,5,1,6,5,5,3,5,5,8,8,1,25,10,2,2,2,2,7,1,2,8,3,7,8,7,7,4,2,7,8,6,7,7,5,7,5,6,5,15,18,19,19,17,12,17,18,16,18,13,18,7,9,8,8,9,0,7,7,8,6,5,6,7,4,1,5,1,2,17,18,19,18,16,12,7,8,8,7,8,0,0,0,17,18,18,18,17,12,7,9,7,8,9
0,2,11,21,1,17,7,0,0.5,1,25,2,27,15,28,10,10,10,0,9,1,6,3,4,2,1,1,2,25,10,2,2,2,2,7,1,2,8,3,7,8,7,7,4,2,7,8,6,7,7,5,7,5,6,5,15,18,19,19,17,12,17,18,16,18,13,18,7,9,8,8,9,0,5,1,8,4,5,2,5,1,0,5,1,2,17,18,19,18,16,12,7,8,8,7,8,0,0,0,17,18,18,18,17,12,7,9,7,8,9
0,2,11,21,1,7,8,0,0.52,1,25,2,25,20,30,15,5,5,0,7,7,9,7,8,6,6,2,1,25,10,2,2,2,2,7,1,2,8,3,7,8,7,7,4,2,7,8,6,7,7,5,7,5,6,5,15,18,19,19,17,12,17,18,16,18,13,18,7,9,8,8,9,0,5,7,8,5,5,2,5,3,1,5,1,2,17,18,19,18,16,12,7,8,8,7,8,0,0,0,17,18,18,18,17,12,7,9,7,8,9
0,2,11,21,1,5,9,0,0.19,1,27,2,20,20,20,15,5,20,0,5,5,7,4,9,8,6,7,2,25,10,2,2,2,2,7,1,2,8,3,7,8,7,7,4,2,7,8,6,7,7,5,7,5,6,5,15,18,19,19,17,12,17,18,16,18,13,18,7,9,8,8,9,1,7,8,8,5,7,6,7,6,0,5,1,2,17,18,19,18,16,12,7,8,8,7,8,0,0,0,17,18,18,18,17,12,7,9,7,8,9
0,2,11,21,1,3,11,0,0.12,0,27,4,50,10,10,10,10,10,1,10,9,9,9,9,9,9,9,2,25,10,2,2,2,2,7,1,2,8,3,7,8,7,7,4,2,7,8,6,7,7,5,7,5,6,5,15,18,19,19,17,12,17,18,16,18,13,18,7,9,8,8,9,0,6,9,9,5,7,2,6,5,0,5,1,2,17,18,19,18,16,12,7,8,8,7,8,0,0,0,17,18,18,18,17,12,7,9,7,8,9
0,2,11,21,1,19,13,0,-0.42,0,24,6,20,20,25,25,5,5,1,9,9,9,9,9,9,9,9,2,25,10,2,2,2,2,7,1,2,8,3,7,8,7,7,4,2,7,8,6,7,7,5,7,5,6,5,15,18,19,19,17,12,17,18,16,18,13,18,7,9,8,8,9,0,6,8,8,4,7,4,7,4,0,5,1,2,17,18,19,18,16,12,7,8,8,7,8,0,0,0,17,18,18,18,17,12,7,9,7,8,9
0,2,11,21,1,10,15,0,0.04,0,22,4,35,40,5,5,7,8,0,7,6,6,6,6,4,5,5,2,25,10,2,2,2,2,7,1,2,8,3,7,8,7,7,4,2,7,8,6,7,7,5,7,5,6,5,15,18,19,19,17,12,17,18,16,18,13,18,7,9,8,8,9,0,6,6,7,4,8,2,5,4,0,5,1,2,17,18,19,18,16,12,7,8,8,7,8,0,0,0,17,18,18,18,17,12,7,9,7,8,9
0,2,11,21,1,11,16,0,0.47,1,27,2,20,20,15,25,10,10,0,4,5,5,5,6,5,4,3,2,25,10,2,2,2,2,7,1,2,8,3,7,8,7,7,4,2,7,8,6,7,7,5,7,5,6,5,15,18,19,19,17,12,17,18,16,18,13,18,7,9,8,8,9,0,7,7,7,6,6,4,7,4,0,5,1,2,17,18,19,18,16,12,7,8,8,7,8,0,0,0,17,18,18,18,17,12,7,9,7,8,9
0,2,11,21,1,12,17,0,0.12,0,28,4,20,30,10,20,0,20,0,4,3,7,5,5,5,5,3,2,25,10,2,2,2,2,7,1,2,8,3,7,8,7,7,4,2,7,8,6,7,7,5,7,5,6,5,15,18,19,19,17,12,17,18,16,18,13,18,7,9,8,8,9,0,7,8,7,7,7,5,7,5,0,5,1,2,17,18,19,18,16,12,7,8,8,7,8,0,0,0,17,18,18,18,17,12,7,9,7,8,9
0,2,11,21,1,20,18,0,0.53,1,34,2,30,10,30,10,5,15,0,3,3,8,5,7,8,3,3,1,25,10,2,2,2,2,7,1,2,8,3,7,8,7,7,4,2,7,8,6,7,7,5,7,5,6,5,15,18,19,19,17,12,17,18,16,18,13,18,7,9,8,8,9,0,7,7,9,7,4,4,7,5,1,5,1,2,17,18,19,18,16,12,7,8,8,7,8,0,0,0,17,18,18,18,17,12,7,9,7,8,9
0,2,11,21,1,13,19,0,0.46,0,27,4,20,20,15,15,12,18,1,6,7,7,6,6,6,6,5,2,25,10,2,2,2,2,7,1,2,8,3,7,8,7,7,4,2,7,8,6,7,7,5,7,5,6,5,15,18,19,19,17,12,17,18,16,18,13,18,7,9,8,8,9,0,6,8,8,6,7,4,7,4,1,5,1,2,17,18,19,18,16,12,7,8,8,7,8,0,0,0,17,18,18,18,17,12,7,9,7,8,9
0,2,11,21,1,2,20,0,0.32,0,28,1,20,18,20,17,10,15,0,7,9,9,4,5,4,5,4,2,25,10,2,2,2,2,7,1,2,8,3,7,8,7,7,4,2,7,8,6,7,7,5,7,5,6,5,15,18,19,19,17,12,17,18,16,18,13,18,7,9,8,8,9,0,7,7,8,6,8,4,6,4,0,5,1,2,17,18,19,18,16,12,7,8,8,7,8,0,0,0,17,18,18,18,17,12,7,9,7,8,9
0,2,11,21,1,18,21,0,0.37,0,28,3,23,18,21,18,10,10,0,5,5,6,4,6,4,4,4,2,25,10,2,2,2,2,7,1,2,8,3,7,8,7,7,4,2,7,8,6,7,7,5,7,5,6,5,15,18,19,19,17,12,17,18,16,18,13,18,7,9,8,8,9,0,6,6,7,6,8,3,5,4,0,5,1,2,17,18,19,18,16,12,7,8,8,7,8,0,0,0,17,18,18,18,17,12,7,9,7,8,9
0,2,11,21,8,21,1,0,0.53,0,29,2,30,25,18,18,4,5,0,2,8,8,7,8,9,7,1,2,27,10,4,4,4,2,7,3,2,9,6,7,9,5,5,6,2,3,9,6,7,7,9,9,5,3,6,19,20,19,14,13,15,19,20,19,14,13,15,6,9,7,9,6,0,5,7,8,5,8,7,6,3,0,6,3,3,19,17,19,15,15,15,7,8,8,7,7,0,1,0,18,16,18,16,16,16,7,6,8,6,6
0,2,11,21,8,15,3,0,0.43,0,21,2,25,10,25,5,10,25,1,5,6,8,5,7,8,7,7,2,27,10,4,4,4,2,7,3,2,9,6,7,9,5,5,6,2,3,9,6,7,7,9,9,5,3,6,19,20,19,14,13,15,19,20,19,14,13,15,6,9,7,9,6,0,6,8,7,6,7,6,7,5,0,6,3,3,19,17,19,15,15,15,7,8,8,7,7,0,1,0,18,16,18,16,16,16,7,6,8,6,6
0,2,11,21,8,7,4,1,0.39,0,26,2,24,16,28,14,8,10,1,7,7,8,7,5,6,9,10,2,27,10,4,4,4,2,7,3,2,9,6,7,9,5,5,6,2,3,9,6,7,7,9,9,5,3,6,19,20,19,14,13,15,19,20,19,14,13,15,6,9,7,9,6,1,7,7,8,7,8,6,8,10,1,6,3,3,19,17,19,15,15,15,7,8,8,7,7,0,1,0,18,16,18,16,16,16,7,6,8,6,6
0,2,11,21,8,1,6,0,0.36,0,32,2,25,15,20,25,10,5,0,5,5,5,3,5,5,5,2,2,27,10,4,4,4,2,7,3,2,9,6,7,9,5,5,6,2,3,9,6,7,7,9,9,5,3,6,19,20,19,14,13,15,19,20,19,14,13,15,6,9,7,9,6,0,6,8,7,7,5,4,5,5,0,6,3,3,19,17,19,15,15,15,7,8,8,7,7,0,1,0,18,16,18,16,16,16,7,6,8,6,6
0,2,11,21,8,14,8,1,0.62,0,25,2,25,20,30,15,5,5,1,7,7,8,7,8,7,7,5,1,27,10,4,4,4,2,7,3,2,9,6,7,9,5,5,6,2,3,9,6,7,7,9,9,5,3,6,19,20,19,14,13,15,19,20,19,14,13,15,6,9,7,9,6,1,7,9,9,8,8,6,7,5,1,6,3,3,19,17,19,15,15,15,7,8,8,7,7,0,1,0,18,16,18,16,16,16,7,6,8,6,6
0,2,11,21,8,12,9,0,0.43,0,27,2,20,20,20,15,5,20,0,6,7,9,5,9,5,6,2,2,27,10,4,4,4,2,7,3,2,9,6,7,9,5,5,6,2,3,9,6,7,7,9,9,5,3,6,19,20,19,14,13,15,19,20,19,14,13,15,6,9,7,9,6,0,4,7,7,4,6,5,5,5,0,6,3,3,19,17,19,15,15,15,7,8,8,7,7,0,1,0,18,16,18,16,16,16,7,6,8,6,6
0,2,11,21,8,11,10,1,0.34,0,23,1,25,15,20,20,10,10,1,10,9,9,9,9,9,10,6,2,27,10,4,4,4,2,7,3,2,9,6,7,9,5,5,6,2,3,9,6,7,7,9,9,5,3,6,19,20,19,14,13,15,19,20,19,14,13,15,6,9,7,9,6,1,7,8,6,8,7,7,8,5,0,6,3,3,19,17,19,15,15,15,7,8,8,7,7,0,1,0,18,16,18,16,16,16,7,6,8,6,6
0,2,11,21,8,5,13,1,-0.18,0,24,6,20,20,25,25,5,5,1,6,6,6,6,6,6,6,6,2,27,10,4,4,4,2,7,3,2,9,6,7,9,5,5,6,2,3,9,6,7,7,9,9,5,3,6,19,20,19,14,13,15,19,20,19,14,13,15,6,9,7,9,6,1,6,9,7,7,6,5,7,4,0,6,3,3,19,17,19,15,15,15,7,8,8,7,7,0,1,0,18,16,18,16,16,16,7,6,8,6,6
0,2,11,21,8,17,15,0,0.31,1,22,4,35,40,5,5,7,8,1,7,8,8,6,6,6,7,6,2,27,10,4,4,4,2,7,3,2,9,6,7,9,5,5,6,2,3,9,6,7,7,9,9,5,3,6,19,20,19,14,13,15,19,20,19,14,13,15,6,9,7,9,6,0,5,6,6,7,10,5,6,4,0,6,3,3,19,17,19,15,15,15,7,8,8,7,7,0,1,0,18,16,18,16,16,16,7,6,8,6,6
0,2,11,21,8,6,18,0,0.75,0,34,2,30,10,30,10,5,15,0,4,6,9,7,8,5,6,4,1,27,10,4,4,4,2,7,3,2,9,6,7,9,5,5,6,2,3,9,6,7,7,9,9,5,3,6,19,20,19,14,13,15,19,20,19,14,13,15,6,9,7,9,6,1,7,9,10,6,8,5,8,5,1,6,3,3,19,17,19,15,15,15,7,8,8,7,7,0,1,0,18,16,18,16,16,16,7,6,8,6,6
0,2,11,21,8,20,19,1,0.47,1,27,4,20,20,15,15,12,18,1,6,8,8,6,6,7,6,7,2,27,10,4,4,4,2,7,3,2,9,6,7,9,5,5,6,2,3,9,6,7,7,9,9,5,3,6,19,20,19,14,13,15,19,20,19,14,13,15,6,9,7,9,6,1,6,7,9,7,10,7,7,5,0,6,3,3,19,17,19,15,15,15,7,8,8,7,7,0,1,0,18,16,18,16,16,16,7,6,8,6,6
0,2,11,21,8,4,21,0,0.4,0,28,3,23,18,21,18,10,10,0,3,6,8,6,6,4,4,5,2,27,10,4,4,4,2,7,3,2,9,6,7,9,5,5,6,2,3,9,6,7,7,9,9,5,3,6,19,20,19,14,13,15,19,20,19,14,13,15,6,9,7,9,6,1,7,7,8,8,9,4,7,5,0,6,3,3,19,17,19,15,15,15,7,8,8,7,7,0,1,0,18,16,18,16,16,16,7,6,8,6,6
0,2,11,21,3,16,1,0,0.34,0,29,2,30,25,18,18,4,5,0,2,7,7,5,5,4,4,1,2,26,10,4,1,4,1,7,2,2,6,4,3,9,9,8,3,5,8,9,2,9,9,9,9,4,6,3,15,20,20,20,15,10,45,10,10,20,5,10,5,8,7,7,8,0,6,8,8,6,5,7,6,5,0,3,1,3,30,20,20,15,10,5,5,8,8,7,8,0,2,0,25,30,25,5,10,5,6,8,8,7,8
0,2,11,21,3,18,2,0,0.39,0,24,3,30,10,20,20,10,10,0,3,0,6,5,4,5,6,5,2,26,10,4,1,4,1,7,2,2,6,4,3,9,9,8,3,5,8,9,2,9,9,9,9,4,6,3,15,20,20,20,15,10,45,10,10,20,5,10,5,8,7,7,8,0,5,6,7,6,6,6,7,5,0,3,1,3,30,20,20,15,10,5,5,8,8,7,8,0,2,0,25,30,25,5,10,5,6,8,8,7,8
0,2,11,21,3,10,3,1,0.54,0,21,2,25,10,25,5,10,25,1,6,6,7,5,6,7,6,6,2,26,10,4,1,4,1,7,2,2,6,4,3,9,9,8,3,5,8,9,2,9,9,9,9,4,6,3,15,20,20,20,15,10,45,10,10,20,5,10,5,8,7,7,8,1,8,8,8,8,7,7,7,5,0,3,1,3,30,20,20,15,10,5,5,8,8,7,8,0,2,0,25,30,25,5,10,5,6,8,8,7,8
0,2,11,21,3,2,4,1,0.7,0,26,2,24,16,28,14,8,10,1,8,10,9,7,5,8,9,10,2,26,10,4,1,4,1,7,2,2,6,4,3,9,9,8,3,5,8,9,2,9,9,9,9,4,6,3,15,20,20,20,15,10,45,10,10,20,5,10,5,8,7,7,8,1,8,10,9,8,7,8,9,10,1,3,1,3,30,20,20,15,10,5,5,8,8,7,8,0,2,0,25,30,25,5,10,5,6,8,8,7,8
0,2,11,21,3,17,6,0,0.68,0,32,2,25,15,20,25,10,5,0,5,5,6,5,5,2,5,3,2,26,10,4,1,4,1,7,2,2,6,4,3,9,9,8,3,5,8,9,2,9,9,9,9,4,6,3,15,20,20,20,15,10,45,10,10,20,5,10,5,8,7,7,8,0,5,7,7,6,6,4,6,5,0,3,1,3,30,20,20,15,10,5,5,8,8,7,8,0,2,0,25,30,25,5,10,5,6,8,8,7,8
0,2,11,21,3,19,7,0,-0.01,0,25,2,27,15,28,10,10,10,0,7,8,10,9,7,8,4,1,1,26,10,4,1,4,1,7,2,2,6,4,3,9,9,8,3,5,8,9,2,9,9,9,9,4,6,3,15,20,20,20,15,10,45,10,10,20,5,10,5,8,7,7,8,1,8,6,8,8,8,5,6,5,1,3,1,3,30,20,20,15,10,5,5,8,8,7,8,0,2,0,25,30,25,5,10,5,6,8,8,7,8
0,2,11,21,3,9,8,1,0.63,0,25,2,25,20,30,15,5,5,1,7,7,8,7,7,7,7,3,1,26,10,4,1,4,1,7,2,2,6,4,3,9,9,8,3,5,8,9,2,9,9,9,9,4,6,3,15,20,20,20,15,10,45,10,10,20,5,10,5,8,7,7,8,1,4,8,8,7,8,7,7,5,1,3,1,3,30,20,20,15,10,5,5,8,8,7,8,0,2,0,25,30,25,5,10,5,6,8,8,7,8
0,2,11,21,3,7,9,0,0.48,0,27,2,20,20,20,15,5,20,0,3,7,9,3,5,3,5,5,2,26,10,4,1,4,1,7,2,2,6,4,3,9,9,8,3,5,8,9,2,9,9,9,9,4,6,3,15,20,20,20,15,10,45,10,10,20,5,10,5,8,7,7,8,0,6,8,9,6,6,5,6,5,0,3,1,3,30,20,20,15,10,5,5,8,8,7,8,0,2,0,25,30,25,5,10,5,6,8,8,7,8
0,2,11,21,3,5,11,0,0.08,1,27,4,50,10,10,10,10,10,1,6,6,6,6,6,6,8,8,2,26,10,4,1,4,1,7,2,2,6,4,3,9,9,8,3,5,8,9,2,9,9,9,9,4,6,3,15,20,20,20,15,10,45,10,10,20,5,10,5,8,7,7,8,0,3,6,7,5,7,4,7,5,0,3,1,3,30,20,20,15,10,5,5,8,8,7,8,0,2,0,25,30,25,5,10,5,6,8,8,7,8
0,2,11,21,3,21,13,0,0.08,0,24,6,20,20,25,25,5,5,1,6,6,6,6,6,6,6,6,2,26,10,4,1,4,1,7,2,2,6,4,3,9,9,8,3,5,8,9,2,9,9,9,9,4,6,3,15,20,20,20,15,10,45,10,10,20,5,10,5,8,7,7,8,0,5,7,7,5,6,5,6,5,0,3,1,3,30,20,20,15,10,5,5,8,8,7,8,0,2,0,25,30,25,5,10,5,6,8,8,7,8
0,2,11,21,3,12,15,0,0.1,1,22,4,35,40,5,5,7,8,0,4,6,5,4,5,7,4,5,2,26,10,4,1,4,1,7,2,2,6,4,3,9,9,8,3,5,8,9,2,9,9,9,9,4,6,3,15,20,20,20,15,10,45,10,10,20,5,10,5,8,7,7,8,0,6,4,6,5,6,4,3,4,0,3,1,3,30,20,20,15,10,5,5,8,8,7,8,0,2,0,25,30,25,5,10,5,6,8,8,7,8
0,2,11,21,3,13,16,0,0.59,0,27,2,20,20,15,25,10,10,0,4,6,6,5,6,5,5,3,2,26,10,4,1,4,1,7,2,2,6,4,3,9,9,8,3,5,8,9,2,9,9,9,9,4,6,3,15,20,20,20,15,10,45,10,10,20,5,10,5,8,7,7,8,1,7,6,7,8,7,6,7,5,0,3,1,3,30,20,20,15,10,5,5,8,8,7,8,0,2,0,25,30,25,5,10,5,6,8,8,7,8
0,2,11,21,3,14,17,0,0.17,1,28,4,20,30,10,20,0,20,0,4,2,6,2,7,2,3,1,2,26,10,4,1,4,1,7,2,2,6,4,3,9,9,8,3,5,8,9,2,9,9,9,9,4,6,3,15,20,20,20,15,10,45,10,10,20,5,10,5,8,7,7,8,1,6,7,7,9,8,6,8,6,0,3,1,3,30,20,20,15,10,5,5,8,8,7,8,0,2,0,25,30,25,5,10,5,6,8,8,7,8
0,2,11,21,3,1,18,0,0.51,0,34,2,30,10,30,10,5,15,0,5,7,8,6,7,3,4,3,2,26,10,4,1,4,1,7,2,2,6,4,3,9,9,8,3,5,8,9,2,9,9,9,9,4,6,3,15,20,20,20,15,10,45,10,10,20,5,10,5,8,7,7,8,1,7,8,7,6,6,8,7,5,0,3,1,3,30,20,20,15,10,5,5,8,8,7,8,0,2,0,25,30,25,5,10,5,6,8,8,7,8
0,2,11,21,3,15,19,1,0.3,1,27,4,20,20,15,15,12,18,1,6,7,8,7,6,6,6,6,1,26,10,4,1,4,1,7,2,2,6,4,3,9,9,8,3,5,8,9,2,9,9,9,9,4,6,3,15,20,20,20,15,10,45,10,10,20,5,10,5,8,7,7,8,1,4,8,8,7,8,6,7,5,1,3,1,3,30,20,20,15,10,5,5,8,8,7,8,0,2,0,25,30,25,5,10,5,6,8,8,7,8
0,2,11,21,3,4,20,0,0.28,0,28,1,20,18,20,17,10,15,0,5,9,7,4,6,4,5,4,2,26,10,4,1,4,1,7,2,2,6,4,3,9,9,8,3,5,8,9,2,9,9,9,9,4,6,3,15,20,20,20,15,10,45,10,10,20,5,10,5,8,7,7,8,0,6,6,6,8,8,4,6,7,0,3,1,3,30,20,20,15,10,5,5,8,8,7,8,0,2,0,25,30,25,5,10,5,6,8,8,7,8
0,2,11,21,3,20,21,0,0.69,0,28,3,23,18,21,18,10,10,0,5,6,7,6,5,5,5,5,2,26,10,4,1,4,1,7,2,2,6,4,3,9,9,8,3,5,8,9,2,9,9,9,9,4,6,3,15,20,20,20,15,10,45,10,10,20,5,10,5,8,7,7,8,0,7,6,7,6,5,5,5,5,0,3,1,3,30,20,20,15,10,5,5,8,8,7,8,0,2,0,25,30,25,5,10,5,6,8,8,7,8
0,2,11,21,17,9,1,0,0.19,1,29,2,30,25,18,18,4,5,0,2,8,9,9,8,5,8,4,1,29,3,2,1,10,6,6,3,10,9,9,8,7,7,3,7,1,3,10,4,1,7,5,8,1,1,1,10,40,20,20,0,10,20,10,10,20,10,30,6,10,5,9,3,1,9,9,9,9,8,7,8,7,0,7,3,2,10,30,10,10,10,30,6,9,9,6,3,0,0,0,10,30,20,15,5,20,6,9,9,5,3
0,2,11,21,17,11,2,0,0.09,0,24,3,30,10,20,20,10,10,0,4,6,7,6,2,5,5,7,2,29,3,2,1,10,6,6,3,10,9,9,8,7,7,3,7,1,3,10,4,1,7,5,8,1,1,1,10,40,20,20,0,10,20,10,10,20,10,30,6,10,5,9,3,0,7,7,8,7,8,4,7,2,0,7,3,2,10,30,10,10,10,30,6,9,9,6,3,0,0,0,10,30,20,15,5,20,6,9,9,5,3
0,2,11,21,17,3,3,0,0.2,1,21,2,25,10,25,5,10,25,1,4,7,8,5,8,7,5,7,2,29,3,2,1,10,6,6,3,10,9,9,8,7,7,3,7,1,3,10,4,1,7,5,8,1,1,1,10,40,20,20,0,10,20,10,10,20,10,30,6,10,5,9,3,0,6,8,8,5,8,5,5,4,0,7,3,2,10,30,10,10,10,30,6,9,9,6,3,0,0,0,10,30,20,15,5,20,6,9,9,5,3
0,2,11,21,17,16,4,0,0.39,1,26,2,24,16,28,14,8,10,0,5,6,7,3,6,6,6,3,2,29,3,2,1,10,6,6,3,10,9,9,8,7,7,3,7,1,3,10,4,1,7,5,8,1,1,1,10,40,20,20,0,10,20,10,10,20,10,30,6,10,5,9,3,0,7,7,8,8,7,6,7,5,0,7,3,2,10,30,10,10,10,30,6,9,9,6,3,0,0,0,10,30,20,15,5,20,6,9,9,5,3
0,2,11,21,17,10,6,0,0.14,1,32,2,25,15,20,25,10,5,1,5,5,6,7,7,2,6,5,2,29,3,2,1,10,6,6,3,10,9,9,8,7,7,3,7,1,3,10,4,1,7,5,8,1,1,1,10,40,20,20,0,10,20,10,10,20,10,30,6,10,5,9,3,0,6,8,8,8,8,3,7,3,0,7,3,2,10,30,10,10,10,30,6,9,9,6,3,0,0,0,10,30,20,15,5,20,6,9,9,5,3
0,2,11,21,17,12,7,0,0.44,1,25,2,27,15,28,10,10,10,0,6,8,9,3,7,4,5,3,2,29,3,2,1,10,6,6,3,10,9,9,8,7,7,3,7,1,3,10,4,1,7,5,8,1,1,1,10,40,20,20,0,10,20,10,10,20,10,30,6,10,5,9,3,0,7,7,8,7,6,4,7,2,0,7,3,2,10,30,10,10,10,30,6,9,9,6,3,0,0,0,10,30,20,15,5,20,6,9,9,5,3
0,2,11,21,17,2,8,0,0.42,1,25,2,25,20,30,15,5,5,0,3,7,7,5,7,4,4,5,2,29,3,2,1,10,6,6,3,10,9,9,8,7,7,3,7,1,3,10,4,1,7,5,8,1,1,1,10,40,20,20,0,10,20,10,10,20,10,30,6,10,5,9,3,0,6,9,9,7,6,6,7,6,0,7,3,2,10,30,10,10,10,30,6,9,9,6,3,0,0,0,10,30,20,15,5,20,6,9,9,5,3
0,2,11,21,17,21,9,0,0.34,1,27,2,20,20,20,15,5,20,1,6,7,7,5,3,4,8,4,2,29,3,2,1,10,6,6,3,10,9,9,8,7,7,3,7,1,3,10,4,1,7,5,8,1,1,1,10,40,20,20,0,10,20,10,10,20,10,30,6,10,5,9,3,0,6,7,8,7,6,7,7,4,0,7,3,2,10,30,10,10,10,30,6,9,9,6,3,0,0,0,10,30,20,15,5,20,6,9,9,5,3
0,2,11,21,17,20,10,0,0.47,0,23,1,25,15,20,20,10,10,1,7,7,7,7,7,7,7,5,2,29,3,2,1,10,6,6,3,10,9,9,8,7,7,3,7,1,3,10,4,1,7,5,8,1,1,1,10,40,20,20,0,10,20,10,10,20,10,30,6,10,5,9,3,0,8,8,7,7,7,6,6,6,0,7,3,2,10,30,10,10,10,30,6,9,9,6,3,0,0,0,10,30,20,15,5,20,6,9,9,5,3
0,2,11,21,17,19,11,0,0.53,0,27,4,50,10,10,10,10,10,1,10,10,10,10,10,10,10,10,2,29,3,2,1,10,6,6,3,10,9,9,8,7,7,3,7,1,3,10,4,1,7,5,8,1,1,1,10,40,20,20,0,10,20,10,10,20,10,30,6,10,5,9,3,0,6,7,7,7,7,5,7,6,0,7,3,2,10,30,10,10,10,30,6,9,9,6,3,0,0,0,10,30,20,15,5,20,6,9,9,5,3
0,2,11,21,17,14,13,0,-0.09,0,24,6,20,20,25,25,5,5,1,7,7,7,7,7,7,7,7,2,29,3,2,1,10,6,6,3,10,9,9,8,7,7,3,7,1,3,10,4,1,7,5,8,1,1,1,10,40,20,20,0,10,20,10,10,20,10,30,6,10,5,9,3,0,6,8,8,8,6,5,8,4,0,7,3,2,10,30,10,10,10,30,6,9,9,6,3,0,0,0,10,30,20,15,5,20,6,9,9,5,3
0,2,11,21,17,5,15,0,-0.09,0,22,4,35,40,5,5,7,8,1,6,8,6,6,5,6,6,7,2,29,3,2,1,10,6,6,3,10,9,9,8,7,7,3,7,1,3,10,4,1,7,5,8,1,1,1,10,40,20,20,0,10,20,10,10,20,10,30,6,10,5,9,3,0,6,7,8,6,9,4,6,3,0,7,3,2,10,30,10,10,10,30,6,9,9,6,3,0,0,0,10,30,20,15,5,20,6,9,9,5,3
0,2,11,21,17,6,16,0,0.6,1,27,2,20,20,15,25,10,10,0,4,7,7,6,5,5,6,4,2,29,3,2,1,10,6,6,3,10,9,9,8,7,7,3,7,1,3,10,4,1,7,5,8,1,1,1,10,40,20,20,0,10,20,10,10,20,10,30,6,10,5,9,3,0,9,8,7,8,6,6,7,2,0,7,3,2,10,30,10,10,10,30,6,9,9,6,3,0,0,0,10,30,20,15,5,20,6,9,9,5,3
0,2,11,21,17,7,17,0,0.5,0,28,4,20,30,10,20,0,20,1,6,9,9,7,6,8,8,7,2,29,3,2,1,10,6,6,3,10,9,9,8,7,7,3,7,1,3,10,4,1,7,5,8,1,1,1,10,40,20,20,0,10,20,10,10,20,10,30,6,10,5,9,3,0,8,8,9,8,8,8,8,7,0,7,3,2,10,30,10,10,10,30,6,9,9,6,3,0,0,0,10,30,20,15,5,20,6,9,9,5,3
0,2,11,21,17,15,18,0,0.6,1,34,2,30,10,30,10,5,15,0,3,5,6,5,6,3,3,3,2,29,3,2,1,10,6,6,3,10,9,9,8,7,7,3,7,1,3,10,4,1,7,5,8,1,1,1,10,40,20,20,0,10,20,10,10,20,10,30,6,10,5,9,3,0,6,6,7,6,7,5,6,2,0,7,3,2,10,30,10,10,10,30,6,9,9,6,3,0,0,0,10,30,20,15,5,20,6,9,9,5,3
0,2,11,21,17,8,19,0,0.62,0,27,4,20,20,15,15,12,18,1,5,10,9,7,6,6,5,7,2,29,3,2,1,10,6,6,3,10,9,9,8,7,7,3,7,1,3,10,4,1,7,5,8,1,1,1,10,40,20,20,0,10,20,10,10,20,10,30,6,10,5,9,3,0,7,8,8,7,8,6,7,4,0,7,3,2,10,30,10,10,10,30,6,9,9,6,3,0,0,0,10,30,20,15,5,20,6,9,9,5,3
0,2,11,21,17,18,20,0,0.48,0,28,1,20,18,20,17,10,15,0,10,10,10,4,5,4,5,5,2,29,3,2,1,10,6,6,3,10,9,9,8,7,7,3,7,1,3,10,4,1,7,5,8,1,1,1,10,40,20,20,0,10,20,10,10,20,10,30,6,10,5,9,3,0,10,9,9,6,6,5,9,2,0,7,3,2,10,30,10,10,10,30,6,9,9,6,3,0,0,0,10,30,20,15,5,20,6,9,9,5,3
0,2,11,21,17,13,21,0,0.31,0,28,3,23,18,21,18,10,10,0,3,8,7,4,4,3,3,4,2,29,3,2,1,10,6,6,3,10,9,9,8,7,7,3,7,1,3,10,4,1,7,5,8,1,1,1,10,40,20,20,0,10,20,10,10,20,10,30,6,10,5,9,3,0,8,8,8,8,8,3,7,3,0,7,3,2,10,30,10,10,10,30,6,9,9,6,3,0,0,0,10,30,20,15,5,20,6,9,9,5,3
0,2,11,21,15,7,1,0,0.32,1,29,2,30,25,18,18,4,5,0,5,6,5,5,7,3,4,1,2,26,6,2,1,3,1,6,2,2,7,1,7,5,7,8,6,1,5,9,7,4,8,2,6,2,1,3,15,15,25,20,5,20,30,10,10,20,10,20,8,7,8,9,5,0,3,6,6,5,6,3,2,3,0,5,3,3,15,20,25,20,10,25,7,8,8,9,7,0,4,1,15,20,25,20,10,10,8,7,9,8,7
0,2,11,21,15,9,2,1,0.14,0,24,3,30,10,20,20,10,10,1,6,7,8,8,9,8,6,6,2,26,6,2,1,3,1,6,2,2,7,1,7,5,7,8,6,1,5,9,7,4,8,2,6,2,1,3,15,15,25,20,5,20,30,10,10,20,10,20,8,7,8,9,5,1,6,8,8,8,7,6,8,6,0,5,3,3,15,20,25,20,10,25,7,8,8,9,7,0,4,1,15,20,25,20,10,10,8,7,9,8,7
0,2,11,21,15,1,3,0,0.4,1,21,2,25,10,25,5,10,25,1,5,8,7,7,5,6,5,7,2,26,6,2,1,3,1,6,2,2,7,1,7,5,7,8,6,1,5,9,7,4,8,2,6,2,1,3,15,15,25,20,5,20,30,10,10,20,10,20,8,7,8,9,5,0,5,6,7,5,8,5,5,6,0,5,3,3,15,20,25,20,10,25,7,8,8,9,7,0,4,1,15,20,25,20,10,10,8,7,9,8,7
0,2,11,21,15,14,4,0,0.57,1,26,2,24,16,28,14,8,10,1,8,9,6,8,5,7,9,8,2,26,6,2,1,3,1,6,2,2,7,1,7,5,7,8,6,1,5,9,7,4,8,2,6,2,1,3,15,15,25,20,5,20,30,10,10,20,10,20,8,7,8,9,5,0,5,6,7,6,6,6,6,5,0,5,3,3,15,20,25,20,10,25,7,8,8,9,7,0,4,1,15,20,25,20,10,10,8,7,9,8,7
0,2,11,21,15,8,6,0,0.57,1,32,2,25,15,20,25,10,5,0,3,5,7,5,5,2,5,4,2,26,6,2,1,3,1,6,2,2,7,1,7,5,7,8,6,1,5,9,7,4,8,2,6,2,1,3,15,15,25,20,5,20,30,10,10,20,10,20,8,7,8,9,5,0,3,6,7,7,7,3,6,3,0,5,3,3,15,20,25,20,10,25,7,8,8,9,7,0,4,1,15,20,25,20,10,10,8,7,9,8,7
0,2,11,21,15,10,7,1,0.73,1,25,2,27,15,28,10,10,10,1,7,7,9,7,6,6,6,5,2,26,6,2,1,3,1,6,2,2,7,1,7,5,7,8,6,1,5,9,7,4,8,2,6,2,1,3,15,15,25,20,5,20,30,10,10,20,10,20,8,7,8,9,5,1,7,8,8,8,7,5,7,6,0,5,3,3,15,20,25,20,10,25,7,8,8,9,7,0,4,1,15,20,25,20,10,10,8,7,9,8,7
0,2,11,21,15,21,8,1,0.54,1,25,2,25,20,30,15,5,5,1,7,7,7,8,7,7,8,5,1,26,6,2,1,3,1,6,2,2,7,1,7,5,7,8,6,1,5,9,7,4,8,2,6,2,1,3,15,15,25,20,5,20,30,10,10,20,10,20,8,7,8,9,5,1,5,7,8,7,5,6,6,6,1,5,3,3,15,20,25,20,10,25,7,8,8,9,7,0,4,1,15,20,25,20,10,10,8,7,9,8,7
0,2,11,21,15,19,9,0,0.31,1,27,2,20,20,20,15,5,20,1,5,4,6,3,3,2,4,1,2,26,6,2,1,3,1,6,2,2,7,1,7,5,7,8,6,1,5,9,7,4,8,2,6,2,1,3,15,15,25,20,5,20,30,10,10,20,10,20,8,7,8,9,5,0,4,4,6,3,6,5,3,3,0,5,3,3,15,20,25,20,10,25,7,8,8,9,7,0,4,1,15,20,25,20,10,10,8,7,9,8,7
0,2,11,21,15,18,10,1,-0.06,0,23,1,25,15,20,20,10,10,1,7,7,7,7,7,7,7,3,2,26,6,2,1,3,1,6,2,2,7,1,7,5,7,8,6,1,5,9,7,4,8,2,6,2,1,3,15,15,25,20,5,20,30,10,10,20,10,20,8,7,8,9,5,1,8,8,7,5,5,6,6,5,1,5,3,3,15,20,25,20,10,25,7,8,8,9,7,0,4,1,15,20,25,20,10,10,8,7,9,8,7
0,2,11,21,15,17,11,0,0.16,0,27,4,50,10,10,10,10,10,1,10,10,10,10,10,10,10,10,2,26,6,2,1,3,1,6,2,2,7,1,7,5,7,8,6,1,5,9,7,4,8,2,6,2,1,3,15,15,25,20,5,20,30,10,10,20,10,20,8,7,8,9,5,0,4,8,8,8,6,4,6,3,1,5,3,3,15,20,25,20,10,25,7,8,8,9,7,0,4,1,15,20,25,20,10,10,8,7,9,8,7
0,2,11,21,15,12,13,0,-0.19,0,24,6,20,20,25,25,5,5,1,7,7,7,7,7,7,7,7,2,26,6,2,1,3,1,6,2,2,7,1,7,5,7,8,6,1,5,9,7,4,8,2,6,2,1,3,15,15,25,20,5,20,30,10,10,20,10,20,8,7,8,9,5,0,2,5,6,2,6,7,3,4,0,5,3,3,15,20,25,20,10,25,7,8,8,9,7,0,4,1,15,20,25,20,10,10,8,7,9,8,7
0,2,11,21,15,3,15,0,0.1,0,22,4,35,40,5,5,7,8,1,8,8,8,8,7,10,9,8,2,26,6,2,1,3,1,6,2,2,7,1,7,5,7,8,6,1,5,9,7,4,8,2,6,2,1,3,15,15,25,20,5,20,30,10,10,20,10,20,8,7,8,9,5,0,2,3,6,4,6,5,3,3,0,5,3,3,15,20,25,20,10,25,7,8,8,9,7,0,4,1,15,20,25,20,10,10,8,7,9,8,7
0,2,11,21,15,4,16,0,0.38,1,27,2,20,20,15,25,10,10,0,3,4,5,3,3,5,4,3,2,26,6,2,1,3,1,6,2,2,7,1,7,5,7,8,6,1,5,9,7,4,8,2,6,2,1,3,15,15,25,20,5,20,30,10,10,20,10,20,8,7,8,9,5,1,8,7,7,7,7,6,7,6,0,5,3,3,15,20,25,20,10,25,7,8,8,9,7,0,4,1,15,20,25,20,10,10,8,7,9,8,7
0,2,11,21,15,5,17,0,0.32,0,28,4,20,30,10,20,0,20,1,8,8,5,5,6,7,7,4,2,26,6,2,1,3,1,6,2,2,7,1,7,5,7,8,6,1,5,9,7,4,8,2,6,2,1,3,15,15,25,20,5,20,30,10,10,20,10,20,8,7,8,9,5,0,6,8,8,8,7,8,6,8,1,5,3,3,15,20,25,20,10,25,7,8,8,9,7,0,4,1,15,20,25,20,10,10,8,7,9,8,7
0,2,11,21,15,13,18,0,0.41,1,34,2,30,10,30,10,5,15,0,3,5,7,5,7,4,3,2,2,26,6,2,1,3,1,6,2,2,7,1,7,5,7,8,6,1,5,9,7,4,8,2,6,2,1,3,15,15,25,20,5,20,30,10,10,20,10,20,8,7,8,9,5,0,5,6,7,7,7,5,6,4,0,5,3,3,15,20,25,20,10,25,7,8,8,9,7,0,4,1,15,20,25,20,10,10,8,7,9,8,7
0,2,11,21,15,6,19,0,0.4,0,27,4,20,20,15,15,12,18,1,5,8,7,6,6,6,5,5,2,26,6,2,1,3,1,6,2,2,7,1,7,5,7,8,6,1,5,9,7,4,8,2,6,2,1,3,15,15,25,20,5,20,30,10,10,20,10,20,8,7,8,9,5,0,7,6,6,3,6,5,6,4,0,5,3,3,15,20,25,20,10,25,7,8,8,9,7,0,4,1,15,20,25,20,10,10,8,7,9,8,7
0,2,11,21,15,16,20,0,0.41,0,28,1,20,18,20,17,10,15,1,6,10,10,7,7,4,7,7,2,26,6,2,1,3,1,6,2,2,7,1,7,5,7,8,6,1,5,9,7,4,8,2,6,2,1,3,15,15,25,20,5,20,30,10,10,20,10,20,8,7,8,9,5,0,6,7,6,7,6,6,6,4,0,5,3,3,15,20,25,20,10,25,7,8,8,9,7,0,4,1,15,20,25,20,10,10,8,7,9,8,7
0,2,11,21,15,11,21,0,0.05,0,28,3,23,18,21,18,10,10,0,5,6,7,6,6,3,5,5,2,26,6,2,1,3,1,6,2,2,7,1,7,5,7,8,6,1,5,9,7,4,8,2,6,2,1,3,15,15,25,20,5,20,30,10,10,20,10,20,8,7,8,9,5,0,3,7,6,4,6,4,3,4,0,5,3,3,15,20,25,20,10,25,7,8,8,9,7,0,4,1,15,20,25,20,10,10,8,7,9,8,7
0,2,11,21,21,13,1,0,-0.08,0,29,2,30,25,18,18,4,5,0,9,7,5,6,5,7,6,5,2,26,10,4,2,2,1,3,3,4,4,8,5,9,7,6,4,7,8,3,9,5,9,4,9,10,2,4,20,30,10,15,10,15,20,30,20,10,20,10,7,6,5,7,7,0,4,5,6,5,5,5,5,6,0,1,1,2,40,30,7,8,7,8,8,8,8,7,7,0,0,0,17,20,13,17,13,20,7,9,5,6,5
0,2,11,21,21,15,2,0,0.1,0,24,3,30,10,20,20,10,10,0,3,2,3,2,4,2,4,5,2,26,10,4,2,2,1,3,3,4,4,8,5,9,7,6,4,7,8,3,9,5,9,4,9,10,2,4,20,30,10,15,10,15,20,30,20,10,20,10,7,6,5,7,7,0,4,6,5,5,5,4,5,6,0,1,1,2,40,30,7,8,7,8,8,8,8,7,7,0,0,0,17,20,13,17,13,20,7,9,5,6,5
0,2,11,21,21,7,3,0,-0.48,0,21,2,25,10,25,5,10,25,1,5,6,7,5,6,5,5,7,2,26,10,4,2,2,1,3,3,4,4,8,5,9,7,6,4,7,8,3,9,5,9,4,9,10,2,4,20,30,10,15,10,15,20,30,20,10,20,10,7,6,5,7,7,0,6,5,7,4,7,4,5,6,0,1,1,2,40,30,7,8,7,8,8,8,8,7,7,0,0,0,17,20,13,17,13,20,7,9,5,6,5
0,2,11,21,21,20,4,0,-0.22,0,26,2,24,16,28,14,8,10,0,5,8,3,5,3,4,6,3,2,26,10,4,2,2,1,3,3,4,4,8,5,9,7,6,4,7,8,3,9,5,9,4,9,10,2,4,20,30,10,15,10,15,20,30,20,10,20,10,7,6,5,7,7,0,5,6,6,6,7,6,5,6,0,1,1,2,40,30,7,8,7,8,8,8,8,7,7,0,0,0,17,20,13,17,13,20,7,9,5,6,5
0,2,11,21,21,16,7,0,-0.29,0,25,2,27,15,28,10,10,10,0,6,7,8,4,5,4,4,6,2,26,10,4,2,2,1,3,3,4,4,8,5,9,7,6,4,7,8,3,9,5,9,4,9,10,2,4,20,30,10,15,10,15,20,30,20,10,20,10,7,6,5,7,7,0,6,5,5,5,5,5,5,6,0,1,1,2,40,30,7,8,7,8,8,8,8,7,7,0,0,0,17,20,13,17,13,20,7,9,5,6,5
0,2,11,21,21,6,8,0,-0.45,0,25,2,25,20,30,15,5,5,0,5,5,5,5,5,5,4,3,2,26,10,4,2,2,1,3,3,4,4,8,5,9,7,6,4,7,8,3,9,5,9,4,9,10,2,4,20,30,10,15,10,15,20,30,20,10,20,10,7,6,5,7,7,0,4,7,7,4,7,4,5,6,0,1,1,2,40,30,7,8,7,8,8,8,8,7,7,0,0,0,17,20,13,17,13,20,7,9,5,6,5
0,2,11,21,21,4,9,0,-0.34,0,27,2,20,20,20,15,5,20,0,5,5,6,7,8,3,3,1,2,26,10,4,2,2,1,3,3,4,4,8,5,9,7,6,4,7,8,3,9,5,9,4,9,10,2,4,20,30,10,15,10,15,20,30,20,10,20,10,7,6,5,7,7,0,4,6,7,3,4,4,5,6,0,1,1,2,40,30,7,8,7,8,8,8,8,7,7,0,0,0,17,20,13,17,13,20,7,9,5,6,5
0,2,11,21,21,2,11,0,-0.51,1,27,4,50,10,10,10,10,10,0,5,5,5,5,5,5,1,1,2,26,10,4,2,2,1,3,3,4,4,8,5,9,7,6,4,7,8,3,9,5,9,4,9,10,2,4,20,30,10,15,10,15,20,30,20,10,20,10,7,6,5,7,7,0,3,7,7,5,5,4,5,7,0,1,1,2,40,30,7,8,7,8,8,8,8,7,7,0,0,0,17,20,13,17,13,20,7,9,5,6,5
0,2,11,21,21,18,13,0,0.24,0,24,6,20,20,25,25,5,5,1,6,6,6,6,6,6,6,6,2,26,10,4,2,2,1,3,3,4,4,8,5,9,7,6,4,7,8,3,9,5,9,4,9,10,2,4,20,30,10,15,10,15,20,30,20,10,20,10,7,6,5,7,7,0,3,6,6,6,5,4,5,6,0,1,1,2,40,30,7,8,7,8,8,8,8,7,7,0,0,0,17,20,13,17,13,20,7,9,5,6,5
0,2,11,21,21,9,15,0,0.01,1,22,4,35,40,5,5,7,8,1,9,9,9,9,6,10,9,8,2,26,10,4,2,2,1,3,3,4,4,8,5,9,7,6,4,7,8,3,9,5,9,4,9,10,2,4,20,30,10,15,10,15,20,30,20,10,20,10,7,6,5,7,7,0,3,7,7,4,6,5,5,3,0,1,1,2,40,30,7,8,7,8,8,8,8,7,7,0,0,0,17,20,13,17,13,20,7,9,5,6,5
0,2,11,21,21,10,16,0,-0.39,0,27,2,20,20,15,25,10,10,0,3,6,3,3,3,3,4,3,2,26,10,4,2,2,1,3,3,4,4,8,5,9,7,6,4,7,8,3,9,5,9,4,9,10,2,4,20,30,10,15,10,15,20,30,20,10,20,10,7,6,5,7,7,0,5,5,6,6,7,4,5,6,0,1,1,2,40,30,7,8,7,8,8,8,8,7,7,0,0,0,17,20,13,17,13,20,7,9,5,6,5
0,2,11,21,21,11,17,0,-0.37,1,28,4,20,30,10,20,0,20,0,7,6,5,5,6,3,5,3,2,26,10,4,2,2,1,3,3,4,4,8,5,9,7,6,4,7,8,3,9,5,9,4,9,10,2,4,20,30,10,15,10,15,20,30,20,10,20,10,7,6,5,7,7,0,5,5,5,6,6,5,5,6,0,1,1,2,40,30,7,8,7,8,8,8,8,7,7,0,0,0,17,20,13,17,13,20,7,9,5,6,5
0,2,11,21,21,19,18,0,-0.39,0,34,2,30,10,30,10,5,15,0,4,5,5,5,3,3,3,3,2,26,10,4,2,2,1,3,3,4,4,8,5,9,7,6,4,7,8,3,9,5,9,4,9,10,2,4,20,30,10,15,10,15,20,30,20,10,20,10,7,6,5,7,7,0,4,6,7,4,6,4,5,6,0,1,1,2,40,30,7,8,7,8,8,8,8,7,7,0,0,0,17,20,13,17,13,20,7,9,5,6,5
0,2,11,21,21,12,19,0,-0.12,1,27,4,20,20,15,15,12,18,1,6,9,8,7,6,6,7,7,2,26,10,4,2,2,1,3,3,4,4,8,5,9,7,6,4,7,8,3,9,5,9,4,9,10,2,4,20,30,10,15,10,15,20,30,20,10,20,10,7,6,5,7,7,0,4,7,7,6,7,7,5,6,0,1,1,2,40,30,7,8,7,8,8,8,8,7,7,0,0,0,17,20,13,17,13,20,7,9,5,6,5
0,2,11,21,21,1,20,0,-0.28,0,28,1,20,18,20,17,10,15,0,5,10,7,4,5,4,3,4,2,26,10,4,2,2,1,3,3,4,4,8,5,9,7,6,4,7,8,3,9,5,9,4,9,10,2,4,20,30,10,15,10,15,20,30,20,10,20,10,7,6,5,7,7,0,5,5,6,7,7,7,5,6,0,1,1,2,40,30,7,8,7,8,8,8,8,7,7,0,0,0,17,20,13,17,13,20,7,9,5,6,5
0,2,11,21,21,17,21,0,0.09,0,28,3,23,18,21,18,10,10,0,7,6,7,7,8,6,6,6,2,26,10,4,2,2,1,3,3,4,4,8,5,9,7,6,4,7,8,3,9,5,9,4,9,10,2,4,20,30,10,15,10,15,20,30,20,10,20,10,7,6,5,7,7,0,4,7,6,5,6,5,5,6,0,1,1,2,40,30,7,8,7,8,8,8,8,7,7,0,0,0,17,20,13,17,13,20,7,9,5,6,5
0,2,11,21,9,3,2,1,-0.22,1,24,3,30,10,20,20,10,10,1,8,9,9,8,10,9,9,8,2,24,4,3,1,1,5,6,1,4,8,6,6,5,4,3,6,5,5,8,4,5,5,4,4,4,4,5,30,20,20,10,15,5,30,10,15,20,10,15,9,9,8,9,9,1,8,7,7,8,8,8,8,7,0,7,1,2,30,15,15,15,10,15,8,8,8,7,8,0,9,1,25,15,20,20,10,10,9,9,9,7,8
0,2,11,21,9,8,4,1,0.06,0,26,2,24,16,28,14,8,10,1,8,9,8,8,7,7,8,6,2,24,4,3,1,1,5,6,1,4,8,6,6,5,4,3,6,5,5,8,4,5,5,4,4,4,4,5,30,20,20,10,15,5,30,10,15,20,10,15,9,9,8,9,9,1,7,8,9,7,8,8,8,6,0,7,1,2,30,15,15,15,10,15,8,8,8,7,8,0,9,1,25,15,20,20,10,10,9,9,9,7,8
0,2,11,21,9,4,7,1,0.63,0,25,2,27,15,28,10,10,10,1,8,9,9,8,9,6,8,8,2,24,4,3,1,1,5,6,1,4,8,6,6,5,4,3,6,5,5,8,4,5,5,4,4,4,4,5,30,20,20,10,15,5,30,10,15,20,10,15,9,9,8,9,9,1,9.5,9,9,8,9,8,9,7,0,7,1,2,30,15,15,15,10,15,8,8,8,7,8,0,9,1,25,15,20,20,10,10,9,9,9,7,8
0,2,11,21,9,15,8,0,0.32,0,25,2,25,20,30,15,5,5,0,6,7,7,7,7,7,7,2,2,24,4,3,1,1,5,6,1,4,8,6,6,5,4,3,6,5,5,8,4,5,5,4,4,4,4,5,30,20,20,10,15,5,30,10,15,20,10,15,9,9,8,9,9,0,5,8,8,7,7,5,8,5,0,7,1,2,30,15,15,15,10,15,8,8,8,7,8,0,9,1,25,15,20,20,10,10,9,9,9,7,8
0,2,11,21,9,13,9,0,0.02,0,27,2,20,20,20,15,5,20,1,10,8,8,8,10,5,8,4,2,24,4,3,1,1,5,6,1,4,8,6,6,5,4,3,6,5,5,8,4,5,5,4,4,4,4,5,30,20,20,10,15,5,30,10,15,20,10,15,9,9,8,9,9,0,5,6,7,5,5,4,5,5,0,7,1,2,30,15,15,15,10,15,8,8,8,7,8,0,9,1,25,15,20,20,10,10,9,9,9,7,8
0,2,11,21,9,11,11,0,0.74,0,27,4,50,10,10,10,10,10,1,10,10,10,10,10,10,10,10,2,24,4,3,1,1,5,6,1,4,8,6,6,5,4,3,6,5,5,8,4,5,5,4,4,4,4,5,30,20,20,10,15,5,30,10,15,20,10,15,9,9,8,9,9,0,5,7,8,6,5,5,6,8,0,7,1,2,30,15,15,15,10,15,8,8,8,7,8,0,9,1,25,15,20,20,10,10,9,9,9,7,8
0,2,11,21,9,6,13,0,-0.33,0,24,6,20,20,25,25,5,5,1,8.5,8.5,8.5,8.5,8.5,8.5,8.5,8.5,2,24,4,3,1,1,5,6,1,4,8,6,6,5,4,3,6,5,5,8,4,5,5,4,4,4,4,5,30,20,20,10,15,5,30,10,15,20,10,15,9,9,8,9,9,0,6,8,8,5,8,6,7,5,0,7,1,2,30,15,15,15,10,15,8,8,8,7,8,0,9,1,25,15,20,20,10,10,9,9,9,7,8
0,2,11,21,9,20,17,1,0.48,0,28,4,20,30,10,20,0,20,1,10,9,8,6,5,8,8,3,2,24,4,3,1,1,5,6,1,4,8,6,6,5,4,3,6,5,5,8,4,5,5,4,4,4,4,5,30,20,20,10,15,5,30,10,15,20,10,15,9,9,8,9,9,1,5,7,9,6,8,8,8,4,0,7,1,2,30,15,15,15,10,15,8,8,8,7,8,0,9,1,25,15,20,20,10,10,9,9,9,7,8
0,2,11,21,9,7,18,1,0.23,0,34,2,30,10,30,10,5,15,1,9,8,8,8,7,7,8,7,2,24,4,3,1,1,5,6,1,4,8,6,6,5,4,3,6,5,5,8,4,5,5,4,4,4,4,5,30,20,20,10,15,5,30,10,15,20,10,15,9,9,8,9,9,1,8,8,9,8,8,8,9,6,0,7,1,2,30,15,15,15,10,15,8,8,8,7,8,0,9,1,25,15,20,20,10,10,9,9,9,7,8
0,2,11,21,9,21,19,0,0.4,0,27,4,20,20,15,15,12,18,1,9,9,9,9,8,8,8,7,2,24,4,3,1,1,5,6,1,4,8,6,6,5,4,3,6,5,5,8,4,5,5,4,4,4,4,5,30,20,20,10,15,5,30,10,15,20,10,15,9,9,8,9,9,0,5,8,9,7,9,8,9,6,0,7,1,2,30,15,15,15,10,15,8,8,8,7,8,0,9,1,25,15,20,20,10,10,9,9,9,7,8
0,2,11,21,9,10,20,1,0.43,0,28,1,20,18,20,17,10,15,1,8,10,7,7,7,6,7,5,2,24,4,3,1,1,5,6,1,4,8,6,6,5,4,3,6,5,5,8,4,5,5,4,4,4,4,5,30,20,20,10,15,5,30,10,15,20,10,15,9,9,8,9,9,1,9,8,9,8,8,7,9,6,0,7,1,2,30,15,15,15,10,15,8,8,8,7,8,0,9,1,25,15,20,20,10,10,9,9,9,7,8
0,2,11,21,9,5,21,1,0.06,1,28,3,23,18,21,18,10,10,1,9,8,9,6,6,7,8,7,2,24,4,3,1,1,5,6,1,4,8,6,6,5,4,3,6,5,5,8,4,5,5,4,4,4,4,5,30,20,20,10,15,5,30,10,15,20,10,15,9,9,8,9,9,1,7,8,9,6,9,7,8,5,0,7,1,2,30,15,15,15,10,15,8,8,8,7,8,0,9,1,25,15,20,20,10,10,9,9,9,7,8
0,2,11,21,2,15,1,0,0.34,0,29,2,30,25,18,18,4,5,0,4,7,7,5,7,5,5,1,1,23,10,4,2,4,2,5,1,2,8,4,6,9,8,7,8,4,6,9,2,7,5,6,7,6,4,5,16,16,19,17,14,18,19,13,17,19,16,16,5,4,7,8,6,1,5,6,6,4,5,6,6,6,1,6,1,2,16,16,19,16,15,18,6,5,7,7,6,0,3,1,16,16,18,17,15,18,6,4,7,6,5
0,2,11,21,2,17,2,0,0.13,0,24,3,30,10,20,20,10,10,0,4,6,7,4,5,4,5,4,2,23,10,4,2,4,2,5,1,2,8,4,6,9,8,7,8,4,6,9,2,7,5,6,7,6,4,5,16,16,19,17,14,18,19,13,17,19,16,16,5,4,7,8,6,0,4,5,5,5,5,4,5,4,0,6,1,2,16,16,19,16,15,18,6,5,7,7,6,0,3,1,16,16,18,17,15,18,6,4,7,6,5
0,2,11,21,2,9,3,0,0.61,0,21,2,25,10,25,5,10,25,1,7,6,8,6,7,8,8,7,2,23,10,4,2,4,2,5,1,2,8,4,6,9,8,7,8,4,6,9,2,7,5,6,7,6,4,5,16,16,19,17,14,18,19,13,17,19,16,16,5,4,7,8,6,0,5,8,7,5,6,4,5,5,0,6,1,2,16,16,19,16,15,18,6,5,7,7,6,0,3,1,16,16,18,17,15,18,6,4,7,6,5
0,2,11,21,2,1,4,1,0.63,0,26,2,24,16,28,14,8,10,1,7,9,8,7,5,5,7,7,2,23,10,4,2,4,2,5,1,2,8,4,6,9,8,7,8,4,6,9,2,7,5,6,7,6,4,5,16,16,19,17,14,18,19,13,17,19,16,16,5,4,7,8,6,1,7,7,8,7,6,8,7,6,0,6,1,2,16,16,19,16,15,18,6,5,7,7,6,0,3,1,16,16,18,17,15,18,6,4,7,6,5
0,2,11,21,2,16,6,0,0.68,0,32,2,25,15,20,25,10,5,0,6,6,6,7,8,2,5,3,2,23,10,4,2,4,2,5,1,2,8,4,6,9,8,7,8,4,6,9,2,7,5,6,7,6,4,5,16,16,19,17,14,18,19,13,17,19,16,16,5,4,7,8,6,0,5,6,5,4,5,6,5,4,0,6,1,2,16,16,19,16,15,18,6,5,7,7,6,0,3,1,16,16,18,17,15,18,6,4,7,6,5
0,2,11,21,2,8,8,1,0.52,0,25,2,25,20,30,15,5,5,1,8,7,8,8,7,7,8,4,2,23,10,4,2,4,2,5,1,2,8,4,6,9,8,7,8,4,6,9,2,7,5,6,7,6,4,5,16,16,19,17,14,18,19,13,17,19,16,16,5,4,7,8,6,1,6,7,8,7,6,6,7,6,0,6,1,2,16,16,19,16,15,18,6,5,7,7,6,0,3,1,16,16,18,17,15,18,6,4,7,6,5
0,2,11,21,2,6,9,1,0.47,0,27,2,20,20,20,15,5,20,1,7,9,10,6,9,9,8,7,2,23,10,4,2,4,2,5,1,2,8,4,6,9,8,7,8,4,6,9,2,7,5,6,7,6,4,5,16,16,19,17,14,18,19,13,17,19,16,16,5,4,7,8,6,1,6,6,7,5,5,6,6,7,0,6,1,2,16,16,19,16,15,18,6,5,7,7,6,0,3,1,16,16,18,17,15,18,6,4,7,6,5
0,2,11,21,2,5,10,1,-0.06,0,23,1,25,15,20,20,10,10,1,9,9,9,9,9,9,8,7,2,23,10,4,2,4,2,5,1,2,8,4,6,9,8,7,8,4,6,9,2,7,5,6,7,6,4,5,16,16,19,17,14,18,19,13,17,19,16,16,5,4,7,8,6,1,6,7,6,7,5,6,6,5,0,6,1,2,16,16,19,16,15,18,6,5,7,7,6,0,3,1,16,16,18,17,15,18,6,4,7,6,5
0,2,11,21,2,4,11,0,0.57,1,27,4,50,10,10,10,10,10,1,5,5,9,5,9,9,6,9,2,23,10,4,2,4,2,5,1,2,8,4,6,9,8,7,8,4,6,9,2,7,5,6,7,6,4,5,16,16,19,17,14,18,19,13,17,19,16,16,5,4,7,8,6,0,5,7,7,5,6,5,6,5,0,6,1,2,16,16,19,16,15,18,6,5,7,7,6,0,3,1,16,16,18,17,15,18,6,4,7,6,5
0,2,11,21,2,20,13,0,-0.05,0,24,6,20,20,25,25,5,5,1,6,6,6,6,6,6,6,6,2,23,10,4,2,4,2,5,1,2,8,4,6,9,8,7,8,4,6,9,2,7,5,6,7,6,4,5,16,16,19,17,14,18,19,13,17,19,16,16,5,4,7,8,6,0,4,5,5,4,5,4,5,4,0,6,1,2,16,16,19,16,15,18,6,5,7,7,6,0,3,1,16,16,18,17,15,18,6,4,7,6,5
0,2,11,21,2,11,15,0,0.03,1,22,4,35,40,5,5,7,8,1,7,7,7,7,5,6,6,5,2,23,10,4,2,4,2,5,1,2,8,4,6,9,8,7,8,4,6,9,2,7,5,6,7,6,4,5,16,16,19,17,14,18,19,13,17,19,16,16,5,4,7,8,6,0,4,6,5,5,6,4,5,4,0,6,1,2,16,16,19,16,15,18,6,5,7,7,6,0,3,1,16,16,18,17,15,18,6,4,7,6,5
0,2,11,21,2,12,16,0,0.68,0,27,2,20,20,15,25,10,10,0,4,6,5,6,5,3,5,3,2,23,10,4,2,4,2,5,1,2,8,4,6,9,8,7,8,4,6,9,2,7,5,6,7,6,4,5,16,16,19,17,14,18,19,13,17,19,16,16,5,4,7,8,6,1,6,7,7,6,5,6,6,5,0,6,1,2,16,16,19,16,15,18,6,5,7,7,6,0,3,1,16,16,18,17,15,18,6,4,7,6,5
0,2,11,21,2,13,17,0,0.34,1,28,4,20,30,10,20,0,20,0,5,5,7,5,5,5,5,3,2,23,10,4,2,4,2,5,1,2,8,4,6,9,8,7,8,4,6,9,2,7,5,6,7,6,4,5,16,16,19,17,14,18,19,13,17,19,16,16,5,4,7,8,6,1,6,5,6,4,6,5,6,5,0,6,1,2,16,16,19,16,15,18,6,5,7,7,6,0,3,1,16,16,18,17,15,18,6,4,7,6,5
0,2,11,21,2,21,18,0,0.6,0,34,2,30,10,30,10,5,15,0,4,6,8,5,5,6,3,3,2,23,10,4,2,4,2,5,1,2,8,4,6,9,8,7,8,4,6,9,2,7,5,6,7,6,4,5,16,16,19,17,14,18,19,13,17,19,16,16,5,4,7,8,6,1,5,6,7,4,6,5,6,5,0,6,1,2,16,16,19,16,15,18,6,5,7,7,6,0,3,1,16,16,18,17,15,18,6,4,7,6,5
0,2,11,21,2,14,19,0,0.38,1,27,4,20,20,15,15,12,18,1,6,8,8,7,6,6,7,5,2,23,10,4,2,4,2,5,1,2,8,4,6,9,8,7,8,4,6,9,2,7,5,6,7,6,4,5,16,16,19,17,14,18,19,13,17,19,16,16,5,4,7,8,6,0,4,5,8,5,7,5,5,5,0,6,1,2,16,16,19,16,15,18,6,5,7,7,6,0,3,1,16,16,18,17,15,18,6,4,7,6,5
0,2,11,21,2,3,20,0,0.41,0,28,1,20,18,20,17,10,15,0,7,10,8,4,5,4,5,4,2,23,10,4,2,4,2,5,1,2,8,4,6,9,8,7,8,4,6,9,2,7,5,6,7,6,4,5,16,16,19,17,14,18,19,13,17,19,16,16,5,4,7,8,6,1,7,7,7,6,6,6,6,5,0,6,1,2,16,16,19,16,15,18,6,5,7,7,6,0,3,1,16,16,18,17,15,18,6,4,7,6,5
0,2,11,21,2,19,21,0,0.31,0,28,3,23,18,21,18,10,10,0,6,7,6,5,5,5,5,4,2,23,10,4,2,4,2,5,1,2,8,4,6,9,8,7,8,4,6,9,2,7,5,6,7,6,4,5,16,16,19,17,14,18,19,13,17,19,16,16,5,4,7,8,6,1,6,5,5,5,6,5,6,5,0,6,1,2,16,16,19,16,15,18,6,5,7,7,6,0,3,1,16,16,18,17,15,18,6,4,7,6,5
0,2,11,21,16,8,1,0,0.37,1,29,2,30,25,18,18,4,5,0,7,6,5,6,4,4,4,2,2,23,11,2,10,9,2,4,1,11,8,7,10,9,10,10,5,5,6,7,7,9,9,9,8,9,5,8,10,15,40,15,10,10,30,10,30,10,10,10,9,10,10,9,10,0,6,6,7,5,5,6,6,5,0,6,3,2,15,10,40,15,10,10,9,10,9,10,10,0,1,0,15,10,40,15,10,10,9,9,9,10,9
0,2,11,21,16,10,2,0,0.29,0,24,3,30,10,20,20,10,10,0,6,0,4,6,5,7,6,4,2,23,11,2,10,9,2,4,1,11,8,7,10,9,10,10,5,5,6,7,7,9,9,9,8,9,5,8,10,15,40,15,10,10,30,10,30,10,10,10,9,10,10,9,10,0,5,4,4,5,5,6,6,5,0,6,3,2,15,10,40,15,10,10,9,10,9,10,10,0,1,0,15,10,40,15,10,10,9,9,9,10,9
0,2,11,21,16,2,3,0,0.43,1,21,2,25,10,25,5,10,25,1,7,5,6,6,6,5,6,6,2,23,11,2,10,9,2,4,1,11,8,7,10,9,10,10,5,5,6,7,7,9,9,9,8,9,5,8,10,15,40,15,10,10,30,10,30,10,10,10,9,10,10,9,10,0,6,4,5,5,4,4,5,5,0,6,3,2,15,10,40,15,10,10,9,10,9,10,10,0,1,0,15,10,40,15,10,10,9,9,9,10,9
0,2,11,21,16,15,4,0,0.55,1,26,2,24,16,28,14,8,10,1,7,4,4,9,8,8,8,7,2,23,11,2,10,9,2,4,1,11,8,7,10,9,10,10,5,5,6,7,7,9,9,9,8,9,5,8,10,15,40,15,10,10,30,10,30,10,10,10,9,10,10,9,10,0,4,4,7,4,4,5,4,4,0,6,3,2,15,10,40,15,10,10,9,10,9,10,10,0,1,0,15,10,40,15,10,10,9,9,9,10,9
0,2,11,21,16,9,6,0,0.2,1,32,2,25,15,20,25,10,5,0,5,5,7,5,8,2,5,4,2,23,11,2,10,9,2,4,1,11,8,7,10,9,10,10,5,5,6,7,7,9,9,9,8,9,5,8,10,15,40,15,10,10,30,10,30,10,10,10,9,10,10,9,10,0,4,4,6,4,4,2,4,4,0,6,3,2,15,10,40,15,10,10,9,10,9,10,10,0,1,0,15,10,40,15,10,10,9,9,9,10,9
0,2,11,21,16,11,7,0,-0.12,1,25,2,27,15,28,10,10,10,0,9,7,6,4,6,3,4,5,2,23,11,2,10,9,2,4,1,11,8,7,10,9,10,10,5,5,6,7,7,9,9,9,8,9,5,8,10,15,40,15,10,10,30,10,30,10,10,10,9,10,10,9,10,1,7,6,7,6,6,6,6,6,0,6,3,2,15,10,40,15,10,10,9,10,9,10,10,0,1,0,15,10,40,15,10,10,9,9,9,10,9
0,2,11,21,16,1,8,0,0.27,1,25,2,25,20,30,15,5,5,1,6,6,6,5,4,5,6,3,2,23,11,2,10,9,2,4,1,11,8,7,10,9,10,10,5,5,6,7,7,9,9,9,8,9,5,8,10,15,40,15,10,10,30,10,30,10,10,10,9,10,10,9,10,0,5,4,8,4,4,6,5,5,0,6,3,2,15,10,40,15,10,10,9,10,9,10,10,0,1,0,15,10,40,15,10,10,9,9,9,10,9
0,2,11,21,16,20,9,0,0.23,1,27,2,20,20,20,15,5,20,0,5,6,7,4,6,2,4,2,2,23,11,2,10,9,2,4,1,11,8,7,10,9,10,10,5,5,6,7,7,9,9,9,8,9,5,8,10,15,40,15,10,10,30,10,30,10,10,10,9,10,10,9,10,0,4,5,6,3,4,4,5,4,0,6,3,2,15,10,40,15,10,10,9,10,9,10,10,0,1,0,15,10,40,15,10,10,9,9,9,10,9
0,2,11,21,16,19,10,1,-0.1,0,23,1,25,15,20,20,10,10,1,8,8,8,8,8,8,8,5,2,23,11,2,10,9,2,4,1,11,8,7,10,9,10,10,5,5,6,7,7,9,9,9,8,9,5,8,10,15,40,15,10,10,30,10,30,10,10,10,9,10,10,9,10,1,7,7,7,7,5,6,7,5,0,6,3,2,15,10,40,15,10,10,9,10,9,10,10,0,1,0,15,10,40,15,10,10,9,9,9,10,9
0,2,11,21,16,18,11,0,-0.39,0,27,4,50,10,10,10,10,10,1,10,9,9,9,9,9,9,9,2,23,11,2,10,9,2,4,1,11,8,7,10,9,10,10,5,5,6,7,7,9,9,9,8,9,5,8,10,15,40,15,10,10,30,10,30,10,10,10,9,10,10,9,10,0,4,6,5,4,5,4,4,6,0,6,3,2,15,10,40,15,10,10,9,10,9,10,10,0,1,0,15,10,40,15,10,10,9,9,9,10,9
0,2,11,21,16,13,13,0,-0.13,0,24,6,20,20,25,25,5,5,1,6,6,6,6,6,6,6,6,2,23,11,2,10,9,2,4,1,11,8,7,10,9,10,10,5,5,6,7,7,9,9,9,8,9,5,8,10,15,40,15,10,10,30,10,30,10,10,10,9,10,10,9,10,0,4,6,6,4,5,6,6,6,0,6,3,2,15,10,40,15,10,10,9,10,9,10,10,0,1,0,15,10,40,15,10,10,9,9,9,10,9
0,2,11,21,16,4,15,0,-0.17,0,22,4,35,40,5,5,7,8,1,9,6,8,9,6,7,8.5,7,2,23,11,2,10,9,2,4,1,11,8,7,10,9,10,10,5,5,6,7,7,9,9,9,8,9,5,8,10,15,40,15,10,10,30,10,30,10,10,10,9,10,10,9,10,0,4,4,4,4,4,4,3,4,0,6,3,2,15,10,40,15,10,10,9,10,9,10,10,0,1,0,15,10,40,15,10,10,9,9,9,10,9
0,2,11,21,16,5,16,0,0,1,27,2,20,20,15,25,10,10,0,5,7,3,3,3,3,3,3,2,23,11,2,10,9,2,4,1,11,8,7,10,9,10,10,5,5,6,7,7,9,9,9,8,9,5,8,10,15,40,15,10,10,30,10,30,10,10,10,9,10,10,9,10,1,7,6,6,6,5,6,7,6,0,6,3,2,15,10,40,15,10,10,9,10,9,10,10,0,1,0,15,10,40,15,10,10,9,9,9,10,9
0,2,11,21,16,6,17,0,-0.37,0,28,4,20,30,10,20,0,20,0,5,5,4,3,2,1,2,1,2,23,11,2,10,9,2,4,1,11,8,7,10,9,10,10,5,5,6,7,7,9,9,9,8,9,5,8,10,15,40,15,10,10,30,10,30,10,10,10,9,10,10,9,10,1,4,7,7,7,5,6,7,7,0,6,3,2,15,10,40,15,10,10,9,10,9,10,10,0,1,0,15,10,40,15,10,10,9,9,9,10,9
0,2,11,21,16,14,18,0,0.42,1,34,2,30,10,30,10,5,15,0,3,5,6,6,5,4,4,4,2,23,11,2,10,9,2,4,1,11,8,7,10,9,10,10,5,5,6,7,7,9,9,9,8,9,5,8,10,15,40,15,10,10,30,10,30,10,10,10,9,10,10,9,10,1,6,7,7,6,6,7,7,6,0,6,3,2,15,10,40,15,10,10,9,10,9,10,10,0,1,0,15,10,40,15,10,10,9,9,9,10,9
0,2,11,21,16,7,19,0,0.33,0,27,4,20,20,15,15,12,18,1,5,8,7,6,5,6,6,5,2,23,11,2,10,9,2,4,1,11,8,7,10,9,10,10,5,5,6,7,7,9,9,9,8,9,5,8,10,15,40,15,10,10,30,10,30,10,10,10,9,10,10,9,10,0,4,7,6,6,5,6,6,6,0,6,3,2,15,10,40,15,10,10,9,10,9,10,10,0,1,0,15,10,40,15,10,10,9,9,9,10,9
0,2,11,21,16,17,20,0,-0.24,0,28,1,20,18,20,17,10,15,0,7,10,7,7,7,6,7,7,2,23,11,2,10,9,2,4,1,11,8,7,10,9,10,10,5,5,6,7,7,9,9,9,8,9,5,8,10,15,40,15,10,10,30,10,30,10,10,10,9,10,10,9,10,1,7,7,7,6,6,7,7,6,0,6,3,2,15,10,40,15,10,10,9,10,9,10,10,0,1,0,15,10,40,15,10,10,9,9,9,10,9
0,2,11,21,16,12,21,1,0.29,0,28,3,23,18,21,18,10,10,1,8,7,6,8,5,7,7,7,2,23,11,2,10,9,2,4,1,11,8,7,10,9,10,10,5,5,6,7,7,9,9,9,8,9,5,8,10,15,40,15,10,10,30,10,30,10,10,10,9,10,10,9,10,1,6,7,6,7,7,6,6,6,0,6,3,2,15,10,40,15,10,10,9,10,9,10,10,0,1,0,15,10,40,15,10,10,9,9,9,10,9
1,2,11,21,18,10,1,0,0.37,0,28,3,0,25,25,25,25,0,1,6,6,7,6,5,2,6,8,2,29,10,2,8,4,2,5,2,2,6,1,5,7,7,4,8,1,3,2,5,7,8,8,8,3,2,5,30,25,18,18,4,5,17,15,23,20,15,10,7,10,5,7,7,0,4,8,8,7,6,3,6,2,0,8,1,2,30,25,18,18,4,5,7,8,7,7,7,1,1,1,30,25,18,18,4,5,7,6,6,6,6
1,2,11,21,4,17,2,0,0.43,0,33,4,25,30,10,10,5,20,0,5,6,7,6,7,5,5,6,2,29,10,2,8,4,2,5,2,2,6,1,5,7,7,4,8,1,3,2,5,7,8,8,8,3,2,5,30,25,18,18,4,5,17,15,23,20,15,10,7,10,5,7,7,0,1,7,8,5,7,4,3,2,0,8,1,2,30,25,18,18,4,5,7,8,7,7,7,1,1,1,30,25,18,18,4,5,7,6,6,6,6
1,2,11,21,12,4,3,0,0.62,1,22,2,25,7,25,25,8,10,0,6,6,6,2,5,2,4,5,2,29,10,2,8,4,2,5,2,2,6,1,5,7,7,4,8,1,3,2,5,7,8,8,8,3,2,5,30,25,18,18,4,5,17,15,23,20,15,10,7,10,5,7,7,1,8,8,9,7,8,5,8,3,0,8,1,2,30,25,18,18,4,5,7,8,7,7,7,1,1,1,30,25,18,18,4,5,7,6,6,6,6
1,2,11,21,13,5,4,0,0.19,0,26,4,16.67,16.67,16.67,16.67,16.67,16.67,0,6,7,6,6,6,6,6,6,2,29,10,2,8,4,2,5,2,2,6,1,5,7,7,4,8,1,3,2,5,7,8,8,8,3,2,5,30,25,18,18,4,5,17,15,23,20,15,10,7,10,5,7,7,0,6,5,5,8,4,8,5,1,0,8,1,2,30,25,18,18,4,5,7,8,7,7,7,1,1,1,30,25,18,18,4,5,7,6,6,6,6
1,2,11,21,7,20,5,0,0.55,0,24,4,15,25,20,20,10,10,0,7,7,6,5,5,5,6,8,2,29,10,2,8,4,2,5,2,2,6,1,5,7,7,4,8,1,3,2,5,7,8,8,8,3,2,5,30,25,18,18,4,5,17,15,23,20,15,10,7,10,5,7,7,0,7,6,8,5,5,8,7,1,0,8,1,2,30,25,18,18,4,5,7,8,7,7,7,1,1,1,30,25,18,18,4,5,7,6,6,6,6
1,2,11,21,11,3,6,0,0.64,1,24,2,22,14,30,10,14,10,0,5,7,8,6,8,0,3,0,2,29,10,2,8,4,2,5,2,2,6,1,5,7,7,4,8,1,3,2,5,7,8,8,8,3,2,5,30,25,18,18,4,5,17,15,23,20,15,10,7,10,5,7,7,0,7,6,7,5,8,1,6,1,0,8,1,2,30,25,18,18,4,5,7,8,7,7,7,1,1,1,30,25,18,18,4,5,7,6,6,6,6
1,2,11,21,5,18,7,0,0.18,0,25,6,7,35,20,20,5,13,0,5,3,9,4,4,3,3,1,2,29,10,2,8,4,2,5,2,2,6,1,5,7,7,4,8,1,3,2,5,7,8,8,8,3,2,5,30,25,18,18,4,5,17,15,23,20,15,10,7,10,5,7,7,0,8,7,8,8,8,6,7,2,0,8,1,2,30,25,18,18,4,5,7,8,7,7,7,1,1,1,30,25,18,18,4,5,7,6,6,6,6
1,2,11,21,1,14,8,0,0.39,1,25,2,15,18,19,19,17,12,1,7,8,9,6,7,4,7,5,2,29,10,2,8,4,2,5,2,2,6,1,5,7,7,4,8,1,3,2,5,7,8,8,8,3,2,5,30,25,18,18,4,5,17,15,23,20,15,10,7,10,5,7,7,0,4,5,8,6,8,4,4,1,0,8,1,2,30,25,18,18,4,5,7,8,7,7,7,1,1,1,30,25,18,18,4,5,7,6,6,6,6
1,2,11,21,8,21,9,0,0.53,0,27,4,19,20,19,14,13,15,0,5,7,8,5,8,7,6,3,2,29,10,2,8,4,2,5,2,2,6,1,5,7,7,4,8,1,3,2,5,7,8,8,8,3,2,5,30,25,18,18,4,5,17,15,23,20,15,10,7,10,5,7,7,0,2,8,8,7,8,9,7,1,0,8,1,2,30,25,18,18,4,5,7,8,7,7,7,1,1,1,30,25,18,18,4,5,7,6,6,6,6
1,2,11,21,3,16,10,0,0.34,0,26,4,15,20,20,20,15,10,0,6,8,8,6,5,7,6,5,2,29,10,2,8,4,2,5,2,2,6,1,5,7,7,4,8,1,3,2,5,7,8,8,8,3,2,5,30,25,18,18,4,5,17,15,23,20,15,10,7,10,5,7,7,0,2,7,7,5,5,4,4,1,0,8,1,2,30,25,18,18,4,5,7,8,7,7,7,1,1,1,30,25,18,18,4,5,7,6,6,6,6
1,2,11,21,17,9,11,0,0.19,1,29,2,10,40,20,20,0,10,1,9,9,9,9,8,7,8,7,2,29,10,2,8,4,2,5,2,2,6,1,5,7,7,4,8,1,3,2,5,7,8,8,8,3,2,5,30,25,18,18,4,5,17,15,23,20,15,10,7,10,5,7,7,0,2,8,9,9,8,5,8,4,1,8,1,2,30,25,18,18,4,5,7,8,7,7,7,1,1,1,30,25,18,18,4,5,7,6,6,6,6
1,2,11,21,14,6,12,0,0.39,0,26,1,20,20,20,10,20,10,1,8,10,10,9,10,5,8,5,2,29,10,2,8,4,2,5,2,2,6,1,5,7,7,4,8,1,3,2,5,7,8,8,8,3,2,5,30,25,18,18,4,5,17,15,23,20,15,10,7,10,5,7,7,0,2,8,8,9,7,4,8,5,0,8,1,2,30,25,18,18,4,5,7,8,7,7,7,1,1,1,30,25,18,18,4,5,7,6,6,6,6
1,2,11,21,15,7,13,0,0.32,1,26,2,15,15,25,20,5,20,0,3,6,6,5,6,3,2,3,2,29,10,2,8,4,2,5,2,2,6,1,5,7,7,4,8,1,3,2,5,7,8,8,8,3,2,5,30,25,18,18,4,5,17,15,23,20,15,10,7,10,5,7,7,0,5,6,5,5,7,3,4,1,0,8,1,2,30,25,18,18,4,5,7,8,7,7,7,1,1,1,30,25,18,18,4,5,7,6,6,6,6
1,2,11,21,19,11,14,0,0.23,1,32,2,15,5,45,10,15,10,1,6,6,6,4,4,9,6,3,2,29,10,2,8,4,2,5,2,2,6,1,5,7,7,4,8,1,3,2,5,7,8,8,8,3,2,5,30,25,18,18,4,5,17,15,23,20,15,10,7,10,5,7,7,0,5,7,9,4,8,9,7,4,0,8,1,2,30,25,18,18,4,5,7,8,7,7,7,1,1,1,30,25,18,18,4,5,7,6,6,6,6
1,2,11,21,21,13,16,0,-0.08,0,26,4,20,30,10,15,10,15,0,4,5,6,5,5,5,5,6,2,29,10,2,8,4,2,5,2,2,6,1,5,7,7,4,8,1,3,2,5,7,8,8,8,3,2,5,30,25,18,18,4,5,17,15,23,20,15,10,7,10,5,7,7,0,9,7,5,6,5,7,6,5,0,8,1,2,30,25,18,18,4,5,7,8,7,7,7,1,1,1,30,25,18,18,4,5,7,6,6,6,6
1,2,11,21,20,12,18,0,0.43,1,24,2,20,10,30,15,15,10,0,6,8,8,6,9,8,7,7,2,29,10,2,8,4,2,5,2,2,6,1,5,7,7,4,8,1,3,2,5,7,8,8,8,3,2,5,30,25,18,18,4,5,17,15,23,20,15,10,7,10,5,7,7,1,9,9,8,5,6,7,9,6,0,8,1,2,30,25,18,18,4,5,7,8,7,7,7,1,1,1,30,25,18,18,4,5,7,6,6,6,6
1,2,11,21,2,15,19,0,0.34,0,23,4,16,16,19,17,14,18,1,5,6,6,4,5,6,6,6,1,29,10,2,8,4,2,5,2,2,6,1,5,7,7,4,8,1,3,2,5,7,8,8,8,3,2,5,30,25,18,18,4,5,17,15,23,20,15,10,7,10,5,7,7,0,4,7,7,5,7,5,5,1,1,8,1,2,30,25,18,18,4,5,7,8,7,7,7,1,1,1,30,25,18,18,4,5,7,6,6,6,6
1,2,11,21,16,8,20,0,0.37,1,23,2,10,15,40,15,10,10,0,6,6,7,5,5,6,6,5,2,29,10,2,8,4,2,5,2,2,6,1,5,7,7,4,8,1,3,2,5,7,8,8,8,3,2,5,30,25,18,18,4,5,17,15,23,20,15,10,7,10,5,7,7,0,7,6,5,6,4,4,4,2,0,8,1,2,30,25,18,18,4,5,7,8,7,7,7,1,1,1,30,25,18,18,4,5,7,6,6,6,6
1,2,11,21,6,19,21,0,0.41,1,25,2,25,20,25,25,5,0,0,4,4,7,6,7,6,4,5,2,29,10,2,8,4,2,5,2,2,6,1,5,7,7,4,8,1,3,2,5,7,8,8,8,3,2,5,30,25,18,18,4,5,17,15,23,20,15,10,7,10,5,7,7,0,9,8,7,7,6,5,8,1,0,8,1,2,30,25,18,18,4,5,7,8,7,7,7,1,1,1,30,25,18,18,4,5,7,6,6,6,6
1,2,11,21,18,12,1,1,0.47,1,28,3,0,25,25,25,25,0,1,4,5,6,6,6,6,6,8,2,24,3,3,3,3,3,4,2,2,3,3,4,7,6,5,4,5,1,10,7,6,8,9,10,8,7,6,30,10,20,20,10,10,10,10,25,25,25,5,7,7,10,9,9,1,7,9,8,9,8,7,9,10,0,8,1,2,30,10,20,20,10,10,7,7,9,9,8,4,2,1,30,10,20,15,10,15,9,9,9,9,9
1,2,11,21,4,19,2,1,0.5,0,33,4,25,30,10,10,5,20,1,6,7,7,7,7,8,7,7,2,24,3,3,3,3,3,4,2,2,3,3,4,7,6,5,4,5,1,10,7,6,8,9,10,8,7,6,30,10,20,20,10,10,10,10,25,25,25,5,7,7,10,9,9,1,5,6,8,7,7,8,6,7,0,8,1,2,30,10,20,20,10,10,7,7,9,9,8,4,2,1,30,10,20,15,10,15,9,9,9,9,9
1,2,11,21,12,6,3,0,0.33,0,22,2,25,7,25,25,8,10,0,4,3,3,3,4,2,3,3,2,24,3,3,3,3,3,4,2,2,3,3,4,7,6,5,4,5,1,10,7,6,8,9,10,8,7,6,30,10,20,20,10,10,10,10,25,25,25,5,7,7,10,9,9,0,6,7,10,6,9,3,5,8,0,8,1,2,30,10,20,20,10,10,7,7,9,9,8,4,2,1,30,10,20,15,10,15,9,9,9,9,9
1,2,11,21,13,7,4,0,0.28,0,26,4,16.67,16.67,16.67,16.67,16.67,16.67,0,6,6,6,6,6,6,6,6,2,24,3,3,3,3,3,4,2,2,3,3,4,7,6,5,4,5,1,10,7,6,8,9,10,8,7,6,30,10,20,20,10,10,10,10,25,25,25,5,7,7,10,9,9,0,2,4,6,4,6,4,4,3,0,8,1,2,30,10,20,20,10,10,7,7,9,9,8,4,2,1,30,10,20,15,10,15,9,9,9,9,9
1,2,11,21,11,5,6,0,0.46,0,24,2,22,14,30,10,14,10,0,5,7,7,7,7,2,3,2,2,24,3,3,3,3,3,4,2,2,3,3,4,7,6,5,4,5,1,10,7,6,8,9,10,8,7,6,30,10,20,20,10,10,10,10,25,25,25,5,7,7,10,9,9,0,6,8,8,8,8,8,7,6,0,8,1,2,30,10,20,20,10,10,7,7,9,9,8,4,2,1,30,10,20,15,10,15,9,9,9,9,9
1,2,11,21,1,16,8,0,0.19,0,25,2,15,18,19,19,17,12,0,5,6,7,5,5,3,4,3,2,24,3,3,3,3,3,4,2,2,3,3,4,7,6,5,4,5,1,10,7,6,8,9,10,8,7,6,30,10,20,20,10,10,10,10,25,25,25,5,7,7,10,9,9,0,8,7,8,5,6,5,5,2,0,8,1,2,30,10,20,20,10,10,7,7,9,9,8,4,2,1,30,10,20,15,10,15,9,9,9,9,9
1,2,11,21,3,18,10,0,0.39,0,26,4,15,20,20,20,15,10,0,5,6,7,6,6,6,7,5,2,24,3,3,3,3,3,4,2,2,3,3,4,7,6,5,4,5,1,10,7,6,8,9,10,8,7,6,30,10,20,20,10,10,10,10,25,25,25,5,7,7,10,9,9,0,3,0,6,5,4,5,6,5,0,8,1,2,30,10,20,20,10,10,7,7,9,9,8,4,2,1,30,10,20,15,10,15,9,9,9,9,9
1,2,11,21,17,11,11,0,0.09,0,29,2,10,40,20,20,0,10,0,7,7,8,7,8,4,7,2,2,24,3,3,3,3,3,4,2,2,3,3,4,7,6,5,4,5,1,10,7,6,8,9,10,8,7,6,30,10,20,20,10,10,10,10,25,25,25,5,7,7,10,9,9,0,4,6,7,6,2,5,5,7,0,8,1,2,30,10,20,20,10,10,7,7,9,9,8,4,2,1,30,10,20,15,10,15,9,9,9,9,9
1,2,11,21,14,8,12,1,0.72,0,26,1,20,20,20,10,20,10,1,8,9,8,7,8,5,7,2,2,24,3,3,3,3,3,4,2,2,3,3,4,7,6,5,4,5,1,10,7,6,8,9,10,8,7,6,30,10,20,20,10,10,10,10,25,25,25,5,7,7,10,9,9,1,7,8,9,9,8,9,7,6,0,8,1,2,30,10,20,20,10,10,7,7,9,9,8,4,2,1,30,10,20,15,10,15,9,9,9,9,9
1,2,11,21,15,9,13,1,0.14,0,26,2,15,15,25,20,5,20,1,6,8,8,8,7,6,8,6,2,24,3,3,3,3,3,4,2,2,3,3,4,7,6,5,4,5,1,10,7,6,8,9,10,8,7,6,30,10,20,20,10,10,10,10,25,25,25,5,7,7,10,9,9,1,6,7,8,8,9,8,6,6,0,8,1,2,30,10,20,20,10,10,7,7,9,9,8,4,2,1,30,10,20,15,10,15,9,9,9,9,9
1,2,11,21,19,13,14,0,0.52,0,32,2,15,5,45,10,15,10,0,5,6,6,4,4,3,5,1,2,24,3,3,3,3,3,4,2,2,3,3,4,7,6,5,4,5,1,10,7,6,8,9,10,8,7,6,30,10,20,20,10,10,10,10,25,25,25,5,7,7,10,9,9,0,4,3,2,0,4,2,2,4,0,8,1,2,30,10,20,20,10,10,7,7,9,9,8,4,2,1,30,10,20,15,10,15,9,9,9,9,9
1,2,11,21,10,4,15,0,0.03,0,28,2,25,20,20,25,0,10,0,4,4,6,4,4,1,2,6,2,24,3,3,3,3,3,4,2,2,3,3,4,7,6,5,4,5,1,10,7,6,8,9,10,8,7,6,30,10,20,20,10,10,10,10,25,25,25,5,7,7,10,9,9,1,8,9,8,8,7,9,8,8,0,8,1,2,30,10,20,20,10,10,7,7,9,9,8,4,2,1,30,10,20,15,10,15,9,9,9,9,9
1,2,11,21,21,15,16,0,0.1,0,26,4,20,30,10,15,10,15,0,4,6,5,5,5,4,5,6,2,24,3,3,3,3,3,4,2,2,3,3,4,7,6,5,4,5,1,10,7,6,8,9,10,8,7,6,30,10,20,20,10,10,10,10,25,25,25,5,7,7,10,9,9,0,3,2,3,2,4,2,4,5,0,8,1,2,30,10,20,20,10,10,7,7,9,9,8,4,2,1,30,10,20,15,10,15,9,9,9,9,9
1,2,11,21,9,3,17,1,-0.22,1,24,3,30,20,20,10,15,5,1,8,7,7,8,8,8,8,7,2,24,3,3,3,3,3,4,2,2,3,3,4,7,6,5,4,5,1,10,7,6,8,9,10,8,7,6,30,10,20,20,10,10,10,10,25,25,25,5,7,7,10,9,9,1,8,9,9,8,10,9,9,8,0,8,1,2,30,10,20,20,10,10,7,7,9,9,8,4,2,1,30,10,20,15,10,15,9,9,9,9,9
1,2,11,21,20,14,18,1,0.53,0,24,2,20,10,30,15,15,10,1,8,8,7,7,6,7,8,7,2,24,3,3,3,3,3,4,2,2,3,3,4,7,6,5,4,5,1,10,7,6,8,9,10,8,7,6,30,10,20,20,10,10,10,10,25,25,25,5,7,7,10,9,9,1,8,9,8,7,6,7,8,7,0,8,1,2,30,10,20,20,10,10,7,7,9,9,8,4,2,1,30,10,20,15,10,15,9,9,9,9,9
1,2,11,21,2,17,19,0,0.13,0,23,4,16,16,19,17,14,18,0,4,5,5,5,5,4,5,4,2,24,3,3,3,3,3,4,2,2,3,3,4,7,6,5,4,5,1,10,7,6,8,9,10,8,7,6,30,10,20,20,10,10,10,10,25,25,25,5,7,7,10,9,9,0,4,6,7,4,5,4,5,4,0,8,1,2,30,10,20,20,10,10,7,7,9,9,8,4,2,1,30,10,20,15,10,15,9,9,9,9,9
1,2,11,21,16,10,20,0,0.29,0,23,2,10,15,40,15,10,10,0,5,4,4,5,5,6,6,5,2,24,3,3,3,3,3,4,2,2,3,3,4,7,6,5,4,5,1,10,7,6,8,9,10,8,7,6,30,10,20,20,10,10,10,10,25,25,25,5,7,7,10,9,9,0,6,0,4,6,5,7,6,4,0,8,1,2,30,10,20,20,10,10,7,7,9,9,8,4,2,1,30,10,20,15,10,15,9,9,9,9,9
1,2,11,21,6,21,21,0,0.6,0,25,2,25,20,25,25,5,0,0,4,6,7,8,9,8,7,7,2,24,3,3,3,3,3,4,2,2,3,3,4,7,6,5,4,5,1,10,7,6,8,9,10,8,7,6,30,10,20,20,10,10,10,10,25,25,25,5,7,7,10,9,9,1,8,7,8,7,8,7,8,7,0,8,1,2,30,10,20,20,10,10,7,7,9,9,8,4,2,1,30,10,20,15,10,15,9,9,9,9,9
1,2,11,21,18,17,1,0,0.34,0,28,3,0,25,25,25,25,0,0,2,4,5,5,5,1,3,3,2,26,10,2,7,3,2,4,1,2,6,2,8,9,8,9,2,3,6,9,1,4,7,6,7,2,2,4,24,16,28,14,8,10,25,18,11,18,23,5,7,6,7,10,8,1,6,9,8,7,9,8,8,7,0,6,1,2,25,15,20,20,5,15,7,6,8,7,8,1,1,1,25,15,25,15,5,15,8,8,9,7,8
1,2,11,21,4,3,2,0,0.58,0,33,4,25,30,10,10,5,20,1,6,6,7,6,7,4,6,5,2,26,10,2,7,3,2,4,1,2,6,2,8,9,8,9,2,3,6,9,1,4,7,6,7,2,2,4,24,16,28,14,8,10,25,18,11,18,23,5,7,6,7,10,8,0,4,7,7,2,6,3,5,4,0,6,1,2,25,15,20,20,5,15,7,6,8,7,8,1,1,1,25,15,25,15,5,15,8,8,9,7,8
1,2,11,21,12,11,3,0,0.49,1,22,2,25,7,25,25,8,10,1,8,7,6,5,5,3,7,5,2,26,10,2,7,3,2,4,1,2,6,2,8,9,8,9,2,3,6,9,1,4,7,6,7,2,2,4,24,16,28,14,8,10,25,18,11,18,23,5,7,6,7,10,8,0,3,8,10,3,6,4,5,6,0,6,1,2,25,15,20,20,5,15,7,6,8,7,8,1,1,1,25,15,25,15,5,15,8,8,9,7,8
1,2,11,21,13,12,4,0,0.24,0,26,4,16.67,16.67,16.67,16.67,16.67,16.67,0,6,6,6,6,6,6,6,6,2,26,10,2,7,3,2,4,1,2,6,2,8,9,8,9,2,3,6,9,1,4,7,6,7,2,2,4,24,16,28,14,8,10,25,18,11,18,23,5,7,6,7,10,8,0,7,6,5,5,4,6,5,3,0,6,1,2,25,15,20,20,5,15,7,6,8,7,8,1,1,1,25,15,25,15,5,15,8,8,9,7,8
1,2,11,21,7,6,5,0,-0.06,0,24,4,15,25,20,20,10,10,0,6,5,6,7,6,5,6,7,2,26,10,2,7,3,2,4,1,2,6,2,8,9,8,9,2,3,6,9,1,4,7,6,7,2,2,4,24,16,28,14,8,10,25,18,11,18,23,5,7,6,7,10,8,1,7,8,9,7,8,8,8,7,0,6,1,2,25,15,20,20,5,15,7,6,8,7,8,1,1,1,25,15,25,15,5,15,8,8,9,7,8
1,2,11,21,11,10,6,0,0.7,1,24,2,22,14,30,10,14,10,0,3,5,6,6,6,2,6,2,2,26,10,2,7,3,2,4,1,2,6,2,8,9,8,9,2,3,6,9,1,4,7,6,7,2,2,4,24,16,28,14,8,10,25,18,11,18,23,5,7,6,7,10,8,0,6,5,4,5,3,6,5,4,0,6,1,2,25,15,20,20,5,15,7,6,8,7,8,1,1,1,25,15,25,15,5,15,8,8,9,7,8
1,2,11,21,5,4,7,1,0.1,0,25,6,7,35,20,20,5,13,1,7,10,10,6,3,9,8,8,2,26,10,2,7,3,2,4,1,2,6,2,8,9,8,9,2,3,6,9,1,4,7,6,7,2,2,4,24,16,28,14,8,10,25,18,11,18,23,5,7,6,7,10,8,1,6,10,9,8,8,5,7,5,0,6,1,2,25,15,20,20,5,15,7,6,8,7,8,1,1,1,25,15,25,15,5,15,8,8,9,7,8
1,2,11,21,1,21,8,0,0.72,1,25,2,15,18,19,19,17,12,0,7,2,8,8,5,7,8,3,1,26,10,2,7,3,2,4,1,2,6,2,8,9,8,9,2,3,6,9,1,4,7,6,7,2,2,4,24,16,28,14,8,10,25,18,11,18,23,5,7,6,7,10,8,1,10,10,10,10,10,10,10,10,0,6,1,2,25,15,20,20,5,15,7,6,8,7,8,1,1,1,25,15,25,15,5,15,8,8,9,7,8
1,2,11,21,8,7,9,1,0.39,0,27,4,19,20,19,14,13,15,1,7,7,8,7,8,6,8,10,1,26,10,2,7,3,2,4,1,2,6,2,8,9,8,9,2,3,6,9,1,4,7,6,7,2,2,4,24,16,28,14,8,10,25,18,11,18,23,5,7,6,7,10,8,1,7,7,8,7,5,6,9,10,0,6,1,2,25,15,20,20,5,15,7,6,8,7,8,1,1,1,25,15,25,15,5,15,8,8,9,7,8
1,2,11,21,3,2,10,1,0.7,0,26,4,15,20,20,20,15,10,1,8,10,9,8,7,8,9,10,1,26,10,2,7,3,2,4,1,2,6,2,8,9,8,9,2,3,6,9,1,4,7,6,7,2,2,4,24,16,28,14,8,10,25,18,11,18,23,5,7,6,7,10,8,1,8,10,9,7,5,8,9,10,0,6,1,2,25,15,20,20,5,15,7,6,8,7,8,1,1,1,25,15,25,15,5,15,8,8,9,7,8
1,2,11,21,17,16,11,0,0.39,1,29,2,10,40,20,20,0,10,0,7,7,8,8,7,6,7,5,2,26,10,2,7,3,2,4,1,2,6,2,8,9,8,9,2,3,6,9,1,4,7,6,7,2,2,4,24,16,28,14,8,10,25,18,11,18,23,5,7,6,7,10,8,0,5,6,7,3,6,6,6,3,0,6,1,2,25,15,20,20,5,15,7,6,8,7,8,1,1,1,25,15,25,15,5,15,8,8,9,7,8
1,2,11,21,14,13,12,0,0.2,0,26,1,20,20,20,10,20,10,0,5,9,7,7,7,3,7,0,2,26,10,2,7,3,2,4,1,2,6,2,8,9,8,9,2,3,6,9,1,4,7,6,7,2,2,4,24,16,28,14,8,10,25,18,11,18,23,5,7,6,7,10,8,1,8,5,7,8,7,8,8,6,0,6,1,2,25,15,20,20,5,15,7,6,8,7,8,1,1,1,25,15,25,15,5,15,8,8,9,7,8
1,2,11,21,15,14,13,0,0.57,1,26,2,15,15,25,20,5,20,0,5,6,7,6,6,6,6,5,2,26,10,2,7,3,2,4,1,2,6,2,8,9,8,9,2,3,6,9,1,4,7,6,7,2,2,4,24,16,28,14,8,10,25,18,11,18,23,5,7,6,7,10,8,1,8,9,6,8,5,7,9,8,0,6,1,2,25,15,20,20,5,15,7,6,8,7,8,1,1,1,25,15,25,15,5,15,8,8,9,7,8
1,2,11,21,19,18,14,0,0.52,1,32,2,15,5,45,10,15,10,0,6,5,8,4,6,8,8,2,2,26,10,2,7,3,2,4,1,2,6,2,8,9,8,9,2,3,6,9,1,4,7,6,7,2,2,4,24,16,28,14,8,10,25,18,11,18,23,5,7,6,7,10,8,0,3,4,6,2,3,4,3,3,0,6,1,2,25,15,20,20,5,15,7,6,8,7,8,1,1,1,25,15,25,15,5,15,8,8,9,7,8
1,2,11,21,10,9,15,0,0.52,1,28,2,25,20,20,25,0,10,0,4,6,7,5,4,1,4,6,2,26,10,2,7,3,2,4,1,2,6,2,8,9,8,9,2,3,6,9,1,4,7,6,7,2,2,4,24,16,28,14,8,10,25,18,11,18,23,5,7,6,7,10,8,1,9,9,6,5,4,3,7,2,0,6,1,2,25,15,20,20,5,15,7,6,8,7,8,1,1,1,25,15,25,15,5,15,8,8,9,7,8
1,2,11,21,21,20,16,0,-0.22,0,26,4,20,30,10,15,10,15,0,5,6,6,6,7,6,5,6,2,26,10,2,7,3,2,4,1,2,6,2,8,9,8,9,2,3,6,9,1,4,7,6,7,2,2,4,24,16,28,14,8,10,25,18,11,18,23,5,7,6,7,10,8,0,5,8,3,5,3,4,6,3,0,6,1,2,25,15,20,20,5,15,7,6,8,7,8,1,1,1,25,15,25,15,5,15,8,8,9,7,8
1,2,11,21,9,8,17,1,0.06,0,24,3,30,20,20,10,15,5,1,7,8,9,7,8,8,8,6,2,26,10,2,7,3,2,4,1,2,6,2,8,9,8,9,2,3,6,9,1,4,7,6,7,2,2,4,24,16,28,14,8,10,25,18,11,18,23,5,7,6,7,10,8,1,8,9,8,8,7,7,8,6,0,6,1,2,25,15,20,20,5,15,7,6,8,7,8,1,1,1,25,15,25,15,5,15,8,8,9,7,8
1,2,11,21,20,19,18,0,0.71,1,24,2,20,10,30,15,15,10,0,6,8,9,6,8,3,8,8,2,26,10,2,7,3,2,4,1,2,6,2,8,9,8,9,2,3,6,9,1,4,7,6,7,2,2,4,24,16,28,14,8,10,25,18,11,18,23,5,7,6,7,10,8,1,9,10,8,9,7,8,9,9,0,6,1,2,25,15,20,20,5,15,7,6,8,7,8,1,1,1,25,15,25,15,5,15,8,8,9,7,8
1,2,11,21,2,1,19,1,0.63,0,23,4,16,16,19,17,14,18,1,7,7,8,7,6,8,7,6,2,26,10,2,7,3,2,4,1,2,6,2,8,9,8,9,2,3,6,9,1,4,7,6,7,2,2,4,24,16,28,14,8,10,25,18,11,18,23,5,7,6,7,10,8,1,7,9,8,7,5,5,7,7,0,6,1,2,25,15,20,20,5,15,7,6,8,7,8,1,1,1,25,15,25,15,5,15,8,8,9,7,8
1,2,11,21,16,15,20,0,0.55,1,23,2,10,15,40,15,10,10,0,4,4,7,4,4,5,4,4,2,26,10,2,7,3,2,4,1,2,6,2,8,9,8,9,2,3,6,9,1,4,7,6,7,2,2,4,24,16,28,14,8,10,25,18,11,18,23,5,7,6,7,10,8,1,7,4,4,9,8,8,8,7,0,6,1,2,25,15,20,20,5,15,7,6,8,7,8,1,1,1,25,15,25,15,5,15,8,8,9,7,8
1,2,11,21,6,5,21,0,0.43,1,25,2,25,20,25,25,5,0,0,6,8,9,7,8,6,6,7,2,26,10,2,7,3,2,4,1,2,6,2,8,9,8,9,2,3,6,9,1,4,7,6,7,2,2,4,24,16,28,14,8,10,25,18,11,18,23,5,7,6,7,10,8,0,7,6,5,6,8,6,6,3,0,6,1,2,25,15,20,20,5,15,7,6,8,7,8,1,1,1,25,15,25,15,5,15,8,8,9,7,8
1,2,11,21,19,19,14,0,0.24,1,32,2,15,5,45,10,15,10,0,5,6,6,5,6,4,7,2,2,25,10,2,1,1,1,7,5,2,10,6,10,5,8,8,10,5,3,8,2,7,8,6,6,1,2,5,60,20,0,20,0,0,50,0,0,0,50,0,4,8,8,8,5,0,5,8,7,5,9,3,6,2,0,6,1,2,60,10,0,20,0,10,4,8,8,8,5,1,0,1,60,20,0,20,0,0,4,8,8,8,6
1,2,11,21,18,11,1,0,0.64,0,28,3,0,25,25,25,25,0,0,1,2,8,1,8,1,2,8,2,32,5,2,1,1,1,3,1,2,8,1,5,9,9,9,9,5,8,9,5,7,9,9,9,5,1,8,25,15,20,25,10,5,25,15,20,25,10,5,8,8,8,8,8,1,7,7,8,7,8,8,8,5,0,8,1,1,25,20,20,25,5,5,9,9,9,9,9,0,0,0,15,15,20,20,15,15,9,9,9,9,9
1,2,11,21,4,18,2,0,0.68,0,33,4,25,30,10,10,5,20,0,5,6,6,5,7,6,6,5,2,32,5,2,1,1,1,3,1,2,8,1,5,9,9,9,9,5,8,9,5,7,9,9,9,5,1,8,25,15,20,25,10,5,25,15,20,25,10,5,8,8,8,8,8,0,5,7,7,5,8,3,5,3,0,8,1,1,25,20,20,25,5,5,9,9,9,9,9,0,0,0,15,15,20,20,15,15,9,9,9,9,9
1,2,11,21,12,5,3,0,0.74,1,22,2,25,7,25,25,8,10,0,4,5,5,2,5,2,3,4,2,32,5,2,1,1,1,3,1,2,8,1,5,9,9,9,9,5,8,9,5,7,9,9,9,5,1,8,25,15,20,25,10,5,25,15,20,25,10,5,8,8,8,8,8,0,6,6,8,7,8,3,6,3,0,8,1,1,25,20,20,25,5,5,9,9,9,9,9,0,0,0,15,15,20,20,15,15,9,9,9,9,9
1,2,11,21,13,6,4,0,-0.12,0,26,4,16.67,16.67,16.67,16.67,16.67,16.67,0,5,5,5,5,5,5,5,5,2,32,5,2,1,1,1,3,1,2,8,1,5,9,9,9,9,5,8,9,5,7,9,9,9,5,1,8,25,15,20,25,10,5,25,15,20,25,10,5,8,8,8,8,8,0,7,6,5,5,5,2,5,3,0,8,1,1,25,20,20,25,5,5,9,9,9,9,9,0,0,0,15,15,20,20,15,15,9,9,9,9,9
1,2,11,21,7,21,5,0,0.3,0,24,4,15,25,20,20,10,10,0,4,7,7,4,6,6,6,6,2,32,5,2,1,1,1,3,1,2,8,1,5,9,9,9,9,5,8,9,5,7,9,9,9,5,1,8,25,15,20,25,10,5,25,15,20,25,10,5,8,8,8,8,8,1,8,7,8,7,8,3,7,5,0,8,1,1,25,20,20,25,5,5,9,9,9,9,9,0,0,0,15,15,20,20,15,15,9,9,9,9,9
1,2,11,21,1,15,8,0,0.59,1,25,2,15,18,19,19,17,12,0,7,7,8,6,5,6,7,4,1,32,5,2,1,1,1,3,1,2,8,1,5,9,9,9,9,5,8,9,5,7,9,9,9,5,1,8,25,15,20,25,10,5,25,15,20,25,10,5,8,8,8,8,8,1,6,5,5,3,5,5,8,8,1,8,1,1,25,20,20,25,5,5,9,9,9,9,9,0,0,0,15,15,20,20,15,15,9,9,9,9,9
1,2,11,21,8,1,9,0,0.36,0,27,4,19,20,19,14,13,15,0,6,8,7,7,5,4,5,5,2,32,5,2,1,1,1,3,1,2,8,1,5,9,9,9,9,5,8,9,5,7,9,9,9,5,1,8,25,15,20,25,10,5,25,15,20,25,10,5,8,8,8,8,8,0,5,5,5,3,5,5,5,2,0,8,1,1,25,20,20,25,5,5,9,9,9,9,9,0,0,0,15,15,20,20,15,15,9,9,9,9,9
1,2,11,21,3,17,10,0,0.68,0,26,4,15,20,20,20,15,10,0,5,7,7,6,6,4,6,5,2,32,5,2,1,1,1,3,1,2,8,1,5,9,9,9,9,5,8,9,5,7,9,9,9,5,1,8,25,15,20,25,10,5,25,15,20,25,10,5,8,8,8,8,8,0,5,5,6,5,5,2,5,3,0,8,1,1,25,20,20,25,5,5,9,9,9,9,9,0,0,0,15,15,20,20,15,15,9,9,9,9,9
1,2,11,21,17,10,11,0,0.14,1,29,2,10,40,20,20,0,10,0,6,8,8,8,8,3,7,3,2,32,5,2,1,1,1,3,1,2,8,1,5,9,9,9,9,5,8,9,5,7,9,9,9,5,1,8,25,15,20,25,10,5,25,15,20,25,10,5,8,8,8,8,8,1,5,5,6,7,7,2,6,5,0,8,1,1,25,20,20,25,5,5,9,9,9,9,9,0,0,0,15,15,20,20,15,15,9,9,9,9,9
1,2,11,21,14,7,12,0,0.57,0,26,1,20,20,20,10,20,10,0,4,7,7,7,7,3,7,2,2,32,5,2,1,1,1,3,1,2,8,1,5,9,9,9,9,5,8,9,5,7,9,9,9,5,1,8,25,15,20,25,10,5,25,15,20,25,10,5,8,8,8,8,8,1,8,8,8,8,8,2,8,6,0,8,1,1,25,20,20,25,5,5,9,9,9,9,9,0,0,0,15,15,20,20,15,15,9,9,9,9,9
1,2,11,21,15,8,13,0,0.57,1,26,2,15,15,25,20,5,20,0,3,6,7,7,7,3,6,3,2,32,5,2,1,1,1,3,1,2,8,1,5,9,9,9,9,5,8,9,5,7,9,9,9,5,1,8,25,15,20,25,10,5,25,15,20,25,10,5,8,8,8,8,8,0,3,5,7,5,5,2,5,4,0,8,1,1,25,20,20,25,5,5,9,9,9,9,9,0,0,0,15,15,20,20,15,15,9,9,9,9,9
1,2,11,21,19,12,14,0,0.13,1,32,2,15,5,45,10,15,10,0,5,6,6,5,5,7,6,3,2,32,5,2,1,1,1,3,1,2,8,1,5,9,9,9,9,5,8,9,5,7,9,9,9,5,1,8,25,15,20,25,10,5,25,15,20,25,10,5,8,8,8,8,8,0,5,5,7,5,5,8,6,5,0,8,1,1,25,20,20,25,5,5,9,9,9,9,9,0,0,0,15,15,20,20,15,15,9,9,9,9,9
1,2,11,21,20,13,18,0,0.64,1,24,2,20,10,30,15,15,10,0,5,8,9,6,8,3,6,7,2,32,5,2,1,1,1,3,1,2,8,1,5,9,9,9,9,5,8,9,5,7,9,9,9,5,1,8,25,15,20,25,10,5,25,15,20,25,10,5,8,8,8,8,8,0,5,6,8,7,9,2,5,5,0,8,1,1,25,20,20,25,5,5,9,9,9,9,9,0,0,0,15,15,20,20,15,15,9,9,9,9,9
1,2,11,21,2,16,19,0,0.68,0,23,4,16,16,19,17,14,18,0,5,6,5,4,5,6,5,4,2,32,5,2,1,1,1,3,1,2,8,1,5,9,9,9,9,5,8,9,5,7,9,9,9,5,1,8,25,15,20,25,10,5,25,15,20,25,10,5,8,8,8,8,8,0,6,6,6,7,8,2,5,3,0,8,1,1,25,20,20,25,5,5,9,9,9,9,9,0,0,0,15,15,20,20,15,15,9,9,9,9,9
1,2,11,21,16,9,20,0,0.2,1,23,2,10,15,40,15,10,10,0,4,4,6,4,4,2,4,4,2,32,5,2,1,1,1,3,1,2,8,1,5,9,9,9,9,5,8,9,5,7,9,9,9,5,1,8,25,15,20,25,10,5,25,15,20,25,10,5,8,8,8,8,8,0,5,5,7,5,8,2,5,4,0,8,1,1,25,20,20,25,5,5,9,9,9,9,9,0,0,0,15,15,20,20,15,15,9,9,9,9,9
1,2,11,21,6,20,21,0,0.26,1,25,2,25,20,25,25,5,0,0,5,4,10,6,10,6,7,7,2,32,5,2,1,1,1,3,1,2,8,1,5,9,9,9,9,5,8,9,5,7,9,9,9,5,1,8,25,15,20,25,10,5,25,15,20,25,10,5,8,8,8,8,8,0,7,7,7,4,5,2,5,2,0,8,1,1,25,20,20,25,5,5,9,9,9,9,9,0,0,0,15,15,20,20,15,15,9,9,9,9,9
1,2,11,21,18,7,1,0,0.34,0,28,3,0,25,25,25,25,0,0,1,6,5,1,6,4,1,5,2,27,3,2,3,5,1,6,3,2,9,5,3,8,5,5,6,4,4,9,2,6,7,5,7,2,2,5,20,20,15,25,10,10,30,20,5,25,10,10,5,8,7,8,7,0,4,6,5,8,5,5,5,3,0,4,1,2,30,20,15,30,5,0,5,7,7,5,7,0,4,1,30,20,20,20,5,5,6,8,7,7,7
1,2,11,21,4,14,2,0,0.29,0,33,4,25,30,10,10,5,20,1,5,5,6,5,6,8,6,6,2,27,3,2,3,5,1,6,3,2,9,5,3,8,5,5,6,4,4,9,2,6,7,5,7,2,2,5,20,20,15,25,10,10,30,20,5,25,10,10,5,8,7,8,7,0,3,6,6,4,4,5,4,2,0,4,1,2,30,20,15,30,5,0,5,7,7,5,7,0,4,1,30,20,20,20,5,5,6,8,7,7,7
1,2,11,21,12,1,3,0,0.38,1,22,2,25,7,25,25,8,10,0,5,9,8,6,8,2,3,5,2,27,3,2,3,5,1,6,3,2,9,5,3,8,5,5,6,4,4,9,2,6,7,5,7,2,2,5,20,20,15,25,10,10,30,20,5,25,10,10,5,8,7,8,7,0,5,5,7,5,5,5,5,5,0,4,1,2,30,20,15,30,5,0,5,7,7,5,7,0,4,1,30,20,20,20,5,5,6,8,7,7,7
1,2,11,21,13,2,4,0,-0.02,0,26,4,16.67,16.67,16.67,16.67,16.67,16.67,0,6,6,6,6,6,6,6,6,2,27,3,2,3,5,1,6,3,2,9,5,3,8,5,5,6,4,4,9,2,6,7,5,7,2,2,5,20,20,15,25,10,10,30,20,5,25,10,10,5,8,7,8,7,0,5,7,3,4,5,5,5,5,0,4,1,2,30,20,15,30,5,0,5,7,7,5,7,0,4,1,30,20,20,20,5,5,6,8,7,7,7
1,2,11,21,7,17,5,0,-0.22,0,24,4,15,25,20,20,10,10,0,6,7,7,6,5,5,6,6,2,27,3,2,3,5,1,6,3,2,9,5,3,8,5,5,6,4,4,9,2,6,7,5,7,2,2,5,20,20,15,25,10,10,30,20,5,25,10,10,5,8,7,8,7,1,6,6,6,6,5,5,6,3,0,4,1,2,30,20,15,30,5,0,5,7,7,5,7,0,4,1,30,20,20,20,5,5,6,8,7,7,7
1,2,11,21,11,21,6,0,0.59,1,24,2,22,14,30,10,14,10,0,4,5,6,6,7,5,4,2,2,27,3,2,3,5,1,6,3,2,9,5,3,8,5,5,6,4,4,9,2,6,7,5,7,2,2,5,20,20,15,25,10,10,30,20,5,25,10,10,5,8,7,8,7,0,4,5,6,5,6,5,5,2,0,4,1,2,30,20,15,30,5,0,5,7,7,5,7,0,4,1,30,20,20,20,5,5,6,8,7,7,7
1,2,11,21,5,15,7,0,0.54,0,25,6,7,35,20,20,5,13,0,6,5,9,4,6,2,5,3,2,27,3,2,3,5,1,6,3,2,9,5,3,8,5,5,6,4,4,9,2,6,7,5,7,2,2,5,20,20,15,25,10,10,30,20,5,25,10,10,5,8,7,8,7,0,5,6,5,5,5,5,4,2,0,4,1,2,30,20,15,30,5,0,5,7,7,5,7,0,4,1,30,20,20,20,5,5,6,8,7,7,7
1,2,11,21,1,11,8,0,0.47,1,25,2,15,18,19,19,17,12,0,7,7,7,6,6,4,7,4,2,27,3,2,3,5,1,6,3,2,9,5,3,8,5,5,6,4,4,9,2,6,7,5,7,2,2,5,20,20,15,25,10,10,30,20,5,25,10,10,5,8,7,8,7,0,4,5,5,5,6,5,4,3,0,4,1,2,30,20,15,30,5,0,5,7,7,5,7,0,4,1,30,20,20,20,5,5,6,8,7,7,7
1,2,11,21,3,13,10,0,0.59,0,26,4,15,20,20,20,15,10,1,7,6,7,8,7,6,7,5,2,27,3,2,3,5,1,6,3,2,9,5,3,8,5,5,6,4,4,9,2,6,7,5,7,2,2,5,20,20,15,25,10,10,30,20,5,25,10,10,5,8,7,8,7,0,4,6,6,5,6,5,5,3,0,4,1,2,30,20,15,30,5,0,5,7,7,5,7,0,4,1,30,20,20,20,5,5,6,8,7,7,7
1,2,11,21,17,6,11,0,0.6,1,29,2,10,40,20,20,0,10,0,9,8,7,8,6,6,7,2,2,27,3,2,3,5,1,6,3,2,9,5,3,8,5,5,6,4,4,9,2,6,7,5,7,2,2,5,20,20,15,25,10,10,30,20,5,25,10,10,5,8,7,8,7,0,4,7,7,6,5,5,6,4,0,4,1,2,30,20,15,30,5,0,5,7,7,5,7,0,4,1,30,20,20,20,5,5,6,8,7,7,7
1,2,11,21,14,3,12,1,0.18,0,26,1,20,20,20,10,20,10,1,5,10,9,7,7,7,8,1,2,27,3,2,3,5,1,6,3,2,9,5,3,8,5,5,6,4,4,9,2,6,7,5,7,2,2,5,20,20,15,25,10,10,30,20,5,25,10,10,5,8,7,8,7,1,6,5,7,7,6,7,7,4,0,4,1,2,30,20,15,30,5,0,5,7,7,5,7,0,4,1,30,20,20,20,5,5,6,8,7,7,7
1,2,11,21,15,4,13,0,0.38,1,26,2,15,15,25,20,5,20,1,8,7,7,7,7,6,7,6,2,27,3,2,3,5,1,6,3,2,9,5,3,8,5,5,6,4,4,9,2,6,7,5,7,2,2,5,20,20,15,25,10,10,30,20,5,25,10,10,5,8,7,8,7,0,3,4,5,3,3,5,4,3,0,4,1,2,30,20,15,30,5,0,5,7,7,5,7,0,4,1,30,20,20,20,5,5,6,8,7,7,7
1,2,11,21,19,8,14,0,0.31,1,32,2,15,5,45,10,15,10,0,6,7,7,6,7,7,7,2,2,27,3,2,3,5,1,6,3,2,9,5,3,8,5,5,6,4,4,9,2,6,7,5,7,2,2,5,20,20,15,25,10,10,30,20,5,25,10,10,5,8,7,8,7,0,3,6,5,3,5,3,3,3,0,4,1,2,30,20,15,30,5,0,5,7,7,5,7,0,4,1,30,20,20,20,5,5,6,8,7,7,7
1,2,11,21,21,10,16,0,-0.39,0,26,4,20,30,10,15,10,15,0,5,5,6,6,7,4,5,6,2,27,3,2,3,5,1,6,3,2,9,5,3,8,5,5,6,4,4,9,2,6,7,5,7,2,2,5,20,20,15,25,10,10,30,20,5,25,10,10,5,8,7,8,7,0,3,6,3,3,3,3,4,3,0,4,1,2,30,20,15,30,5,0,5,7,7,5,7,0,4,1,30,20,20,20,5,5,6,8,7,7,7
1,2,11,21,20,9,18,1,0.42,1,24,2,20,10,30,15,15,10,1,7,9,8,7,8,6,8,6,2,27,3,2,3,5,1,6,3,2,9,5,3,8,5,5,6,4,4,9,2,6,7,5,7,2,2,5,20,20,15,25,10,10,30,20,5,25,10,10,5,8,7,8,7,1,6,7,7,6,5,5,6,3,0,4,1,2,30,20,15,30,5,0,5,7,7,5,7,0,4,1,30,20,20,20,5,5,6,8,7,7,7
1,2,11,21,2,12,19,0,0.68,0,23,4,16,16,19,17,14,18,1,6,7,7,6,5,6,6,5,2,27,3,2,3,5,1,6,3,2,9,5,3,8,5,5,6,4,4,9,2,6,7,5,7,2,2,5,20,20,15,25,10,10,30,20,5,25,10,10,5,8,7,8,7,0,4,6,5,6,5,3,5,3,0,4,1,2,30,20,15,30,5,0,5,7,7,5,7,0,4,1,30,20,20,20,5,5,6,8,7,7,7
1,2,11,21,16,5,20,0,0,1,23,2,10,15,40,15,10,10,1,7,6,6,6,5,6,7,6,2,27,3,2,3,5,1,6,3,2,9,5,3,8,5,5,6,4,4,9,2,6,7,5,7,2,2,5,20,20,15,25,10,10,30,20,5,25,10,10,5,8,7,8,7,0,5,7,3,3,3,3,3,3,0,4,1,2,30,20,15,30,5,0,5,7,7,5,7,0,4,1,30,20,20,20,5,5,6,8,7,7,7
1,2,11,21,6,16,21,0,-0.07,1,25,2,25,20,25,25,5,0,0,5,5,8,7,10,5,6,6,2,27,3,2,3,5,1,6,3,2,9,5,3,8,5,5,6,4,4,9,2,6,7,5,7,2,2,5,20,20,15,25,10,10,30,20,5,25,10,10,5,8,7,8,7,0,7,4,4,4,4,4,4,3,0,4,1,2,30,20,15,30,5,0,5,7,7,5,7,0,4,1,30,20,20,20,5,5,6,8,7,7,7
1,2,11,21,18,8,1,0,0.09,0,28,3,0,25,25,25,25,0,1,2,6,6,7,6,3,3,8,2,28,8,4,1,2,1,4,1,7,10,6,1,7,3,6,10,5,3,10,6,5,7,6,8,2,1,7,20,30,10,20,0,20,30,20,15,15,20,0,4,9,10,8,8,0,7,6,6,5,7,2,5,3,0,8,3,3,20,30,15,20,5,10,3,8,9,9,9,5,0,1,10,35,10,20,5,20,4,9,10,10,9
1,2,11,21,4,15,2,0,0.13,1,33,4,25,30,10,10,5,20,1,7,7,7,7,7,8,8,6,2,28,8,4,1,2,1,4,1,7,10,6,1,7,3,6,10,5,3,10,6,5,7,6,8,2,1,7,20,30,10,20,0,20,30,20,15,15,20,0,4,9,10,8,8,0,2,3,6,2,6,2,3,2,0,8,3,3,20,30,15,20,5,10,3,8,9,9,9,5,0,1,10,35,10,20,5,20,4,9,10,10,9
1,2,11,21,12,2,3,0,0.23,0,22,2,25,7,25,25,8,10,0,5,7,6,8,5,2,4,5,2,28,8,4,1,2,1,4,1,7,10,6,1,7,3,6,10,5,3,10,6,5,7,6,8,2,1,7,20,30,10,20,0,20,30,20,15,15,20,0,4,9,10,8,8,1,5,9,8,7,6,5,8,5,0,8,3,3,20,30,15,20,5,10,3,8,9,9,9,5,0,1,10,35,10,20,5,20,4,9,10,10,9
1,2,11,21,13,3,4,0,-0.3,1,26,4,16.67,16.67,16.67,16.67,16.67,16.67,0,6,7,7,7,6,5,6,5,2,28,8,4,1,2,1,4,1,7,10,6,1,7,3,6,10,5,3,10,6,5,7,6,8,2,1,7,20,30,10,20,0,20,30,20,15,15,20,0,4,9,10,8,8,0,7,4,7,4,7,3,4,3,0,8,3,3,20,30,15,20,5,10,3,8,9,9,9,5,0,1,10,35,10,20,5,20,4,9,10,10,9
1,2,11,21,7,18,5,1,-0.13,1,24,4,15,25,20,20,10,10,1,7,7,6,7,5,3,7,8,2,28,8,4,1,2,1,4,1,7,10,6,1,7,3,6,10,5,3,10,6,5,7,6,8,2,1,7,20,30,10,20,0,20,30,20,15,15,20,0,4,9,10,8,8,1,6,8,8,8,7,7,7,6,0,8,3,3,20,30,15,20,5,10,3,8,9,9,9,5,0,1,10,35,10,20,5,20,4,9,10,10,9
1,2,11,21,11,1,6,0,0.42,0,24,2,22,14,30,10,14,10,0,5,7,7,9,9,3,5,3,2,28,8,4,1,2,1,4,1,7,10,6,1,7,3,6,10,5,3,10,6,5,7,6,8,2,1,7,20,30,10,20,0,20,30,20,15,15,20,0,4,9,10,8,8,1,7,8,6,6,6,5,7,5,0,8,3,3,20,30,15,20,5,10,3,8,9,9,9,5,0,1,10,35,10,20,5,20,4,9,10,10,9
1,2,11,21,1,12,8,0,0.12,0,25,2,15,18,19,19,17,12,0,7,8,7,7,7,5,7,5,2,28,8,4,1,2,1,4,1,7,10,6,1,7,3,6,10,5,3,10,6,5,7,6,8,2,1,7,20,30,10,20,0,20,30,20,15,15,20,0,4,9,10,8,8,0,4,3,7,5,5,5,5,3,0,8,3,3,20,30,15,20,5,10,3,8,9,9,9,5,0,1,10,35,10,20,5,20,4,9,10,10,9
1,2,11,21,3,14,10,0,0.17,1,26,4,15,20,20,20,15,10,1,6,7,7,9,8,6,8,6,2,28,8,4,1,2,1,4,1,7,10,6,1,7,3,6,10,5,3,10,6,5,7,6,8,2,1,7,20,30,10,20,0,20,30,20,15,15,20,0,4,9,10,8,8,0,4,2,6,2,7,2,3,1,0,8,3,3,20,30,15,20,5,10,3,8,9,9,9,5,0,1,10,35,10,20,5,20,4,9,10,10,9
1,2,11,21,17,7,11,0,0.5,0,29,2,10,40,20,20,0,10,0,8,8,9,8,8,8,8,7,2,28,8,4,1,2,1,4,1,7,10,6,1,7,3,6,10,5,3,10,6,5,7,6,8,2,1,7,20,30,10,20,0,20,30,20,15,15,20,0,4,9,10,8,8,1,6,9,9,7,6,8,8,7,0,8,3,3,20,30,15,20,5,10,3,8,9,9,9,5,0,1,10,35,10,20,5,20,4,9,10,10,9
1,2,11,21,14,4,12,1,0.18,0,26,1,20,20,20,10,20,10,1,6,10,9,10,8,5,10,6,2,28,8,4,1,2,1,4,1,7,10,6,1,7,3,6,10,5,3,10,6,5,7,6,8,2,1,7,20,30,10,20,0,20,30,20,15,15,20,0,4,9,10,8,8,1,7,9,8,8,5,7,8,6,0,8,3,3,20,30,15,20,5,10,3,8,9,9,9,5,0,1,10,35,10,20,5,20,4,9,10,10,9
1,2,11,21,15,5,13,0,0.32,0,26,2,15,15,25,20,5,20,0,6,8,8,8,7,8,6,8,1,28,8,4,1,2,1,4,1,7,10,6,1,7,3,6,10,5,3,10,6,5,7,6,8,2,1,7,20,30,10,20,0,20,30,20,15,15,20,0,4,9,10,8,8,1,8,8,5,5,6,7,7,4,0,8,3,3,20,30,15,20,5,10,3,8,9,9,9,5,0,1,10,35,10,20,5,20,4,9,10,10,9
1,2,11,21,19,9,14,0,0.11,0,32,2,15,5,45,10,15,10,0,6,6,6,6,6,1,6,2,2,28,8,4,1,2,1,4,1,7,10,6,1,7,3,6,10,5,3,10,6,5,7,6,8,2,1,7,20,30,10,20,0,20,30,20,15,15,20,0,4,9,10,8,8,0,3,4,5,3,3,2,3,1,0,8,3,3,20,30,15,20,5,10,3,8,9,9,9,5,0,1,10,35,10,20,5,20,4,9,10,10,9
1,2,11,21,21,11,16,0,-0.37,1,26,4,20,30,10,15,10,15,0,5,5,5,6,6,5,5,6,2,28,8,4,1,2,1,4,1,7,10,6,1,7,3,6,10,5,3,10,6,5,7,6,8,2,1,7,20,30,10,20,0,20,30,20,15,15,20,0,4,9,10,8,8,0,7,6,5,5,6,3,5,3,0,8,3,3,20,30,15,20,5,10,3,8,9,9,9,5,0,1,10,35,10,20,5,20,4,9,10,10,9
1,2,11,21,9,20,17,1,0.48,0,24,3,30,20,20,10,15,5,1,5,7,9,6,8,8,8,4,2,28,8,4,1,2,1,4,1,7,10,6,1,7,3,6,10,5,3,10,6,5,7,6,8,2,1,7,20,30,10,20,0,20,30,20,15,15,20,0,4,9,10,8,8,1,10,9,8,6,5,8,8,3,0,8,3,3,20,30,15,20,5,10,3,8,9,9,9,5,0,1,10,35,10,20,5,20,4,9,10,10,9
1,2,11,21,20,10,18,1,0.24,0,24,2,20,10,30,15,15,10,1,8,8,8,7,7,4,8,7,2,28,8,4,1,2,1,4,1,7,10,6,1,7,3,6,10,5,3,10,6,5,7,6,8,2,1,7,20,30,10,20,0,20,30,20,15,15,20,0,4,9,10,8,8,1,9,9,10,9,8,9,9,6,0,8,3,3,20,30,15,20,5,10,3,8,9,9,9,5,0,1,10,35,10,20,5,20,4,9,10,10,9
1,2,11,21,2,13,19,0,0.34,1,23,4,16,16,19,17,14,18,1,6,5,6,4,6,5,6,5,2,28,8,4,1,2,1,4,1,7,10,6,1,7,3,6,10,5,3,10,6,5,7,6,8,2,1,7,20,30,10,20,0,20,30,20,15,15,20,0,4,9,10,8,8,0,5,5,7,5,5,5,5,3,0,8,3,3,20,30,15,20,5,10,3,8,9,9,9,5,0,1,10,35,10,20,5,20,4,9,10,10,9
1,2,11,21,16,6,20,0,-0.37,0,23,2,10,15,40,15,10,10,1,4,7,7,7,5,6,7,7,2,28,8,4,1,2,1,4,1,7,10,6,1,7,3,6,10,5,3,10,6,5,7,6,8,2,1,7,20,30,10,20,0,20,30,20,15,15,20,0,4,9,10,8,8,0,5,5,4,3,2,1,2,1,0,8,3,3,20,30,15,20,5,10,3,8,9,9,9,5,0,1,10,35,10,20,5,20,4,9,10,10,9
1,2,11,21,6,17,21,0,-0.3,0,25,2,25,20,25,25,5,0,0,6,6,7,6,5,4,6,7,2,28,8,4,1,2,1,4,1,7,10,6,1,7,3,6,10,5,3,10,6,5,7,6,8,2,1,7,20,30,10,20,0,20,30,20,15,15,20,0,4,9,10,8,8,0,6,4,4,6,3,2,4,2,0,8,3,3,20,30,15,20,5,10,3,8,9,9,9,5,0,1,10,35,10,20,5,20,4,9,10,10,9
0,2,12,14,5,4,5,0,0.33,1,23,2,25,5,30,15,5,20,0,5,6,6,3,4,2,3,5,2,30,9,2,5,7,2,6,1,2,7,8,8,5,7,5,3,1,2,10,7,10,10,8,8,5,8,6,10,18,20,16,16,20,22,20,14,18,8,18,7,10,8,8,8,0,5,7,7,7,7,7,6,6,0,7,1,2,14,20,18,20,13,15,7,9,7,8,7,0,0,0,5,10,10,10,10,55,7,9,8,8,6
0,2,12,14,5,3,11,0,0.04,0,29,6,40,30,10,8,2,10,0,6,6,6,6,4,7,7,1,2,30,9,2,5,7,2,6,1,2,7,8,8,5,7,5,3,1,2,10,7,10,10,8,8,5,8,6,10,18,20,16,16,20,22,20,14,18,8,18,7,10,8,8,8,0,5,9,8,8,8,8,8,5,0,7,1,2,14,20,18,20,13,15,7,9,7,8,7,0,0,0,5,10,10,10,10,55,7,9,8,8,6
0,2,12,14,12,12,1,0,0.01,0,27,4,17,19,18,17,11,18,1,7,8,8,7,6,7,8,4,2,28,9,2,10,10,1,4,2,2,4,5,2,8,8,7,6,5,9,9,9,8,7,8,10,9,7,3,15,20,35,15,5,10,50,0,10,30,0,10,8,9,6,10,9,0,5,5,6,3,3,4,3,1,0,6,3,2,20,25,35,5,5,10,8,9,10,7,9,3,3,1,15,15,25,15,15,15,8,10,10,9,9
0,2,12,14,12,1,2,0,0.53,1,32,2,20,20,20,20,10,10,0,8,10,10,8,10,4,5,8,2,28,9,2,10,10,1,4,2,2,4,5,2,8,8,7,6,5,9,9,9,8,7,8,10,9,7,3,15,20,35,15,5,10,50,0,10,30,0,10,8,9,6,10,9,0,7,8,9,3,5,5,6,1,0,6,3,2,20,25,35,5,5,10,8,9,10,7,9,3,3,1,15,15,25,15,15,15,8,10,10,9,9
0,2,12,14,12,8,3,0,0.55,1,25,2,24,15,20,20,8,13,0,6,8,8,7,6,6,5,5,2,28,9,2,10,10,1,4,2,2,4,5,2,8,8,7,6,5,9,9,9,8,7,8,10,9,7,3,15,20,35,15,5,10,50,0,10,30,0,10,8,9,6,10,9,0,6,5,5,3,1,3,2,1,0,6,3,2,20,25,35,5,5,10,8,9,10,7,9,3,3,1,15,15,25,15,15,15,8,10,10,9,9
0,2,12,14,12,3,4,0,-0.34,0,29,4,50,20,10,10,5,5,0,5,5,7,5,8,6,7,7,2,28,9,2,10,10,1,4,2,2,4,5,2,8,8,7,6,5,9,9,9,8,7,8,10,9,7,3,15,20,35,15,5,10,50,0,10,30,0,10,8,9,6,10,9,0,7,6,6,5,3,5,2,1,0,6,3,2,20,25,35,5,5,10,8,9,10,7,9,3,3,1,15,15,25,15,15,15,8,10,10,9,9
0,2,12,14,12,11,5,0,-0.06,1,23,2,25,5,30,15,5,20,0,3,6,7,4,8,2,4,5,2,28,9,2,10,10,1,4,2,2,4,5,2,8,8,7,6,5,9,9,9,8,7,8,10,9,7,3,15,20,35,15,5,10,50,0,10,30,0,10,8,9,6,10,9,0,6,6,6,6,4,5,6,5,0,6,3,2,20,25,35,5,5,10,8,9,10,7,9,3,3,1,15,15,25,15,15,15,8,10,10,9,9
0,2,12,14,12,5,6,0,0.08,1,27,2,19,13,18,18,10,22,0,3,6,9,4,8,4,4,6,2,28,9,2,10,10,1,4,2,2,4,5,2,8,8,7,6,5,9,9,9,8,7,8,10,9,7,3,15,20,35,15,5,10,50,0,10,30,0,10,8,9,6,10,9,1,8,8,9,8,7,8,8,1,0,6,3,2,20,25,35,5,5,10,8,9,10,7,9,3,3,1,15,15,25,15,15,15,8,10,10,9,9
0,2,12,14,12,6,7,0,0.12,0,32,6,20,10,30,20,10,10,0,4,6,6,5,8,5,5,6,2,28,9,2,10,10,1,4,2,2,4,5,2,8,8,7,6,5,9,9,9,8,7,8,10,9,7,3,15,20,35,15,5,10,50,0,10,30,0,10,8,9,6,10,9,0,5,5,6,4,2,2,2,1,0,6,3,2,20,25,35,5,5,10,8,9,10,7,9,3,3,1,15,15,25,15,15,15,8,10,10,9,9
0,2,12,14,12,9,9,1,0.24,1,25,2,25,20,15,25,10,5,1,6,8,8,8,7,5,6,6,2,28,9,2,10,10,1,4,2,2,4,5,2,8,8,7,6,5,9,9,9,8,7,8,10,9,7,3,15,20,35,15,5,10,50,0,10,30,0,10,8,9,6,10,9,1,9,8,8,9,8,8,8,8,0,6,3,2,20,25,35,5,5,10,8,9,10,7,9,3,3,1,15,15,25,15,15,15,8,10,10,9,9
0,2,12,14,12,13,10,1,0.14,1,30,2,50,0,20,20,0,10,1,5,10,9,9,9,6,7,7,2,28,9,2,10,10,1,4,2,2,4,5,2,8,8,7,6,5,9,9,9,8,7,8,10,9,7,3,15,20,35,15,5,10,50,0,10,30,0,10,8,9,6,10,9,1,8,10,8,9,8,8,8,7,0,6,3,2,20,25,35,5,5,10,8,9,10,7,9,3,3,1,15,15,25,15,15,15,8,10,10,9,9
0,2,12,14,12,10,11,0,-0.13,0,29,6,40,30,10,8,2,10,1,4,5,7,5,5,6,8,1,2,28,9,2,10,10,1,4,2,2,4,5,2,8,8,7,6,5,9,9,9,8,7,8,10,9,7,3,15,20,35,15,5,10,50,0,10,30,0,10,8,9,6,10,9,0,5,5,5,6,6,8,6,6,0,6,3,2,20,25,35,5,5,10,8,9,10,7,9,3,3,1,15,15,25,15,15,15,8,10,10,9,9
0,2,12,14,12,2,12,1,-0.17,1,26,2,20,25,20,10,5,20,1,6,9,7,6,6,8,8,7,2,28,9,2,10,10,1,4,2,2,4,5,2,8,8,7,6,5,9,9,9,8,7,8,10,9,7,3,15,20,35,15,5,10,50,0,10,30,0,10,8,9,6,10,9,1,7,9,9,6,5,5,6,8,0,6,3,2,20,25,35,5,5,10,8,9,10,7,9,3,3,1,15,15,25,15,15,15,8,10,10,9,9
0,2,12,14,12,4,14,0,0.16,1,29,2,30,15,15,20,10,10,0,4,7,7,6,7,6,5,5,2,28,9,2,10,10,1,4,2,2,4,5,2,8,8,7,6,5,9,9,9,8,7,8,10,9,7,3,15,20,35,15,5,10,50,0,10,30,0,10,8,9,6,10,9,1,8,7,8,9,9,7,8,8,0,6,3,2,20,25,35,5,5,10,8,9,10,7,9,3,3,1,15,15,25,15,15,15,8,10,10,9,9
0,2,12,14,11,11,1,1,0.38,0,27,4,17,19,18,17,11,18,1,8,9,8,8,6,7,9,4,2,21,9,2,9,8,2,2,1,2,5,2,8,8,10,10,3,3,5,10,8,10,10,8,8,8,6,7,25,25,15,15,10,10,40,10,10,15,10,15,8,10,9,8,9,1,5,10,8,7,8,8,6,8,0,2,3,3,30,30,15,15,15,15,8,10,9,8,9,0,2,0,20,20,20,10,10,10,8,10,10,9,10
0,2,12,14,11,7,3,1,0.57,1,25,2,24,15,20,20,8,13,1,9,8,7,8,7,6,8,7,2,21,9,2,9,8,2,2,1,2,5,2,8,8,10,10,3,3,5,10,8,10,10,8,8,8,6,7,25,25,15,15,10,10,40,10,10,15,10,15,8,10,9,8,9,1,7,8,9,7,8,7,7,8,0,2,3,3,30,30,15,15,15,15,8,10,9,8,9,0,2,0,20,20,20,10,10,10,8,10,10,9,10
0,2,12,14,11,2,4,0,-0.06,0,29,4,50,20,10,10,5,5,1,7,8,5,6,5,8,7,6,2,21,9,2,9,8,2,2,1,2,5,2,8,8,10,10,3,3,5,10,8,10,10,8,8,8,6,7,25,25,15,15,10,10,40,10,10,15,10,15,8,10,9,8,9,0,5,9,9,7,9,8,5,8,0,2,3,3,30,30,15,15,15,15,8,10,9,8,9,0,2,0,20,20,20,10,10,10,8,10,10,9,10
0,2,12,14,11,10,5,0,0.14,1,23,2,25,5,30,15,5,20,0,7,5,5,6,3,2,5,6,2,21,9,2,9,8,2,2,1,2,5,2,8,8,10,10,3,3,5,10,8,10,10,8,8,8,6,7,25,25,15,15,10,10,40,10,10,15,10,15,8,10,9,8,9,0,5,5,5,5,9,6,5,7,0,2,3,3,30,30,15,15,15,15,8,10,9,8,9,0,2,0,20,20,20,10,10,10,8,10,10,9,10
0,2,12,14,11,4,6,0,-0.15,1,27,2,19,13,18,18,10,22,1,6,7,6,7,7,6,7,8,2,21,9,2,9,8,2,2,1,2,5,2,8,8,10,10,3,3,5,10,8,10,10,8,8,8,6,7,25,25,15,15,10,10,40,10,10,15,10,15,8,10,9,8,9,0,5,7,7,7,7,7,7,8,0,2,3,3,30,30,15,15,15,15,8,10,9,8,9,0,2,0,20,20,20,10,10,10,8,10,10,9,10
0,2,12,14,11,5,7,0,0.5,0,32,6,20,10,30,20,10,10,1,5,5,6,6,6,5,7,5,2,21,9,2,9,8,2,2,1,2,5,2,8,8,10,10,3,3,5,10,8,10,10,8,8,8,6,7,25,25,15,15,10,10,40,10,10,15,10,15,8,10,9,8,9,0,5,7,7,6,8,6,7,6,0,2,3,3,30,30,15,15,15,15,8,10,9,8,9,0,2,0,20,20,20,10,10,10,8,10,10,9,10
0,2,12,14,11,6,8,0,0.34,1,27,2,6.67,19.05,42.86,9.52,14.29,7.62,0,6,8,8,6,3,4,6,4,2,21,9,2,9,8,2,2,1,2,5,2,8,8,10,10,3,3,5,10,8,10,10,8,8,8,6,7,25,25,15,15,10,10,40,10,10,15,10,15,8,10,9,8,9,0,3,5,7,5,9,5,4,5,0,2,3,3,30,30,15,15,15,15,8,10,9,8,9,0,2,0,20,20,20,10,10,10,8,10,10,9,10
0,2,12,14,11,8,9,1,0.19,1,25,2,25,20,15,25,10,5,1,7,6,6,7,7,5,6,5,2,21,9,2,9,8,2,2,1,2,5,2,8,8,10,10,3,3,5,10,8,10,10,8,8,8,6,7,25,25,15,15,10,10,40,10,10,15,10,15,8,10,9,8,9,1,7,7,7,8,9,7,7,8,0,2,3,3,30,30,15,15,15,15,8,10,9,8,9,0,2,0,20,20,20,10,10,10,8,10,10,9,10
0,2,12,14,11,12,10,0,0.45,1,30,2,50,0,20,20,0,10,0,8,4,6,4,6,4,5,5,2,21,9,2,9,8,2,2,1,2,5,2,8,8,10,10,3,3,5,10,8,10,10,8,8,8,6,7,25,25,15,15,10,10,40,10,10,15,10,15,8,10,9,8,9,1,8,8,7,7,9,8,7,7,0,2,3,3,30,30,15,15,15,15,8,10,9,8,9,0,2,0,20,20,20,10,10,10,8,10,10,9,10
0,2,12,14,11,9,11,0,0.02,0,29,6,40,30,10,8,2,10,1,7,7,6,6,7,5,8,1,2,21,9,2,9,8,2,2,1,2,5,2,8,8,10,10,3,3,5,10,8,10,10,8,8,8,6,7,25,25,15,15,10,10,40,10,10,15,10,15,8,10,9,8,9,0,3,8,8,7,9,9,6,8,0,2,3,3,30,30,15,15,15,15,8,10,9,8,9,0,2,0,20,20,20,10,10,10,8,10,10,9,10
0,2,12,14,11,1,12,1,-0.36,1,26,2,20,25,20,10,5,20,1,9,9,7,8,9,8,9,9,2,21,9,2,9,8,2,2,1,2,5,2,8,8,10,10,3,3,5,10,8,10,10,8,8,8,6,7,25,25,15,15,10,10,40,10,10,15,10,15,8,10,9,8,9,1,3,10,10,8,9,10,7,10,0,2,3,3,30,30,15,15,15,15,8,10,9,8,9,0,2,0,20,20,20,10,10,10,8,10,10,9,10
0,2,12,14,11,3,14,0,0.28,1,29,2,30,15,15,20,10,10,0,6,7,7,7,7,6,6,5,2,21,9,2,9,8,2,2,1,2,5,2,8,8,10,10,3,3,5,10,8,10,10,8,8,8,6,7,25,25,15,15,10,10,40,10,10,15,10,15,8,10,9,8,9,0,4,7,7,7,8,5,6,8,0,2,3,3,30,30,15,15,15,15,8,10,9,8,9,0,2,0,20,20,20,10,10,10,8,10,10,9,10
0,2,12,14,13,12,5,0,-0.13,1,23,2,25,5,30,15,5,20,0,6,4,4,8,4,8,6,10,2,21,3,2,8,7,2,3,1,12,10,10,9,7,5,6,6,6,8,5,7,7,7,9,9,6,6,8,50,5,20,10,5,10,70,5,5,15,0,5,8,8,8,8,10,1,10,10,10,10,10,10,10,10,0,5,3,3,50,5,20,10,10,5,8,8,9,8,10,0,0,0,25,25,25,20,5,0,8,9,9,10,10
0,2,12,14,13,7,7,0,0.16,0,32,6,20,10,30,20,10,10,0,7,5,6,7,6,6,6,5,2,21,3,2,8,7,2,3,1,12,10,10,9,7,5,6,6,6,8,5,7,7,7,9,9,6,6,8,50,5,20,10,5,10,70,5,5,15,0,5,8,8,8,8,10,0,5,7,10,7,7,6,4,5,0,5,3,3,50,5,20,10,10,5,8,8,9,8,10,0,0,0,25,25,25,20,5,0,8,9,9,10,10
0,2,12,14,2,2,1,0,0.43,0,27,4,17,19,18,17,11,18,0,8,9,10,7,6,6,8,2,2,33,9,2,2,1,4,5,1,2,7,1,9,9,9,7,7,1,1,10,2,9,9,8,9,5,1,6,20,25,25,10,15,5,40,10,15,25,5,5,8,10,9,8,6,0,4,6,7,5,8,6,6,8,0,6,1,1,40,15,15,15,10,5,8,10,8,8,7,1,1,1,40,20,20,10,5,5,8,10,8,7,7
0,2,12,14,2,12,3,0,0.17,1,25,2,24,15,20,20,8,13,0,6,8,7,5,5,5,6,4,2,33,9,2,2,1,4,5,1,2,7,1,9,9,9,7,7,1,1,10,2,9,9,8,9,5,1,6,20,25,25,10,15,5,40,10,15,25,5,5,8,10,9,8,6,0,7,5,7,3,6,2,4,6,0,6,1,1,40,15,15,15,10,5,8,10,8,8,7,1,1,1,40,20,20,10,5,5,8,10,8,7,7
0,2,12,14,2,7,4,0,0.43,0,29,4,50,20,10,10,5,5,1,8,7,7,8,5,8,8,7,2,33,9,2,2,1,4,5,1,2,7,1,9,9,9,7,7,1,1,10,2,9,9,8,9,5,1,6,20,25,25,10,15,5,40,10,15,25,5,5,8,10,9,8,6,0,8,7,8,8,8,6,7,6,0,6,1,1,40,15,15,15,10,5,8,10,8,8,7,1,1,1,40,20,20,10,5,5,8,10,8,7,7
0,2,12,14,2,1,5,0,0.55,1,23,2,25,5,30,15,5,20,1,9,8,8,6,7,9,9,6,2,33,9,2,2,1,4,5,1,2,7,1,9,9,9,7,7,1,1,10,2,9,9,8,9,5,1,6,20,25,25,10,15,5,40,10,15,25,5,5,8,10,9,8,6,0,6,10,9,8,8,7,7,8,0,6,1,1,40,15,15,15,10,5,8,10,8,8,7,1,1,1,40,20,20,10,5,5,8,10,8,7,7
0,2,12,14,2,9,6,1,0.19,1,27,2,19,13,18,18,10,22,1,7,7,9,8,9,6,9,6,2,33,9,2,2,1,4,5,1,2,7,1,9,9,9,7,7,1,1,10,2,9,9,8,9,5,1,6,20,25,25,10,15,5,40,10,15,25,5,5,8,10,9,8,6,1,7,8,8,8,8,7,8,8,0,6,1,1,40,15,15,15,10,5,8,10,8,8,7,1,1,1,40,20,20,10,5,5,8,10,8,7,7
0,2,12,14,2,10,7,0,0.51,0,32,6,20,10,30,20,10,10,1,6,7,7,7,6,6,7,6,2,33,9,2,2,1,4,5,1,2,7,1,9,9,9,7,7,1,1,10,2,9,9,8,9,5,1,6,20,25,25,10,15,5,40,10,15,25,5,5,8,10,9,8,6,0,6,7,9,6,9,6,7,7,0,6,1,1,40,15,15,15,10,5,8,10,8,8,7,1,1,1,40,20,20,10,5,5,8,10,8,7,7
0,2,12,14,2,11,8,0,0.58,1,27,2,6.67,19.05,42.86,9.52,14.29,7.62,0,7,7,7,7,6,3,6,4,2,33,9,2,2,1,4,5,1,2,7,1,9,9,9,7,7,1,1,10,2,9,9,8,9,5,1,6,20,25,25,10,15,5,40,10,15,25,5,5,8,10,9,8,6,0,5,6,8,5,8,5,5,6,0,6,1,1,40,15,15,15,10,5,8,10,8,8,7,1,1,1,40,20,20,10,5,5,8,10,8,7,7
0,2,12,14,2,13,9,0,0.48,1,25,2,25,20,15,25,10,5,0,6,5,6,6,3,3,4,4,2,33,9,2,2,1,4,5,1,2,7,1,9,9,9,7,7,1,1,10,2,9,9,8,9,5,1,6,20,25,25,10,15,5,40,10,15,25,5,5,8,10,9,8,6,0,6,7,8,7,8,5,7,7,0,6,1,1,40,15,15,15,10,5,8,10,8,8,7,1,1,1,40,20,20,10,5,5,8,10,8,7,7
0,2,12,14,2,14,11,0,0.21,0,29,6,40,30,10,8,2,10,1,6,4,5,5,5,5,6,1,2,33,9,2,2,1,4,5,1,2,7,1,9,9,9,7,7,1,1,10,2,9,9,8,9,5,1,6,20,25,25,10,15,5,40,10,15,25,5,5,8,10,9,8,6,0,5,7,7,6,7,5,6,8,0,6,1,1,40,15,15,15,10,5,8,10,8,8,7,1,1,1,40,20,20,10,5,5,8,10,8,7,7
0,2,12,14,2,6,12,0,0.04,1,26,2,20,25,20,10,5,20,1,9,7,8,9,8,10,8,5,2,33,9,2,2,1,4,5,1,2,7,1,9,9,9,7,7,1,1,10,2,9,9,8,9,5,1,6,20,25,25,10,15,5,40,10,15,25,5,5,8,10,9,8,6,0,3,6,5,5,5,4,4,7,0,6,1,1,40,15,15,15,10,5,8,10,8,8,7,1,1,1,40,20,20,10,5,5,8,10,8,7,7
0,2,12,14,2,8,14,0,0.51,1,29,2,30,15,15,20,10,10,0,5,7,7,6,6,6,6,5,2,33,9,2,2,1,4,5,1,2,7,1,9,9,9,7,7,1,1,10,2,9,9,8,9,5,1,6,20,25,25,10,15,5,40,10,15,25,5,5,8,10,9,8,6,0,4,6,8,6,8,5,6,7,0,6,1,1,40,15,15,15,10,5,8,10,8,8,7,1,1,1,40,20,20,10,5,5,8,10,8,7,7
0,2,12,14,8,8,1,0,0.11,0,27,4,17,19,18,17,11,18,0,7,9,8,7,6,7,8,4,2,28,3,2,1,10,1,7,2,12,10,1,8,7,7,8,2,1,4,8,1,8,9,7,7,8,9,6,5,20,25,25,15,10,25,15,20,25,5,10,6,10,10,8,8,0,2,8,9,1,8,0,5,2,0,5,3,3,10,20,20,20,10,10,7,10,7,10,9,0,0,0,10,20,15,30,15,10,7,9,8,10,9
0,2,12,14,8,11,2,0,0.36,1,32,2,20,20,20,20,10,10,0,8,10,8,10,8,4,8,2,2,28,3,2,1,10,1,7,2,12,10,1,8,7,7,8,2,1,4,8,1,8,9,7,7,8,9,6,5,20,25,25,15,10,25,15,20,25,5,10,6,10,10,8,8,0,6,7,8,8,7,4,5,5,0,5,3,3,10,20,20,20,10,10,7,10,7,10,9,0,0,0,10,20,15,30,15,10,7,9,8,10,9
0,2,12,14,8,4,3,0,0.07,1,25,2,24,15,20,20,8,13,1,8,7,7,7,7,5,7,6,2,28,3,2,1,10,1,7,2,12,10,1,8,7,7,8,2,1,4,8,1,8,9,7,7,8,9,6,5,20,25,25,15,10,25,15,20,25,5,10,6,10,10,8,8,0,8,7,9,2,6,0,3,3,0,5,3,3,10,20,20,20,10,10,7,10,7,10,9,0,0,0,10,20,15,30,15,10,7,9,8,10,9
0,2,12,14,8,13,4,0,0.31,0,29,4,50,20,10,10,5,5,1,7,7,4,5,5,5,6,9,2,28,3,2,1,10,1,7,2,12,10,1,8,7,7,8,2,1,4,8,1,8,9,7,7,8,9,6,5,20,25,25,15,10,25,15,20,25,5,10,6,10,10,8,8,0,7,7,7,5,7,5,5,5,0,5,3,3,10,20,20,20,10,10,7,10,7,10,9,0,0,0,10,20,15,30,15,10,7,9,8,10,9
0,2,12,14,8,7,5,0,0.13,1,23,2,25,5,30,15,5,20,0,6,6,6,6,4,3,6,6,2,28,3,2,1,10,1,7,2,12,10,1,8,7,7,8,2,1,4,8,1,8,9,7,7,8,9,6,5,20,25,25,15,10,25,15,20,25,5,10,6,10,10,8,8,0,7,6,8,3,5,5,5,5,0,5,3,3,10,20,20,20,10,10,7,10,7,10,9,0,0,0,10,20,15,30,15,10,7,9,8,10,9
0,2,12,14,8,1,6,0,0.25,1,27,2,19,13,18,18,10,22,0,6,8,7,8,6,6,7,7,2,28,3,2,1,10,1,7,2,12,10,1,8,7,7,8,2,1,4,8,1,8,9,7,7,8,9,6,5,20,25,25,15,10,25,15,20,25,5,10,6,10,10,8,8,0,6,9,8,7,5,5,6,5,0,5,3,3,10,20,20,20,10,10,7,10,7,10,9,0,0,0,10,20,15,30,15,10,7,9,8,10,9
0,2,12,14,8,2,7,0,0.63,0,32,6,20,10,30,20,10,10,0,5,7,5,6,7,5,6,5,2,28,3,2,1,10,1,7,2,12,10,1,8,7,7,8,2,1,4,8,1,8,9,7,7,8,9,6,5,20,25,25,15,10,25,15,20,25,5,10,6,10,10,8,8,0,6,9,10,3,9,4,6,5,0,5,3,3,10,20,20,20,10,10,7,10,7,10,9,0,0,0,10,20,15,30,15,10,7,9,8,10,9
0,2,12,14,8,3,8,0,0.51,1,27,2,6.67,19.05,42.86,9.52,14.29,7.62,0,7,9,8,8,3,3,6,4,2,28,3,2,1,10,1,7,2,12,10,1,8,7,7,8,2,1,4,8,1,8,9,7,7,8,9,6,5,20,25,25,15,10,25,15,20,25,5,10,6,10,10,8,8,0,6,8,10,3,8,2,6,5,0,5,3,3,10,20,20,20,10,10,7,10,7,10,9,0,0,0,10,20,15,30,15,10,7,9,8,10,9
0,2,12,14,8,5,9,0,0.41,1,25,2,25,20,15,25,10,5,1,8,8,8,9,6,6,8,5,2,28,3,2,1,10,1,7,2,12,10,1,8,7,7,8,2,1,4,8,1,8,9,7,7,8,9,6,5,20,25,25,15,10,25,15,20,25,5,10,6,10,10,8,8,0,9,8,9,9,9,5,6,5,0,5,3,3,10,20,20,20,10,10,7,10,7,10,9,0,0,0,10,20,15,30,15,10,7,9,8,10,9
0,2,12,14,8,9,10,1,0.61,1,30,2,50,0,20,20,0,10,1,8,6,8,8,8,7,8,6,2,28,3,2,1,10,1,7,2,12,10,1,8,7,7,8,2,1,4,8,1,8,9,7,7,8,9,6,5,20,25,25,15,10,25,15,20,25,5,10,6,10,10,8,8,1,7,7,8,10,7,8,9,5,0,5,3,3,10,20,20,20,10,10,7,10,7,10,9,0,0,0,10,20,15,30,15,10,7,9,8,10,9
0,2,12,14,8,6,11,0,0.31,0,29,6,40,30,10,8,2,10,0,5,6,5,6,6,3,5,1,2,28,3,2,1,10,1,7,2,12,10,1,8,7,7,8,2,1,4,8,1,8,9,7,7,8,9,6,5,20,25,25,15,10,25,15,20,25,5,10,6,10,10,8,8,0,5,6,7,3,7,2,6,5,0,5,3,3,10,20,20,20,10,10,7,10,7,10,9,0,0,0,10,20,15,30,15,10,7,9,8,10,9
0,2,12,14,1,1,1,0,0.19,1,27,4,17,19,18,17,11,18,0,8,9,8,7,6,7,8,5,1,29,9,4,6,9,1,4,1,2,8,2,7,10,7,7,8,2,7,8,7,8,9,7,7,9,8,4,10,47,16,12,3,12,35,15,8,20,2,20,7,9,8,9,5,0,5,8,8,7,7,6,7,8,1,6,1,2,9,30,19,19,3,20,7,9,8,7,3,0,1,1,9,30,19,19,3,20,8,9,8,7,3
0,2,12,14,1,4,2,1,0.46,0,32,2,20,20,20,20,10,10,1,10,10,10,10,10,5,8,5,2,29,9,4,6,9,1,4,1,2,8,2,7,10,7,7,8,2,7,8,7,8,9,7,7,9,8,4,10,47,16,12,3,12,35,15,8,20,2,20,7,9,8,9,5,1,7,9,9,8,2,7,8,8,0,6,1,2,9,30,19,19,3,20,7,9,8,7,3,0,1,1,9,30,19,19,3,20,8,9,8,7,3
0,2,12,14,1,11,3,0,0.19,0,25,2,24,15,20,20,8,13,0,7,8,7,6,6,4,6,5,2,29,9,4,6,9,1,4,1,2,8,2,7,10,7,7,8,2,7,8,7,8,9,7,7,9,8,4,10,47,16,12,3,12,35,15,8,20,2,20,7,9,8,9,5,1,8,7,8,6,6,5,7,7,0,6,1,2,9,30,19,19,3,20,7,9,8,7,3,0,1,1,9,30,19,19,3,20,8,9,8,7,3
0,2,12,14,1,6,4,0,0.03,1,29,4,50,20,10,10,5,5,0,5,7,6,5,6,7,6,10,2,29,9,4,6,9,1,4,1,2,8,2,7,10,7,7,8,2,7,8,7,8,9,7,7,9,8,4,10,47,16,12,3,12,35,15,8,20,2,20,7,9,8,9,5,1,9,8,8,6,6,7,8,7,0,6,1,2,9,30,19,19,3,20,7,9,8,7,3,0,1,1,9,30,19,19,3,20,8,9,8,7,3
0,2,12,14,1,14,5,0,0.1,0,23,2,25,5,30,15,5,20,0,5,7,8,4,8,5,5,5,2,29,9,4,6,9,1,4,1,2,8,2,7,10,7,7,8,2,7,8,7,8,9,7,7,9,8,4,10,47,16,12,3,12,35,15,8,20,2,20,7,9,8,9,5,1,7,8,8,8,7,8,8,7,0,6,1,2,9,30,19,19,3,20,7,9,8,7,3,0,1,1,9,30,19,19,3,20,8,9,8,7,3
0,2,12,14,1,8,6,0,0.23,0,27,2,19,13,18,18,10,22,0,6,7,7,5,6,4,5,5,2,29,9,4,6,9,1,4,1,2,8,2,7,10,7,7,8,2,7,8,7,8,9,7,7,9,8,4,10,47,16,12,3,12,35,15,8,20,2,20,7,9,8,9,5,0,7,7,7,6,7,6,7,6,0,6,1,2,9,30,19,19,3,20,7,9,8,7,3,0,1,1,9,30,19,19,3,20,8,9,8,7,3
0,2,12,14,1,9,7,0,0.59,0,32,6,20,10,30,20,10,10,0,6,6,6,6,5,5,6,6,2,29,9,4,6,9,1,4,1,2,8,2,7,10,7,7,8,2,7,8,7,8,9,7,7,9,8,4,10,47,16,12,3,12,35,15,8,20,2,20,7,9,8,9,5,1,6,8,9,8,8,6,7,7,0,6,1,2,9,30,19,19,3,20,7,9,8,7,3,0,1,1,9,30,19,19,3,20,8,9,8,7,3
0,2,12,14,1,10,8,1,0.53,0,27,2,6.67,19.05,42.86,9.52,14.29,7.62,1,9,8,8,6,4,5,7,6,2,29,9,4,6,9,1,4,1,2,8,2,7,10,7,7,8,2,7,8,7,8,9,7,7,9,8,4,10,47,16,12,3,12,35,15,8,20,2,20,7,9,8,9,5,1,5,9,9,8,7,8,8,7,0,6,1,2,9,30,19,19,3,20,7,9,8,7,3,0,1,1,9,30,19,19,3,20,8,9,8,7,3
0,2,12,14,1,12,9,0,0.38,0,25,2,25,20,15,25,10,5,0,5,6,5,4,4,3,3,2,2,29,9,4,6,9,1,4,1,2,8,2,7,10,7,7,8,2,7,8,7,8,9,7,7,9,8,4,10,47,16,12,3,12,35,15,8,20,2,20,7,9,8,9,5,0,7,5,7,5,9,7,6,6,0,6,1,2,9,30,19,19,3,20,7,9,8,7,3,0,1,1,9,30,19,19,3,20,8,9,8,7,3
0,2,12,14,1,2,10,0,0.46,0,30,2,50,0,20,20,0,10,1,8,9,9,8,5,5,7,9,2,29,9,4,6,9,1,4,1,2,8,2,7,10,7,7,8,2,7,8,7,8,9,7,7,9,8,4,10,47,16,12,3,12,35,15,8,20,2,20,7,9,8,9,5,0,8,5,8,9,7,3,7,7,0,6,1,2,9,30,19,19,3,20,7,9,8,7,3,0,1,1,9,30,19,19,3,20,8,9,8,7,3
0,2,12,14,1,13,11,0,0.35,0,29,6,40,30,10,8,2,10,0,5,6,5,6,5,4,5,2,2,29,9,4,6,9,1,4,1,2,8,2,7,10,7,7,8,2,7,8,7,8,9,7,7,9,8,4,10,47,16,12,3,12,35,15,8,20,2,20,7,9,8,9,5,0,4,7,8,5,7,8,5,6,0,6,1,2,9,30,19,19,3,20,7,9,8,7,3,0,1,1,9,30,19,19,3,20,8,9,8,7,3
0,2,12,14,1,5,12,0,-0.26,0,26,2,20,25,20,10,5,20,0,6,8,6,5,8,6,7,7,2,29,9,4,6,9,1,4,1,2,8,2,7,10,7,7,8,2,7,8,7,8,9,7,7,9,8,4,10,47,16,12,3,12,35,15,8,20,2,20,7,9,8,9,5,0,4,6,7,5,9,6,6,7,0,6,1,2,9,30,19,19,3,20,7,9,8,7,3,0,1,1,9,30,19,19,3,20,8,9,8,7,3
0,2,12,14,1,7,14,0,0.47,0,29,2,30,15,15,20,10,10,0,4,8,7,6,5,5,5,5,2,29,9,4,6,9,1,4,1,2,8,2,7,10,7,7,8,2,7,8,7,8,9,7,7,9,8,4,10,47,16,12,3,12,35,15,8,20,2,20,7,9,8,9,5,1,7,6,7,6,6,5,6,6,0,6,1,2,9,30,19,19,3,20,7,9,8,7,3,0,1,1,9,30,19,19,3,20,8,9,8,7,3
0,2,12,14,9,9,1,0,0.39,1,27,4,17,19,18,17,11,18,0,10,10,10,10,8,7,9,6,1,22,9,4,6,2,1,6,3,2,6,6,9,8,5,5,7,4,5,6,9,9,9,5,5,9,5,7,16,20,19,16,18,11,22,13,18,18,16,13,6,9,8,8,8,0,9,9,9,9,8,9,8,5,1,6,1,3,20,22,18,15,15,10,7,8,7,7,6,1,1,1,18,22,20,15,10,15,6,8,7,7,7
0,2,12,14,9,5,3,0,0.1,0,25,2,24,15,20,20,8,13,0,8,8,7,6,7,3,6,5,2,22,9,4,6,2,1,6,3,2,6,6,9,8,5,5,7,4,5,6,9,9,9,5,5,9,5,7,16,20,19,16,18,11,22,13,18,18,16,13,6,9,8,8,8,0,7,6,6,6,6,5,6,5,0,6,1,3,20,22,18,15,15,10,7,8,7,7,6,1,1,1,18,22,20,15,10,15,6,8,7,7,7
0,2,12,14,9,14,4,0,0,1,29,4,50,20,10,10,5,5,0,6,5,5,2,8,7,7,8,2,22,9,4,6,2,1,6,3,2,6,6,9,8,5,5,7,4,5,6,9,9,9,5,5,9,5,7,16,20,19,16,18,11,22,13,18,18,16,13,6,9,8,8,8,1,8,8,7,8,7,6,8,6,0,6,1,3,20,22,18,15,15,10,7,8,7,7,6,1,1,1,18,22,20,15,10,15,6,8,7,7,7
0,2,12,14,9,8,5,0,-0.21,0,23,2,25,5,30,15,5,20,0,7,6,6,5,5,2,5,6,2,22,9,4,6,2,1,6,3,2,6,6,9,8,5,5,7,4,5,6,9,9,9,5,5,9,5,7,16,20,19,16,18,11,22,13,18,18,16,13,6,9,8,8,8,1,7,8,8,7,7,6,7,6,0,6,1,3,20,22,18,15,15,10,7,8,7,7,6,1,1,1,18,22,20,15,10,15,6,8,7,7,7
0,2,12,14,9,2,6,0,-0.18,0,27,2,19,13,18,18,10,22,0,4,8,6,6,6,4,4,5,2,22,9,4,6,2,1,6,3,2,6,6,9,8,5,5,7,4,5,6,9,9,9,5,5,9,5,7,16,20,19,16,18,11,22,13,18,18,16,13,6,9,8,8,8,1,7,8,8,6,6,6,7,6,0,6,1,3,20,22,18,15,15,10,7,8,7,7,6,1,1,1,18,22,20,15,10,15,6,8,7,7,7
0,2,12,14,9,3,7,0,0.34,0,32,6,20,10,30,20,10,10,1,9,8,7,8,5,6,8,7,2,22,9,4,6,2,1,6,3,2,6,6,9,8,5,5,7,4,5,6,9,9,9,5,5,9,5,7,16,20,19,16,18,11,22,13,18,18,16,13,6,9,8,8,8,0,6,8,7,7,8,6,6,7,0,6,1,3,20,22,18,15,15,10,7,8,7,7,6,1,1,1,18,22,20,15,10,15,6,8,7,7,7
0,2,12,14,9,4,8,1,-0.21,0,27,2,6.67,19.05,42.86,9.52,14.29,7.62,1,8,8,9,10,4,2,7,6,2,22,9,4,6,2,1,6,3,2,6,6,9,8,5,5,7,4,5,6,9,9,9,5,5,9,5,7,16,20,19,16,18,11,22,13,18,18,16,13,6,9,8,8,8,1,8,8,8,8,8,6,8,7,0,6,1,3,20,22,18,15,15,10,7,8,7,7,6,1,1,1,18,22,20,15,10,15,6,8,7,7,7
0,2,12,14,9,6,9,0,-0.39,0,25,2,25,20,15,25,10,5,0,6,6,5,3,4,2,2,2,2,22,9,4,6,2,1,6,3,2,6,6,9,8,5,5,7,4,5,6,9,9,9,5,5,9,5,7,16,20,19,16,18,11,22,13,18,18,16,13,6,9,8,8,8,1,7,8,8,7,8,6,7,6,0,6,1,3,20,22,18,15,15,10,7,8,7,7,6,1,1,1,18,22,20,15,10,15,6,8,7,7,7
0,2,12,14,9,10,10,0,-0.1,0,30,2,50,0,20,20,0,10,0,7,10,7,6,4,5,6,7,2,22,9,4,6,2,1,6,3,2,6,6,9,8,5,5,7,4,5,6,9,9,9,5,5,9,5,7,16,20,19,16,18,11,22,13,18,18,16,13,6,9,8,8,8,1,7,8,8,8,8,6,8,6,0,6,1,3,20,22,18,15,15,10,7,8,7,7,6,1,1,1,18,22,20,15,10,15,6,8,7,7,7
0,2,12,14,9,13,12,0,-0.37,0,26,2,20,25,20,10,5,20,0,8,6,7,6,5,5,7,7,2,22,9,4,6,2,1,6,3,2,6,6,9,8,5,5,7,4,5,6,9,9,9,5,5,9,5,7,16,20,19,16,18,11,22,13,18,18,16,13,6,9,8,8,8,0,5,6,6,6,6,5,5,5,0,6,1,3,20,22,18,15,15,10,7,8,7,7,6,1,1,1,18,22,20,15,10,15,6,8,7,7,7
0,2,12,14,9,1,14,0,-0.08,0,29,2,30,15,15,20,10,10,0,4,8,7,7,5,6,6,5,2,22,9,4,6,2,1,6,3,2,6,6,9,8,5,5,7,4,5,6,9,9,9,5,5,9,5,7,16,20,19,16,18,11,22,13,18,18,16,13,6,9,8,8,8,0,6,6,8,6,6,4,6,6,0,6,1,3,20,22,18,15,15,10,7,8,7,7,6,1,1,1,18,22,20,15,10,15,6,8,7,7,7
0,2,12,14,10,10,1,0,0.4,1,27,4,17,19,18,17,11,18,1,8,9,9,8,7,7,9,5,2,27,9,4,1,3,5,7,2,2,10,8,10,9,8,9,10,1,5,10,7,10,10,8,10,9,3,3,10,20,20,15,20,15,30,10,20,20,10,10,5,8,7,8,8,0,3,6,7,5,5,4,6,5,0,7,3,3,10,20,20,15,20,15,6,8,8,7,7,0,0,0,13,20,25,12,17,13,4,8,7,8,7
0,2,12,14,10,6,3,0,-0.21,0,25,2,24,15,20,20,8,13,1,8,8,8,8,8,5,8,7,2,27,9,4,1,3,5,7,2,2,10,8,10,9,8,9,10,1,5,10,7,10,10,8,10,9,3,3,10,20,20,15,20,15,30,10,20,20,10,10,5,8,7,8,8,0,4,6,6,4,4,3,4,3,0,7,3,3,10,20,20,15,20,15,6,8,8,7,7,0,0,0,13,20,25,12,17,13,4,8,7,8,7
0,2,12,14,10,1,4,0,0.28,1,29,4,50,20,10,10,5,5,0,5,8,6,7,5,6,7,8,2,27,9,4,1,3,5,7,2,2,10,8,10,9,8,9,10,1,5,10,7,10,10,8,10,9,3,3,10,20,20,15,20,15,30,10,20,20,10,10,5,8,7,8,8,1,7.5,8,8,7,7,5.5,7,5,0,7,3,3,10,20,20,15,20,15,6,8,8,7,7,0,0,0,13,20,25,12,17,13,4,8,7,8,7
0,2,12,14,10,3,6,0,0.36,0,27,2,19,13,18,18,10,22,0,5,7,9,8,8,8,8,7,2,27,9,4,1,3,5,7,2,2,10,8,10,9,8,9,10,1,5,10,7,10,10,8,10,9,3,3,10,20,20,15,20,15,30,10,20,20,10,10,5,8,7,8,8,1,8,9,9,9,8,8,9,7,0,7,3,3,10,20,20,15,20,15,6,8,8,7,7,0,0,0,13,20,25,12,17,13,4,8,7,8,7
0,2,12,14,10,4,7,0,0.48,0,32,6,20,10,30,20,10,10,1,7,8,7,7,5,6,7,6,2,27,9,4,1,3,5,7,2,2,10,8,10,9,8,9,10,1,5,10,7,10,10,8,10,9,3,3,10,20,20,15,20,15,30,10,20,20,10,10,5,8,7,8,8,0,4,8,8,5,8,4,6,4,0,7,3,3,10,20,20,15,20,15,6,8,8,7,7,0,0,0,13,20,25,12,17,13,4,8,7,8,7
0,2,12,14,10,5,8,0,0.39,0,27,2,6.67,19.05,42.86,9.52,14.29,7.62,1,10,8,10,9,5,4,8,7,2,27,9,4,1,3,5,7,2,2,10,8,10,9,8,9,10,1,5,10,7,10,10,8,10,9,3,3,10,20,20,15,20,15,30,10,20,20,10,10,5,8,7,8,8,0,6.5,8,8,6,7,6.5,6,5,0,7,3,3,10,20,20,15,20,15,6,8,8,7,7,0,0,0,13,20,25,12,17,13,4,8,7,8,7
0,2,12,14,10,11,10,1,0.31,0,30,2,50,0,20,20,0,10,1,7,7,7,6,8,9,7,7,2,27,9,4,1,3,5,7,2,2,10,8,10,9,8,9,10,1,5,10,7,10,10,8,10,9,3,3,10,20,20,15,20,15,30,10,20,20,10,10,5,8,7,8,8,1,7,6,7,8,5,7,7,6,0,7,3,3,10,20,20,15,20,15,6,8,8,7,7,0,0,0,13,20,25,12,17,13,4,8,7,8,7
0,2,12,14,10,8,11,0,0.18,0,29,6,40,30,10,8,2,10,0,6,6,7,6,5,3,6,2,2,27,9,4,1,3,5,7,2,2,10,8,10,9,8,9,10,1,5,10,7,10,10,8,10,9,3,3,10,20,20,15,20,15,30,10,20,20,10,10,5,8,7,8,8,0,4,6,7,6,6,5,5,4,0,7,3,3,10,20,20,15,20,15,6,8,8,7,7,0,0,0,13,20,25,12,17,13,4,8,7,8,7
0,2,12,14,10,14,12,0,-0.01,0,26,2,20,25,20,10,5,20,1,9,9,7,7,5,6,8,6,2,27,9,4,1,3,5,7,2,2,10,8,10,9,8,9,10,1,5,10,7,10,10,8,10,9,3,3,10,20,20,15,20,15,30,10,20,20,10,10,5,8,7,8,8,0,3,8,6,7,5,5,6,6,0,7,3,3,10,20,20,15,20,15,6,8,8,7,7,0,0,0,13,20,25,12,17,13,4,8,7,8,7
0,2,12,14,10,2,14,0,0.4,0,29,2,30,15,15,20,10,10,0,6,8,7,8,7,7,7,5,2,27,9,4,1,3,5,7,2,2,10,8,10,9,8,9,10,1,5,10,7,10,10,8,10,9,3,3,10,20,20,15,20,15,30,10,20,20,10,10,5,8,7,8,8,0,4,7,8,5,8,5,7,3,0,7,3,3,10,20,20,15,20,15,6,8,8,7,7,0,0,0,13,20,25,12,17,13,4,8,7,8,7
1,2,12,14,12,1,3,0,0.53,1,28,2,15,20,35,15,5,10,0,7,8,9,3,5,5,6,1,2,32,9,2,5,9,3,3,2,2,6,4,4,9,8,10,8,5,7,9,6,8,9,8,10,4,4,7,20,20,20,20,10,10,30,10,15,25,10,10,7,8,9,9,7,0,8,10,10,8,10,4,5,8,0,7,1,3,30,10,20,20,5,15,6,10,10,7,6,0,0,0,20,10,30,20,10,10,7,7,9,9,7
1,2,12,14,14,3,5,0,0.65,1,22,2,10,30,20,10,15,15,1,7,9,9,6,7,5,8,7,2,32,9,2,5,9,3,3,2,2,6,4,4,9,8,10,8,5,7,9,6,8,9,8,10,4,4,7,20,20,20,20,10,10,30,10,15,25,10,10,7,8,9,9,7,0,8,10,8,8,8,4,8,3,0,7,1,3,30,10,20,20,5,15,6,10,10,7,6,0,0,0,20,10,30,20,10,10,7,7,9,9,7
1,2,12,14,3,6,8,1,0.65,1,34,2,20,20,20,20,10,10,1,6,7,10,5,10,6,6,5,2,32,9,2,5,9,3,3,2,2,6,4,4,9,8,10,8,5,7,9,6,8,9,8,10,4,4,7,20,20,20,20,10,10,30,10,15,25,10,10,7,8,9,9,7,1,8,10,10,8,10,7,8,8,0,7,1,3,30,10,20,20,5,15,6,10,10,7,6,0,0,0,20,10,30,20,10,10,7,7,9,9,7
1,2,12,14,8,11,12,0,0.36,1,28,2,5,20,25,25,15,10,0,6,7,8,8,7,4,5,5,2,32,9,2,5,9,3,3,2,2,6,4,4,9,8,10,8,5,7,9,6,8,9,8,10,4,4,7,20,20,20,20,10,10,30,10,15,25,10,10,7,8,9,9,7,0,8,10,8,10,8,4,8,2,0,7,1,3,30,10,20,20,5,15,6,10,10,7,6,0,0,0,20,10,30,20,10,10,7,7,9,9,7
1,2,12,14,1,4,13,1,0.46,0,29,4,10,47,16,12,3,12,1,7,9,9,8,2,7,8,8,2,32,9,2,5,9,3,3,2,2,6,4,4,9,8,10,8,5,7,9,6,8,9,8,10,4,4,7,20,20,20,20,10,10,30,10,15,25,10,10,7,8,9,9,7,1,10,10,10,10,10,5,8,5,0,7,1,3,30,10,20,20,5,15,6,10,10,7,6,0,0,0,20,10,30,20,10,10,7,7,9,9,7
1,2,12,14,6,13,1,0,0.26,0,30,4,20,20,35,5,10,10,0,5,8,8,7,8,8,8,5,2,27,8,2,2,3,1,4,1,6,9,8,6,8,6,3,6,1,9,6,3,2,7,8,10,5,1,6,19,13,18,18,10,22,20,15,15,15,25,10,7,8,8,8,6,0,6,5,6,7,8,8,6,7,0,6,3,3,25,15,20,20,5,15,7,7,8,8,4,1,0,1,20,15,20,20,5,20,7,8,9,8,5
1,2,12,14,12,5,3,0,0.08,1,28,2,15,20,35,15,5,10,1,8,8,9,8,7,8,8,1,2,27,8,2,2,3,1,4,1,6,9,8,6,8,6,3,6,1,9,6,3,2,7,8,10,5,1,6,19,13,18,18,10,22,20,15,15,15,25,10,7,8,8,8,6,0,3,6,9,4,8,4,4,6,0,6,3,3,25,15,20,20,5,15,7,7,8,8,4,1,0,1,20,15,20,20,5,20,7,8,9,8,5
1,2,12,14,11,4,4,0,-0.15,1,21,2,25,25,15,15,10,10,0,5,7,7,7,7,7,7,8,2,27,8,2,2,3,1,4,1,6,9,8,6,8,6,3,6,1,9,6,3,2,7,8,10,5,1,6,19,13,18,18,10,22,20,15,15,15,25,10,7,8,8,8,6,1,6,7,6,7,7,6,7,8,0,6,3,3,25,15,20,20,5,15,7,7,8,8,4,1,0,1,20,15,20,20,5,20,7,8,9,8,5
1,2,12,14,14,7,5,0,-0.02,1,22,2,10,30,20,10,15,15,1,8,8,8,8,8,8,8,7,2,27,8,2,2,3,1,4,1,6,9,8,6,8,6,3,6,1,9,6,3,2,7,8,10,5,1,6,19,13,18,18,10,22,20,15,15,15,25,10,7,8,8,8,6,0,4,6,7,5,7,5,7,7,0,6,3,3,25,15,20,20,5,15,7,7,8,8,4,1,0,1,20,15,20,20,5,20,7,8,9,8,5
1,2,12,14,4,11,6,0,0.25,0,24,4,10,40,10,20,10,10,1,8,9,9,8,8,7,8,6,2,27,8,2,2,3,1,4,1,6,9,8,6,8,6,3,6,1,9,6,3,2,7,8,10,5,1,6,19,13,18,18,10,22,20,15,15,15,25,10,7,8,8,8,6,0,4,7,7,5,5,4,5,4,0,6,3,3,25,15,20,20,5,15,7,7,8,8,4,1,0,1,20,15,20,20,5,20,7,8,9,8,5
1,2,12,14,3,10,8,0,0.26,1,34,2,20,20,20,20,10,10,1,7,7,8,8,5,6,8,6,2,27,8,2,2,3,1,4,1,6,9,8,6,8,6,3,6,1,9,6,3,2,7,8,10,5,1,6,19,13,18,18,10,22,20,15,15,15,25,10,7,8,8,8,6,0,5,8,9,8,8,5,8,8,0,6,3,3,25,15,20,20,5,15,7,7,8,8,4,1,0,1,20,15,20,20,5,20,7,8,9,8,5
1,2,12,14,2,9,11,1,0.19,1,33,2,20,25,25,10,15,5,1,7,8,8,8,8,7,8,8,2,27,8,2,2,3,1,4,1,6,9,8,6,8,6,3,6,1,9,6,3,2,7,8,10,5,1,6,19,13,18,18,10,22,20,15,15,15,25,10,7,8,8,8,6,1,7,7,9,8,9,6,9,6,0,6,3,3,25,15,20,20,5,15,7,7,8,8,4,1,0,1,20,15,20,20,5,20,7,8,9,8,5
1,2,12,14,8,1,12,0,0.25,1,28,2,5,20,25,25,15,10,0,6,9,8,7,5,5,6,5,2,27,8,2,2,3,1,4,1,6,9,8,6,8,6,3,6,1,9,6,3,2,7,8,10,5,1,6,19,13,18,18,10,22,20,15,15,15,25,10,7,8,8,8,6,0,6,8,7,8,6,6,7,7,0,6,3,3,25,15,20,20,5,15,7,7,8,8,4,1,0,1,20,15,20,20,5,20,7,8,9,8,5
1,2,12,14,1,8,13,0,0.23,0,29,4,10,47,16,12,3,12,0,7,7,7,6,7,6,7,6,2,27,8,2,2,3,1,4,1,6,9,8,6,8,6,3,6,1,9,6,3,2,7,8,10,5,1,6,19,13,18,18,10,22,20,15,15,15,25,10,7,8,8,8,6,0,6,7,7,5,6,4,5,5,0,6,3,3,25,15,20,20,5,15,7,7,8,8,4,1,0,1,20,15,20,20,5,20,7,8,9,8,5
1,2,12,14,9,2,14,0,-0.18,0,22,4,16,20,19,16,18,11,1,7,8,8,6,6,6,7,6,2,27,8,2,2,3,1,4,1,6,9,8,6,8,6,3,6,1,9,6,3,2,7,8,10,5,1,6,19,13,18,18,10,22,20,15,15,15,25,10,7,8,8,8,6,0,4,8,6,6,6,4,4,5,0,6,3,3,25,15,20,20,5,15,7,7,8,8,4,1,0,1,20,15,20,20,5,20,7,8,9,8,5
1,2,12,14,10,3,15,0,0.36,0,27,4,10,20,20,15,20,15,1,8,9,9,9,8,8,9,7,2,27,8,2,2,3,1,4,1,6,9,8,6,8,6,3,6,1,9,6,3,2,7,8,10,5,1,6,19,13,18,18,10,22,20,15,15,15,25,10,7,8,8,8,6,0,5,7,9,8,8,8,8,7,0,6,3,3,25,15,20,20,5,15,7,7,8,8,4,1,0,1,20,15,20,20,5,20,7,8,9,8,5
1,2,12,14,6,14,1,0,0.27,0,30,4,20,20,35,5,10,10,0,4,9,8,5,9,8,8,2,2,32,13,6,3,1,2,6,2,2,9,2,7,8,6,4,2,2,2,6,7,3,7,6,8,8,8,6,20,10,30,20,10,10,15,25,10,20,15,15,8,8,8,9,7,1,7,7,6,6,6,6,6,6,0,8,1,3,20,15,25,20,10,10,7,8,9,7,7,0,0,0,20,15,25,15,10,15,7,7,9,6,8
1,2,12,14,12,6,3,0,0.12,0,28,2,15,20,35,15,5,10,0,5,5,6,4,2,2,2,1,2,32,13,6,3,1,2,6,2,2,9,2,7,8,6,4,2,2,2,6,7,3,7,6,8,8,8,6,20,10,30,20,10,10,15,25,10,20,15,15,8,8,8,9,7,0,4,6,6,5,8,5,5,6,0,8,1,3,20,15,25,20,10,10,7,8,9,7,7,0,0,0,20,15,25,15,10,15,7,7,9,6,8
1,2,12,14,11,5,4,0,0.5,0,21,2,25,25,15,15,10,10,0,5,7,7,6,8,6,7,6,2,32,13,6,3,1,2,6,2,2,9,2,7,8,6,4,2,2,2,6,7,3,7,6,8,8,8,6,20,10,30,20,10,10,15,25,10,20,15,15,8,8,8,9,7,1,5,5,6,6,6,5,7,5,0,8,1,3,20,15,25,20,10,10,7,8,9,7,7,0,0,0,20,15,25,15,10,15,7,7,9,6,8
1,2,12,14,14,8,5,0,0.34,0,22,2,10,30,20,10,15,15,0,6,8,8,6,8,6,6,6,2,32,13,6,3,1,2,6,2,2,9,2,7,8,6,4,2,2,2,6,7,3,7,6,8,8,8,6,20,10,30,20,10,10,15,25,10,20,15,15,8,8,8,9,7,0,4,5,5,4,4,4,4,4,0,8,1,3,20,15,25,20,10,10,7,8,9,7,7,0,0,0,20,15,25,15,10,15,7,7,9,6,8
1,2,12,14,4,12,6,0,0.26,0,24,4,10,40,10,20,10,10,0,8,9,8,8,8,7,8,7,2,32,13,6,3,1,2,6,2,2,9,2,7,8,6,4,2,2,2,6,7,3,7,6,8,8,8,6,20,10,30,20,10,10,15,25,10,20,15,15,8,8,8,9,7,0,6,6,5,5,6,4,5,5,0,8,1,3,20,15,25,20,10,10,7,8,9,7,7,0,0,0,20,15,25,15,10,15,7,7,9,6,8
1,2,12,14,7,1,7,0,0.32,0,35,2,15,20,25,15,15,10,0,4,9,10,6,9,2,3,2,2,32,13,6,3,1,2,6,2,2,9,2,7,8,6,4,2,2,2,6,7,3,7,6,8,8,8,6,20,10,30,20,10,10,15,25,10,20,15,15,8,8,8,9,7,0,5,7,7,4,5,4,4,4,0,8,1,3,20,15,25,20,10,10,7,8,9,7,7,0,0,0,20,15,25,15,10,15,7,7,9,6,8
1,2,12,14,3,11,8,0,0.48,0,34,2,20,20,20,20,10,10,0,7,6,7,6,8,6,5,4,2,32,13,6,3,1,2,6,2,2,9,2,7,8,6,4,2,2,2,6,7,3,7,6,8,8,8,6,20,10,30,20,10,10,15,25,10,20,15,15,8,8,8,9,7,1,7,7,7,7,5,6,6,6,0,8,1,3,20,15,25,20,10,10,7,8,9,7,7,0,0,0,20,15,25,15,10,15,7,7,9,6,8
1,2,12,14,13,7,10,0,0.16,0,21,2,50,5,20,10,5,10,0,5,7,10,7,7,6,4,5,2,32,13,6,3,1,2,6,2,2,9,2,7,8,6,4,2,2,2,6,7,3,7,6,8,8,8,6,20,10,30,20,10,10,15,25,10,20,15,15,8,8,8,9,7,0,7,5,6,7,6,6,6,5,0,8,1,3,20,15,25,20,10,10,7,8,9,7,7,0,0,0,20,15,25,15,10,15,7,7,9,6,8
1,2,12,14,2,10,11,0,0.51,0,33,2,20,25,25,10,15,5,0,6,7,9,6,9,6,7,7,2,32,13,6,3,1,2,6,2,2,9,2,7,8,6,4,2,2,2,6,7,3,7,6,8,8,8,6,20,10,30,20,10,10,15,25,10,20,15,15,8,8,8,9,7,1,6,7,7,7,6,6,7,6,0,8,1,3,20,15,25,20,10,10,7,8,9,7,7,0,0,0,20,15,25,15,10,15,7,7,9,6,8
1,2,12,14,8,2,12,0,0.63,0,28,2,5,20,25,25,15,10,0,6,9,10,3,9,4,6,5,2,32,13,6,3,1,2,6,2,2,9,2,7,8,6,4,2,2,2,6,7,3,7,6,8,8,8,6,20,10,30,20,10,10,15,25,10,20,15,15,8,8,8,9,7,0,5,7,5,6,7,5,6,5,0,8,1,3,20,15,25,20,10,10,7,8,9,7,7,0,0,0,20,15,25,15,10,15,7,7,9,6,8
1,2,12,14,1,9,13,0,0.59,0,29,4,10,47,16,12,3,12,1,6,8,9,8,8,6,7,7,2,32,13,6,3,1,2,6,2,2,9,2,7,8,6,4,2,2,2,6,7,3,7,6,8,8,8,6,20,10,30,20,10,10,15,25,10,20,15,15,8,8,8,9,7,0,6,6,6,6,5,5,6,6,0,8,1,3,20,15,25,20,10,10,7,8,9,7,7,0,0,0,20,15,25,15,10,15,7,7,9,6,8
1,2,12,14,9,3,14,0,0.34,0,22,4,16,20,19,16,18,11,0,6,8,7,7,8,6,6,7,2,32,13,6,3,1,2,6,2,2,9,2,7,8,6,4,2,2,2,6,7,3,7,6,8,8,8,6,20,10,30,20,10,10,15,25,10,20,15,15,8,8,8,9,7,1,9,8,7,8,5,6,8,7,0,8,1,3,20,15,25,20,10,10,7,8,9,7,7,0,0,0,20,15,25,15,10,15,7,7,9,6,8
1,2,12,14,10,4,15,0,0.48,0,27,4,10,20,20,15,20,15,0,4,8,8,5,8,4,6,4,2,32,13,6,3,1,2,6,2,2,9,2,7,8,6,4,2,2,2,6,7,3,7,6,8,8,8,6,20,10,30,20,10,10,15,25,10,20,15,15,8,8,8,9,7,1,7,8,7,7,5,6,7,6,0,8,1,3,20,15,25,20,10,10,7,8,9,7,7,0,0,0,20,15,25,15,10,15,7,7,9,6,8
1,2,12,14,6,3,1,1,0.2,0,30,4,20,20,35,5,10,10,1,8,9,9,9,9,8,8,6,2,25,8,2,3,3,2,4,1,7,9,3,5,7,6,6,6,4,6,9,5,4,4,7,9,4,1,5,25,20,15,25,10,5,25,10,20,25,15,5,6,8,7,8,9,1,7,8,9,8,7,6,7,6,0,5,1,2,25,20,15,25,10,5,7,8,9,7,9,0,2,1,25,20,15,25,10,5,7,8,7,8,9
1,2,12,14,12,9,3,1,0.24,1,28,2,15,20,35,15,5,10,1,9,8,8,9,8,8,8,8,2,25,8,2,3,3,2,4,1,7,9,3,5,7,6,6,6,4,6,9,5,4,4,7,9,4,1,5,25,20,15,25,10,5,25,10,20,25,15,5,6,8,7,8,9,1,6,8,8,8,7,5,6,6,0,5,1,2,25,20,15,25,10,5,7,8,9,7,9,0,2,1,25,20,15,25,10,5,7,8,7,8,9
1,2,12,14,11,8,4,1,0.19,1,21,2,25,25,15,15,10,10,1,7,7,7,8,9,7,7,8,2,25,8,2,3,3,2,4,1,7,9,3,5,7,6,6,6,4,6,9,5,4,4,7,9,4,1,5,25,20,15,25,10,5,25,10,20,25,15,5,6,8,7,8,9,1,7,6,6,7,7,5,6,5,0,5,1,2,25,20,15,25,10,5,7,8,9,7,9,0,2,1,25,20,15,25,10,5,7,8,7,8,9
1,2,12,14,14,11,5,0,0.25,1,22,2,10,30,20,10,15,15,1,9,9,9,9,9,9,9,7,2,25,8,2,3,3,2,4,1,7,9,3,5,7,6,6,6,4,6,9,5,4,4,7,9,4,1,5,25,20,15,25,10,5,25,10,20,25,15,5,6,8,7,8,9,0,5,6,5,4,4,3,3,3,0,5,1,2,25,20,15,25,10,5,7,8,9,7,9,0,2,1,25,20,15,25,10,5,7,8,7,8,9
1,2,12,14,4,1,6,1,0.59,0,24,4,10,40,10,20,10,10,1,10,10,10,10,10,8,9,8,2,25,8,2,3,3,2,4,1,7,9,3,5,7,6,6,6,4,6,9,5,4,4,7,9,4,1,5,25,20,15,25,10,5,25,10,20,25,15,5,6,8,7,8,9,1,5,8,7,8,5,5,7,7,0,5,1,2,25,20,15,25,10,5,7,8,9,7,9,0,2,1,25,20,15,25,10,5,7,8,7,8,9
1,2,12,14,7,4,7,1,0.52,1,35,2,15,20,25,15,15,10,1,8,9,9,10,7,10,9,9,2,25,8,2,3,3,2,4,1,7,9,3,5,7,6,6,6,4,6,9,5,4,4,7,9,4,1,5,25,20,15,25,10,5,25,10,20,25,15,5,6,8,7,8,9,1,6,8,8,7,7,8,6,7,0,5,1,2,25,20,15,25,10,5,7,8,9,7,9,0,2,1,25,20,15,25,10,5,7,8,7,8,9
1,2,12,14,3,14,8,0,0.36,1,34,2,20,20,20,20,10,10,0,6,6,7,7,8,4,7,5,2,25,8,2,3,3,2,4,1,7,9,3,5,7,6,6,6,4,6,9,5,4,4,7,9,4,1,5,25,20,15,25,10,5,25,10,20,25,15,5,6,8,7,8,9,0,5,6,8,4,5,3,3,2,0,5,1,2,25,20,15,25,10,5,7,8,9,7,9,0,2,1,25,20,15,25,10,5,7,8,7,8,9
1,2,12,14,2,13,11,0,0.48,1,33,2,20,25,25,10,15,5,0,6,7,8,7,8,5,7,7,2,25,8,2,3,3,2,4,1,7,9,3,5,7,6,6,6,4,6,9,5,4,4,7,9,4,1,5,25,20,15,25,10,5,25,10,20,25,15,5,6,8,7,8,9,0,6,5,6,6,3,3,4,4,0,5,1,2,25,20,15,25,10,5,7,8,9,7,9,0,2,1,25,20,15,25,10,5,7,8,7,8,9
1,2,12,14,8,5,12,0,0.41,1,28,2,5,20,25,25,15,10,0,9,8,9,9,9,5,6,5,2,25,8,2,3,3,2,4,1,7,9,3,5,7,6,6,6,4,6,9,5,4,4,7,9,4,1,5,25,20,15,25,10,5,25,10,20,25,15,5,6,8,7,8,9,1,8,8,8,9,6,6,8,5,0,5,1,2,25,20,15,25,10,5,7,8,9,7,9,0,2,1,25,20,15,25,10,5,7,8,7,8,9
1,2,12,14,1,12,13,0,0.38,0,29,4,10,47,16,12,3,12,0,7,5,7,5,9,7,6,6,2,25,8,2,3,3,2,4,1,7,9,3,5,7,6,6,6,4,6,9,5,4,4,7,9,4,1,5,25,20,15,25,10,5,25,10,20,25,15,5,6,8,7,8,9,0,5,6,5,4,4,3,3,2,0,5,1,2,25,20,15,25,10,5,7,8,9,7,9,0,2,1,25,20,15,25,10,5,7,8,7,8,9
1,2,12,14,9,6,14,0,-0.39,0,22,4,16,20,19,16,18,11,1,7,8,8,7,8,6,7,6,2,25,8,2,3,3,2,4,1,7,9,3,5,7,6,6,6,4,6,9,5,4,4,7,9,4,1,5,25,20,15,25,10,5,25,10,20,25,15,5,6,8,7,8,9,0,6,6,5,3,4,2,2,2,0,5,1,2,25,20,15,25,10,5,7,8,9,7,9,0,2,1,25,20,15,25,10,5,7,8,7,8,9
1,2,12,14,6,7,1,0,0.5,0,30,4,20,20,35,5,10,10,0,8,8,7,7,7,5,7,5,2,30,8,2,1,1,1,4,1,7,8,1,5,10,6,10,4,3,8,4,1,10,10,8,9,1,1,7,50,0,20,20,0,10,20,0,30,30,0,20,7,3,8,8,5,1,8,7,9,7,7,7,8,7,0,5,1,3,40,0,20,20,0,20,7,4,8,8,7,0,1,0,50,0,15,20,0,15,7,3,7,8,6
1,2,12,14,12,13,3,1,0.14,1,28,2,15,20,35,15,5,10,1,8,10,8,9,8,8,8,7,2,30,8,2,1,1,1,4,1,7,8,1,5,10,6,10,4,3,8,4,1,10,10,8,9,1,1,7,50,0,20,20,0,10,20,0,30,30,0,20,7,3,8,8,5,1,5,10,9,9,9,6,7,7,0,5,1,3,40,0,20,20,0,20,7,4,8,8,7,0,1,0,50,0,15,20,0,15,7,3,7,8,6
1,2,12,14,11,12,4,0,0.45,1,21,2,25,25,15,15,10,10,1,8,8,7,7,9,8,7,7,2,30,8,2,1,1,1,4,1,7,8,1,5,10,6,10,4,3,8,4,1,10,10,8,9,1,1,7,50,0,20,20,0,10,20,0,30,30,0,20,7,3,8,8,5,0,8,4,6,4,6,4,5,5,0,5,1,3,40,0,20,20,0,20,7,4,8,8,7,0,1,0,50,0,15,20,0,15,7,3,7,8,6
1,2,12,14,14,1,5,0,0.45,1,22,2,10,30,20,10,15,15,1,9,7,8,7,7,5,7,6,2,30,8,2,1,1,1,4,1,7,8,1,5,10,6,10,4,3,8,4,1,10,10,8,9,1,1,7,50,0,20,20,0,10,20,0,30,30,0,20,7,3,8,8,5,0,4,8,7,4,6,2,4,7,0,5,1,3,40,0,20,20,0,20,7,4,8,8,7,0,1,0,50,0,15,20,0,15,7,3,7,8,6
1,2,12,14,7,8,7,0,0.79,1,35,2,15,20,25,15,15,10,1,10,9,10,10,9,9,10,9,2,30,8,2,1,1,1,4,1,7,8,1,5,10,6,10,4,3,8,4,1,10,10,8,9,1,1,7,50,0,20,20,0,10,20,0,30,30,0,20,7,3,8,8,5,0,4,7,8,5,6,5,6,6,0,5,1,3,40,0,20,20,0,20,7,4,8,8,7,0,1,0,50,0,15,20,0,15,7,3,7,8,6
1,2,12,14,8,9,12,1,0.61,1,28,2,5,20,25,25,15,10,1,7,7,8,10,7,8,9,5,2,30,8,2,1,1,1,4,1,7,8,1,5,10,6,10,4,3,8,4,1,10,10,8,9,1,1,7,50,0,20,20,0,10,20,0,30,30,0,20,7,3,8,8,5,1,8,6,8,8,8,7,8,6,0,5,1,3,40,0,20,20,0,20,7,4,8,8,7,0,1,0,50,0,15,20,0,15,7,3,7,8,6
1,2,12,14,1,2,13,0,0.46,0,29,4,10,47,16,12,3,12,0,8,5,8,9,7,3,7,7,2,30,8,2,1,1,1,4,1,7,8,1,5,10,6,10,4,3,8,4,1,10,10,8,9,1,1,7,50,0,20,20,0,10,20,0,30,30,0,20,7,3,8,8,5,1,8,9,9,8,5,5,7,9,0,5,1,3,40,0,20,20,0,20,7,4,8,8,7,0,1,0,50,0,15,20,0,15,7,3,7,8,6
1,2,12,14,9,10,14,0,-0.1,0,22,4,16,20,19,16,18,11,1,7,8,8,8,8,6,8,6,2,30,8,2,1,1,1,4,1,7,8,1,5,10,6,10,4,3,8,4,1,10,10,8,9,1,1,7,50,0,20,20,0,10,20,0,30,30,0,20,7,3,8,8,5,0,7,10,7,6,4,5,6,7,0,5,1,3,40,0,20,20,0,20,7,4,8,8,7,0,1,0,50,0,15,20,0,15,7,3,7,8,6
1,2,12,14,10,11,15,1,0.31,0,27,4,10,20,20,15,20,15,1,7,6,7,8,5,7,7,6,2,30,8,2,1,1,1,4,1,7,8,1,5,10,6,10,4,3,8,4,1,10,10,8,9,1,1,7,50,0,20,20,0,10,20,0,30,30,0,20,7,3,8,8,5,1,7,7,7,6,8,9,7,7,0,5,1,3,40,0,20,20,0,20,7,4,8,8,7,0,1,0,50,0,15,20,0,15,7,3,7,8,6
1,2,12,14,6,10,1,0,-0.38,0,30,4,20,20,35,5,10,10,0,2,8,7,8,7,7,5,1,2,26,9,2,2,4,6,7,2,2,8,7,5,7,5,4,8,7,1,5,7,2,2,10,9,2,3,7,20,25,20,10,5,20,35,5,5,15,30,10,5,10,6,9,3,1,10,9,9,8,7,8,8,7,0,10,1,3,30,20,15,20,5,10,6,8,9,10,6,2,1,0,25,15,25,15,5,15,5,7,9,6,6
1,2,12,14,12,2,3,1,-0.17,1,28,2,15,20,35,15,5,10,1,7,9,9,6,5,5,6,8,2,26,9,2,2,4,6,7,2,2,8,7,5,7,5,4,8,7,1,5,7,2,2,10,9,2,3,7,20,25,20,10,5,20,35,5,5,15,30,10,5,10,6,9,3,1,6,9,7,6,6,8,8,7,0,10,1,3,30,20,15,20,5,10,6,8,9,10,6,2,1,0,25,15,25,15,5,15,5,7,9,6,6
1,2,12,14,11,1,4,1,-0.36,1,21,2,25,25,15,15,10,10,1,3,10,10,8,9,10,7,10,2,26,9,2,2,4,6,7,2,2,8,7,5,7,5,4,8,7,1,5,7,2,2,10,9,2,3,7,20,25,20,10,5,20,35,5,5,15,30,10,5,10,6,9,3,1,9,9,7,8,9,8,9,9,0,10,1,3,30,20,15,20,5,10,6,8,9,10,6,2,1,0,25,15,25,15,5,15,5,7,9,6,6
1,2,12,14,4,8,6,0,-0.15,0,24,4,10,40,10,20,10,10,0,7,8,8,8,8,8,8,7,2,26,9,2,2,4,6,7,2,2,8,7,5,7,5,4,8,7,1,5,7,2,2,10,9,2,3,7,20,25,20,10,5,20,35,5,5,15,30,10,5,10,6,9,3,1,7,9,8,10,9,9,8,8,0,10,1,3,30,20,15,20,5,10,6,8,9,10,6,2,1,0,25,15,25,15,5,15,5,7,9,6,6
1,2,12,14,7,11,7,1,-0.03,1,35,2,15,20,25,15,15,10,1,8,10,10,10,9,10,9,9,2,26,9,2,2,4,6,7,2,2,8,7,5,7,5,4,8,7,1,5,7,2,2,10,9,2,3,7,20,25,20,10,5,20,35,5,5,15,30,10,5,10,6,9,3,1,6,8,9,8,9,8,7,7,0,10,1,3,30,20,15,20,5,10,6,8,9,10,6,2,1,0,25,15,25,15,5,15,5,7,9,6,6
1,2,12,14,3,7,8,0,-0.11,1,34,2,20,20,20,20,10,10,0,5,6,10,5,6,6,4,5,2,26,9,2,2,4,6,7,2,2,8,7,5,7,5,4,8,7,1,5,7,2,2,10,9,2,3,7,20,25,20,10,5,20,35,5,5,15,30,10,5,10,6,9,3,0,5,6,7,8,9,10,6,5,0,10,1,3,30,20,15,20,5,10,6,8,9,10,6,2,1,0,25,15,25,15,5,15,5,7,9,6,6
1,2,12,14,2,6,11,0,0.04,1,33,2,20,25,25,10,15,5,0,3,6,5,5,5,4,4,7,2,26,9,2,2,4,6,7,2,2,8,7,5,7,5,4,8,7,1,5,7,2,2,10,9,2,3,7,20,25,20,10,5,20,35,5,5,15,30,10,5,10,6,9,3,1,9,7,8,9,8,10,8,5,0,10,1,3,30,20,15,20,5,10,6,8,9,10,6,2,1,0,25,15,25,15,5,15,5,7,9,6,6
1,2,12,14,1,5,13,0,-0.26,0,29,4,10,47,16,12,3,12,0,4,6,7,5,9,6,6,7,2,26,9,2,2,4,6,7,2,2,8,7,5,7,5,4,8,7,1,5,7,2,2,10,9,2,3,7,20,25,20,10,5,20,35,5,5,15,30,10,5,10,6,9,3,0,6,8,6,5,8,6,7,7,0,10,1,3,30,20,15,20,5,10,6,8,9,10,6,2,1,0,25,15,25,15,5,15,5,7,9,6,6
1,2,12,14,9,13,14,0,-0.37,0,22,4,16,20,19,16,18,11,0,5,6,6,6,6,5,5,5,2,26,9,2,2,4,6,7,2,2,8,7,5,7,5,4,8,7,1,5,7,2,2,10,9,2,3,7,20,25,20,10,5,20,35,5,5,15,30,10,5,10,6,9,3,0,8,6,7,6,5,5,7,7,0,10,1,3,30,20,15,20,5,10,6,8,9,10,6,2,1,0,25,15,25,15,5,15,5,7,9,6,6
1,2,12,14,10,14,15,0,-0.01,0,27,4,10,20,20,15,20,15,0,3,8,6,7,5,5,6,6,2,26,9,2,2,4,6,7,2,2,8,7,5,7,5,4,8,7,1,5,7,2,2,10,9,2,3,7,20,25,20,10,5,20,35,5,5,15,30,10,5,10,6,9,3,1,9,9,7,7,5,6,8,6,0,10,1,3,30,20,15,20,5,10,6,8,9,10,6,2,1,0,25,15,25,15,5,15,5,7,9,6,6
0,1,13,9,5,1,1,1,0.33,1,30,4,60,10,10,10,5,5,1,8,10,9,7,8,8,8,7,2,25,5,4,1,1,2,4,3,2,5,7,7,7,8,7,7,6,6,7,8,9,9,8,8,8,6,8,10,20,20,20,10,20,30,20,10,20,10,10,7,9,6,8,3,1,6,7,8,8,6,6,6,7,0,7,3,3,20,20,20,20,10,10,7,9,7,7,2,0,2,1,10,20,30,10,10,20,7,8,6,6,1
0,1,13,9,5,9,2,1,-0.33,0,23,2,50,5,15,20,10,0,1,8,8,7,7,7,7,8,6,2,25,5,4,1,1,2,4,3,2,5,7,7,7,8,7,7,6,6,7,8,9,9,8,8,8,6,8,10,20,20,20,10,20,30,20,10,20,10,10,7,9,6,8,3,1,8,7,8,7,6,6,7,5,0,7,3,3,20,20,20,20,10,10,7,9,7,7,2,0,2,1,10,20,30,10,10,20,7,8,6,6,1
0,1,13,9,5,7,3,0,-0.37,1,29,4,40,10,15,10,10,15,0,8,7,7,6,6,7,7,7,2,25,5,4,1,1,2,4,3,2,5,7,7,7,8,7,7,6,6,7,8,9,9,8,8,8,6,8,10,20,20,20,10,20,30,20,10,20,10,10,7,9,6,8,3,1,8,7,8,7,7,6,7,5,0,7,3,3,20,20,20,20,10,10,7,9,7,7,2,0,2,1,10,20,30,10,10,20,7,8,6,6,1
0,1,13,9,5,8,5,0,0.49,0,25,3,20,15,30,10,15,10,0,6,5,4,3,4,2,3,1,2,25,5,4,1,1,2,4,3,2,5,7,7,7,8,7,7,6,6,7,8,9,9,8,8,8,6,8,10,20,20,20,10,20,30,20,10,20,10,10,7,9,6,8,3,0,6,7,7,6,6,6,6,5,0,7,3,3,20,20,20,20,10,10,7,9,7,7,2,0,2,1,10,20,30,10,10,20,7,8,6,6,1
0,1,13,9,5,5,6,0,-0.07,0,28,2,17,17,17,17,16,16,1,10,10,9,7,7,8,8,6,2,25,5,4,1,1,2,4,3,2,5,7,7,7,8,7,7,6,6,7,8,9,9,8,8,8,6,8,10,20,20,20,10,20,30,20,10,20,10,10,7,9,6,8,3,0,6,8,7,7,6,8,6,5,0,7,3,3,20,20,20,20,10,10,7,9,7,7,2,0,2,1,10,20,30,10,10,20,7,8,6,6,1
0,1,13,9,5,6,7,0,0.51,0,27,6,10,20,25,20,20,5,0,6,6,7,6,6,5,6,6,2,25,5,4,1,1,2,4,3,2,5,7,7,7,8,7,7,6,6,7,8,9,9,8,8,8,6,8,10,20,20,20,10,20,30,20,10,20,10,10,7,9,6,8,3,0,6,7,7,6,6,6,6,5,0,7,3,3,20,20,20,20,10,10,7,9,7,7,2,0,2,1,10,20,30,10,10,20,7,8,6,6,1
0,1,13,9,2,8,1,0,0.7,0,30,4,60,10,10,10,5,5,1,10,10,9,10,9,9,10,10,2,30,9,2,1,1,2,3,1,2,8,3,10,10,10,10,10,1,5,10,7,10,10,10,10,5,10,6,22,12,30,25,10,1,10,10,20,40,10,10,7,10,8,10,10,0,6,8,8,10,8,6,8,4,0,3,3,3,30,15,30,15,5,5,8,9,9,9,9,0,0,0,30,20,20,10,10,10,9,10,10,8,9
0,1,13,9,2,7,2,0,0.21,1,23,2,50,5,15,20,10,0,0,6,8,7,6,6,7,7,5,2,30,9,2,1,1,2,3,1,2,8,3,10,10,10,10,10,1,5,10,7,10,10,10,10,5,10,6,22,12,30,25,10,1,10,10,20,40,10,10,7,10,8,10,10,1,8,8,8,8,6,8,9,7,0,3,3,3,30,15,30,15,5,5,8,9,9,9,9,0,0,0,30,20,20,10,10,10,9,10,10,8,9
0,1,13,9,2,5,3,0,0.08,0,29,4,40,10,15,10,10,15,1,8,8,8,7,6,8,8,7,2,30,9,2,1,1,2,3,1,2,8,3,10,10,10,10,10,1,5,10,7,10,10,10,10,5,10,6,22,12,30,25,10,1,10,10,20,40,10,10,7,10,8,10,10,0,8,6,8,8,8,5,8,5,0,3,3,3,30,15,30,15,5,5,8,9,9,9,9,0,0,0,30,20,20,10,10,10,9,10,10,8,9
0,1,13,9,2,1,4,0,0.59,1,24,2,20,10,20,20,15,15,0,5,8,6,6,6,6,6,4,2,30,9,2,1,1,2,3,1,2,8,3,10,10,10,10,10,1,5,10,7,10,10,10,10,5,10,6,22,12,30,25,10,1,10,10,20,40,10,10,7,10,8,10,10,1,8,7,8,8,8,8,6,7,0,3,3,3,30,15,30,15,5,5,8,9,9,9,9,0,0,0,30,20,20,10,10,10,9,10,10,8,9
0,1,13,9,2,6,5,0,0.72,0,25,3,20,15,30,10,15,10,0,5,7,7,4,9,2,2,1,2,30,9,2,1,1,2,3,1,2,8,3,10,10,10,10,10,1,5,10,7,10,10,10,10,5,10,6,22,12,30,25,10,1,10,10,20,40,10,10,7,10,8,10,10,0,6,8,8,8,7,8,10,6,0,3,3,3,30,15,30,15,5,5,8,9,9,9,9,0,0,0,30,20,20,10,10,10,9,10,10,8,9
0,1,13,9,2,3,6,0,0.38,1,28,2,17,17,17,17,16,16,1,9,6,8,7,7,6,6,5,2,30,9,2,1,1,2,3,1,2,8,3,10,10,10,10,10,1,5,10,7,10,10,10,10,5,10,6,22,12,30,25,10,1,10,10,20,40,10,10,7,10,8,10,10,0,7,9,8,8,7,6,10,7,0,3,3,3,30,15,30,15,5,5,8,9,9,9,9,0,0,0,30,20,20,10,10,10,9,10,10,8,9
0,1,13,9,2,4,7,0,0.65,0,27,6,10,20,25,20,20,5,1,8,8,8,8,7,7,7,5,2,30,9,2,1,1,2,3,1,2,8,3,10,10,10,10,10,1,5,10,7,10,10,10,10,5,10,6,22,12,30,25,10,1,10,10,20,40,10,10,7,10,8,10,10,0,5,7,7,5,10,5,5,5,0,3,3,3,30,15,30,15,5,5,8,9,9,9,9,0,0,0,30,20,20,10,10,10,9,10,10,8,9
1,1,13,10,5,2,2,1,0.33,1,25,4,10,20,20,20,10,20,1,6,7,8,8,6,6,6,7,2,30,3,4,1,1,3,7,4,2,7,2,8,5,10,10,7,3,7,9,5,8,10,5,9,7,1,7,60,10,10,10,5,5,50,5,5,30,5,5,5,10,6,6,10,1,8,10,9,7,8,8,8,7,0,8,1,3,50,5,5,30,10,0,6,8,7,9,9,21,1,1,60,10,5,10,10,5,5,10,7,7,10
1,1,13,10,4,1,3,1,0.04,0,23,2,40,10,15,20,10,5,1,1,10,10,6,5,1,3,5,2,30,3,4,1,1,3,7,4,2,7,2,8,5,10,10,7,3,7,9,5,8,10,5,9,7,1,7,60,10,10,10,5,5,50,5,5,30,5,5,5,10,6,6,10,1,10,10,9,10,10,10,10,10,0,8,1,3,50,5,5,30,10,0,6,8,7,9,9,21,1,1,60,10,5,10,10,5,5,10,7,7,10
1,1,13,10,6,3,4,0,0.37,0,30,3,10,20,20,10,10,30,1,5,7,8,7,7,5,5,5,2,30,3,4,1,1,3,7,4,2,7,2,8,5,10,10,7,3,7,9,5,8,10,5,9,7,1,7,60,10,10,10,5,5,50,5,5,30,5,5,5,10,6,6,10,0,5,10,9,10,8,8,7,5,0,8,1,3,50,5,5,30,10,0,6,8,7,9,9,21,1,1,60,10,5,10,10,5,5,10,7,7,10
1,1,13,10,9,6,6,0,0.54,0,29,2,15,10,20,20,20,15,0,5,10,8,8,8,2,8,1,2,30,3,4,1,1,3,7,4,2,7,2,8,5,10,10,7,3,7,9,5,8,10,5,9,7,1,7,60,10,10,10,5,5,50,5,5,30,5,5,5,10,6,6,10,1,9,10,10,10,9,9,9,10,0,8,1,3,50,5,5,30,10,0,6,8,7,9,9,21,1,1,60,10,5,10,10,5,5,10,7,7,10
1,1,13,10,2,9,7,0,0.7,0,30,2,22,12,30,25,10,1,0,6,8,8,10,8,6,8,4,2,30,3,4,1,1,3,7,4,2,7,2,8,5,10,10,7,3,7,9,5,8,10,5,9,7,1,7,60,10,10,10,5,5,50,5,5,30,5,5,5,10,6,6,10,1,10,10,9,10,9,9,10,10,0,8,1,3,50,5,5,30,10,0,6,8,7,9,9,21,1,1,60,10,5,10,10,5,5,10,7,7,10
1,1,13,10,7,4,9,0,0.11,1,22,4,15,25,15,20,10,15,0,3,9,8,4,6,2,4,8,2,30,3,4,1,1,3,7,4,2,7,2,8,5,10,10,7,3,7,9,5,8,10,5,9,7,1,7,60,10,10,10,5,5,50,5,5,30,5,5,5,10,6,6,10,0,7,7,8,6,6,6,5,5,0,8,1,3,50,5,5,30,10,0,6,8,7,9,9,21,1,1,60,10,5,10,10,5,5,10,7,7,10
1,1,13,10,8,5,10,0,0.31,0,34,2,15,15,10,25,10,25,0,4,8,8,5,6,3,5,5,2,30,3,4,1,1,3,7,4,2,7,2,8,5,10,10,7,3,7,9,5,8,10,5,9,7,1,7,60,10,10,10,5,5,50,5,5,30,5,5,5,10,6,6,10,0,4,8,8,6,6,5,5,1,0,8,1,3,50,5,5,30,10,0,6,8,7,9,9,21,1,1,60,10,5,10,10,5,5,10,7,7,10
1,1,13,10,5,10,2,1,-0.33,0,25,4,10,20,20,20,10,20,1,8,7,8,7,6,6,7,5,2,23,8,2,5,3,1,3,1,7,10,5,10,7,3,1,10,5,3,8,2,4,8,2,4,3,6,7,50,5,15,20,10,0,20,15,10,20,20,15,7,4,7,9,9,1,8,8,7,7,7,7,8,6,0,7,1,3,35,5,20,20,10,10,7,6,9,7,9,0,0,0,45,5,10,15,15,10,8,7,9,7,8
1,1,13,10,4,9,3,0,-0.25,1,23,2,40,10,15,20,10,5,1,3,6,7,7,6,3,7,4,2,23,8,2,5,3,1,3,1,7,10,5,10,7,3,1,10,5,3,8,2,4,8,2,4,3,6,7,50,5,15,20,10,0,20,15,10,20,20,15,7,4,7,9,9,0,7,8,7,7,6,6,8,7,0,7,1,3,35,5,20,20,10,10,7,6,9,7,9,0,0,0,45,5,10,15,15,10,8,7,9,7,8
1,1,13,10,6,1,4,0,-0.05,0,30,3,10,20,20,10,10,30,1,7,7,7,7,5,5,7,5,2,23,8,2,5,3,1,3,1,7,10,5,10,7,3,1,10,5,3,8,2,4,8,2,4,3,6,7,50,5,15,20,10,0,20,15,10,20,20,15,7,4,7,9,9,0,5,8,7,7,6,6,8,6,0,7,1,3,35,5,20,20,10,10,7,6,9,7,9,0,0,0,45,5,10,15,15,10,8,7,9,7,8
1,1,13,10,2,7,7,0,0.21,1,30,2,22,12,30,25,10,1,1,8,8,8,8,6,8,9,7,2,23,8,2,5,3,1,3,1,7,10,5,10,7,3,1,10,5,3,8,2,4,8,2,4,3,6,7,50,5,15,20,10,0,20,15,10,20,20,15,7,4,7,9,9,0,6,8,7,6,6,7,7,5,0,7,1,3,35,5,20,20,10,10,7,6,9,7,9,0,0,0,45,5,10,15,15,10,8,7,9,7,8
1,1,13,10,7,2,9,1,0.08,0,22,4,15,25,15,20,10,15,1,8,9,9,8,9,7,8.5,10,2,23,8,2,5,3,1,3,1,7,10,5,10,7,3,1,10,5,3,8,2,4,8,2,4,3,6,7,50,5,15,20,10,0,20,15,10,20,20,15,7,4,7,9,9,1,9,8,7,9,6,7,9,9,0,7,1,3,35,5,20,20,10,10,7,6,9,7,9,0,0,0,45,5,10,15,15,10,8,7,9,7,8
1,1,13,10,8,3,10,0,0.13,1,34,2,15,15,10,25,10,25,1,10,8,5,7,5,4,7,7,2,23,8,2,5,3,1,3,1,7,10,5,10,7,3,1,10,5,3,8,2,4,8,2,4,3,6,7,50,5,15,20,10,0,20,15,10,20,20,15,7,4,7,9,9,0,3,4,3,2,6,5,4,3,0,7,1,3,35,5,20,20,10,10,7,6,9,7,9,0,0,0,45,5,10,15,15,10,8,7,9,7,8
1,1,13,10,5,9,2,0,0.49,0,25,4,10,20,20,20,10,20,0,6,7,7,6,6,6,6,5,2,25,17,3,1,5,1,5,2,17,5,4,4,5,8,10,4,1,1,9,4,6,10,10,10,3,4,4,20,15,30,10,15,10,30,15,20,10,15,10,5,9,7,7,9,0,6,5,4,3,4,2,3,1,0,7,1,3,25,20,25,10,10,10,4,8,6,7,8,0,0,0,50,20,20,3,3,4,5,5,5,5,5
1,1,13,10,4,8,3,1,0.33,0,23,2,40,10,15,20,10,5,1,3,7,8,9,6,2,2,8,2,25,17,3,1,5,1,5,2,17,5,4,4,5,8,10,4,1,1,9,4,6,10,10,10,3,4,4,20,15,30,10,15,10,30,15,20,10,15,10,5,9,7,7,9,1,7,7,6,8,6,8,7,3,0,7,1,3,25,20,25,10,10,10,4,8,6,7,8,0,0,0,50,20,20,3,3,4,5,5,5,5,5
1,1,13,10,6,10,4,0,0.63,1,30,3,10,20,20,10,10,30,1,6,7,6,8,5,5,5,4,2,25,17,3,1,5,1,5,2,17,5,4,4,5,8,10,4,1,1,9,4,6,10,10,10,3,4,4,20,15,30,10,15,10,30,15,20,10,15,10,5,9,7,7,9,0,6,8,8,7,5,6,4,3,0,7,1,3,25,20,25,10,10,10,4,8,6,7,8,0,0,0,50,20,20,3,3,4,5,5,5,5,5
1,1,13,10,9,3,6,0,0.65,0,29,2,15,10,20,20,20,15,0,8,8,8,10,8,5,10,1,2,25,17,3,1,5,1,5,2,17,5,4,4,5,8,10,4,1,1,9,4,6,10,10,10,3,4,4,20,15,30,10,15,10,30,15,20,10,15,10,5,9,7,7,9,1,8,5,7,7,6,5,8,4,0,7,1,3,25,20,25,10,10,10,4,8,6,7,8,0,0,0,50,20,20,3,3,4,5,5,5,5,5
1,1,13,10,2,6,7,0,0.72,0,30,2,22,12,30,25,10,1,0,6,8,8,8,7,8,10,6,2,25,17,3,1,5,1,5,2,17,5,4,4,5,8,10,4,1,1,9,4,6,10,10,10,3,4,4,20,15,30,10,15,10,30,15,20,10,15,10,5,9,7,7,9,0,5,7,7,4,9,2,2,1,0,7,1,3,25,20,25,10,10,10,4,8,6,7,8,0,0,0,50,20,20,3,3,4,5,5,5,5,5
1,1,13,10,10,4,8,0,0.73,0,29,2,15,22,22,16,15,10,1,7,7,9,6,7,6,8,6,2,25,17,3,1,5,1,5,2,17,5,4,4,5,8,10,4,1,1,9,4,6,10,10,10,3,4,4,20,15,30,10,15,10,30,15,20,10,15,10,5,9,7,7,9,0,2,2,5,1,7,1,1,1,0,7,1,3,25,20,25,10,10,10,4,8,6,7,8,0,0,0,50,20,20,3,3,4,5,5,5,5,5
1,1,13,10,7,1,9,0,0.07,0,22,4,15,25,15,20,10,15,0,4,9,8,4,7,4,5,8,2,25,17,3,1,5,1,5,2,17,5,4,4,5,8,10,4,1,1,9,4,6,10,10,10,3,4,4,20,15,30,10,15,10,30,15,20,10,15,10,5,9,7,7,9,0,6,3,7,6,9,1,4,1,0,7,1,3,25,20,25,10,10,10,4,8,6,7,8,0,0,0,50,20,20,3,3,4,5,5,5,5,5
1,1,13,10,8,2,10,0,0.74,0,34,2,15,15,10,25,10,25,0,6,7,7,4,6,2,4,5,2,25,17,3,1,5,1,5,2,17,5,4,4,5,8,10,4,1,1,9,4,6,10,10,10,3,4,4,20,15,30,10,15,10,30,15,20,10,15,10,5,9,7,7,9,0,2,7,7,5,8,2,2,1,0,7,1,3,25,20,25,10,10,10,4,8,6,7,8,0,0,0,50,20,20,3,3,4,5,5,5,5,5
0,2,14,18,8,14,3,0,0.06,0,23,4,25,20,20,20,5,10,0,4,7,7,6,8,4,5,4,2,32,10,2,5,6,3,2,1,4,6,3,3,10,10,10,8,2,3,5,4,8,9,9,9,9,7,5,5,25,20,10,15,25,30,15,7,20,8,20,4,8,6,10,7,0,7,7,7,6,6,5,6,3,0,6,1,2,25,10,15,20,10,20,7,9,10,7,9,0,2,0,20,20,20,20,10,10,7,9,9,9,9
0,2,14,18,8,16,4,0,-0.04,0,27,3,25,25,25,15,10,0,0,3,9,8,6,8,6,4,5,2,32,10,2,5,6,3,2,1,4,6,3,3,10,10,10,8,2,3,5,4,8,9,9,9,9,7,5,5,25,20,10,15,25,30,15,7,20,8,20,4,8,6,10,7,0,5,8,7,6,7,5,7,3,0,6,1,2,25,10,15,20,10,20,7,9,10,7,9,0,2,0,20,20,20,20,10,10,7,9,9,9,9
0,2,14,18,8,8,7,0,-0.15,1,27,2,30,15,20,25,5,5,0,3,6,6,4,6,9,4,6,2,32,10,2,5,6,3,2,1,4,6,3,3,10,10,10,8,2,3,5,4,8,9,9,9,9,7,5,5,25,20,10,15,25,30,15,7,20,8,20,4,8,6,10,7,1,8,8,8,8,9,9,7,6,0,6,1,2,25,10,15,20,10,20,7,9,10,7,9,0,2,0,20,20,20,20,10,10,7,9,9,9,9
0,2,14,18,8,4,10,0,0.06,1,28,2,50,10,10,10,10,10,0,3,6,7,2,6,1,3,4,2,32,10,2,5,6,3,2,1,4,6,3,3,10,10,10,8,2,3,5,4,8,9,9,9,9,7,5,5,25,20,10,15,25,30,15,7,20,8,20,4,8,6,10,7,1,7,7,7,7,8,6,7,6,0,6,1,2,25,10,15,20,10,20,7,9,10,7,9,0,2,0,20,20,20,20,10,10,7,9,9,9,9
0,2,14,18,8,11,16,0,0.48,0,25,4,30,10,15,20,15,10,0,5,9,7,5,9,4,4,4,2,32,10,2,5,6,3,2,1,4,6,3,3,10,10,10,8,2,3,5,4,8,9,9,9,9,7,5,5,25,20,10,15,25,30,15,7,20,8,20,4,8,6,10,7,0,8,8,8,6,8,5,8,3,0,6,1,2,25,10,15,20,10,20,7,9,10,7,9,0,2,0,20,20,20,20,10,10,7,9,9,9,9
0,2,14,18,17,6,2,0,0.07,1,30,2,20.51,14.53,24.79,17.09,5.98,17.09,0,7,7,8,7,7,7,7,8,2,24,10,2,7,6,2,7,4,4,5,1,10,6,5,5,3,4,8,9,6,7,7,8,9,6,9,6,10,20,27,23,15,5,35,10,10,25,10,10,7,9,7,9,7,0,6,10,10,8,8,3,4,7,0,5,3,2,15,15,25,30,10,5,7,9,9,7,7,0,1,0,10,10,30,30,10,0,7,9,8,8,6
0,2,14,18,17,3,3,0,0.45,0,23,4,25,20,20,20,5,10,1,5,8,7,7,6,7,7,8,2,24,10,2,7,6,2,7,4,4,5,1,10,6,5,5,3,4,8,9,6,7,7,8,9,6,9,6,10,20,27,23,15,5,35,10,10,25,10,10,7,9,7,9,7,0,4,10,10,6,10,1,4,6,0,5,3,2,15,15,25,30,10,5,7,9,9,7,7,0,1,0,10,10,30,30,10,0,7,9,8,8,6
0,2,14,18,17,5,4,1,0.18,0,27,3,25,25,25,15,10,0,1,7,9,9,9,9,7,7,6,2,24,10,2,7,6,2,7,4,4,5,1,10,6,5,5,3,4,8,9,6,7,7,8,9,6,9,6,10,20,27,23,15,5,35,10,10,25,10,10,7,9,7,9,7,1,6,8,8,10,9,6,8,8,0,5,3,2,15,15,25,30,10,5,7,9,9,7,7,0,1,0,10,10,30,30,10,0,7,9,8,8,6
0,2,14,18,17,1,5,0,0.19,1,30,2,31.58,10.53,15.79,21.05,10.53,10.53,0,3,8,6,6,5,2,5,5,2,24,10,2,7,6,2,7,4,4,5,1,10,6,5,5,3,4,8,9,6,7,7,8,9,6,9,6,10,20,27,23,15,5,35,10,10,25,10,10,7,9,7,9,7,1,10,9,9,7,9,7,7,5,0,5,3,2,15,15,25,30,10,5,7,9,9,7,7,0,1,0,10,10,30,30,10,0,7,9,8,8,6
0,2,14,18,17,4,6,1,0.19,1,27,2,14,18,17,16,15,20,1,6,6,6,5,5,5,7,7,2,24,10,2,7,6,2,7,4,4,5,1,10,6,5,5,3,4,8,9,6,7,7,8,9,6,9,6,10,20,27,23,15,5,35,10,10,25,10,10,7,9,7,9,7,1,9,10,10,6,9,8,9,6,0,5,3,2,15,15,25,30,10,5,7,9,9,7,7,0,1,0,10,10,30,30,10,0,7,9,8,8,6
0,2,14,18,17,15,7,0,0.32,1,27,2,30,15,20,25,5,5,0,7,7,7,8,6,5,7,7,2,24,10,2,7,6,2,7,4,4,5,1,10,6,5,5,3,4,8,9,6,7,7,8,9,6,9,6,10,20,27,23,15,5,35,10,10,25,10,10,7,9,7,9,7,0,7,10,9,5,8,4,4,3,0,5,3,2,15,15,25,30,10,5,7,9,9,7,7,0,1,0,10,10,30,30,10,0,7,9,8,8,6
0,2,14,18,17,13,8,1,0.32,0,24,6,20,10,25,20,10,15,1,7,8,8,8,7,7,7,7,2,24,10,2,7,6,2,7,4,4,5,1,10,6,5,5,3,4,8,9,6,7,7,8,9,6,9,6,10,20,27,23,15,5,35,10,10,25,10,10,7,9,7,9,7,1,8,10,9,9,7,8,8,6,0,5,3,2,15,15,25,30,10,5,7,9,9,7,7,0,1,0,10,10,30,30,10,0,7,9,8,8,6
0,2,14,18,17,17,9,1,0.04,1,25,2,17,18,28,27,5,5,1,10,8,10,8,8,8,9,8,2,24,10,2,7,6,2,7,4,4,5,1,10,6,5,5,3,4,8,9,6,7,7,8,9,6,9,6,10,20,27,23,15,5,35,10,10,25,10,10,7,9,7,9,7,1,7,10,8,10,6,5,7,10,0,5,3,2,15,15,25,30,10,5,7,9,9,7,7,0,1,0,10,10,30,30,10,0,7,9,8,8,6
0,2,14,18,17,11,10,0,0.19,1,28,2,50,10,10,10,10,10,0,5,10,10,8,10,7,6,5,2,24,10,2,7,6,2,7,4,4,5,1,10,6,5,5,3,4,8,9,6,7,7,8,9,6,9,6,10,20,27,23,15,5,35,10,10,25,10,10,7,9,7,9,7,1,10,9,10,8,8,5,10,8,0,5,3,2,15,15,25,30,10,5,7,9,9,7,7,0,1,0,10,10,30,30,10,0,7,9,8,8,6
0,2,14,18,17,14,11,0,0.23,1,27,2,40,0,10,50,0,0,0,4,8,7,4,5,5,5,10,2,24,10,2,7,6,2,7,4,4,5,1,10,6,5,5,3,4,8,9,6,7,7,8,9,6,9,6,10,20,27,23,15,5,35,10,10,25,10,10,7,9,7,9,7,0,8,10,8,7,7,6,6,7,0,5,3,2,15,15,25,30,10,5,7,9,9,7,7,0,1,0,10,10,30,30,10,0,7,9,8,8,6
0,2,14,18,17,9,12,0,-0.19,1,27,2,30,15,15,20,5,15,0,7,7,6,7,8,7,6,6,2,24,10,2,7,6,2,7,4,4,5,1,10,6,5,5,3,4,8,9,6,7,7,8,9,6,9,6,10,20,27,23,15,5,35,10,10,25,10,10,7,9,7,9,7,1,8,7,7,7,7,8,6,6,0,5,3,2,15,15,25,30,10,5,7,9,9,7,7,0,1,0,10,10,30,30,10,0,7,9,8,8,6
0,2,14,18,17,10,13,0,0.44,0,29,3,75,5,5,10,0,5,1,7,8,9,10,6,6,7,7,2,24,10,2,7,6,2,7,4,4,5,1,10,6,5,5,3,4,8,9,6,7,7,8,9,6,9,6,10,20,27,23,15,5,35,10,10,25,10,10,7,9,7,9,7,0,10,9,8,8,8,6,8,7,0,5,3,2,15,15,25,30,10,5,7,9,9,7,7,0,1,0,10,10,30,30,10,0,7,9,8,8,6
0,2,14,18,17,2,14,0,-0.04,0,30,4,50,10,10,10,5,15,0,6,5,6,4,4,5,5,5,2,24,10,2,7,6,2,7,4,4,5,1,10,6,5,5,3,4,8,9,6,7,7,8,9,6,9,6,10,20,27,23,15,5,35,10,10,25,10,10,7,9,7,9,7,0,5,10,9,6,10,6,6,10,0,5,3,2,15,15,25,30,10,5,7,9,9,7,7,0,1,0,10,10,30,30,10,0,7,9,8,8,6
0,2,14,18,17,16,15,0,0.01,1,27,2,30,20,15,15,8,12,0,3,7,6,5,4,3,4,5,2,24,10,2,7,6,2,7,4,4,5,1,10,6,5,5,3,4,8,9,6,7,7,8,9,6,9,6,10,20,27,23,15,5,35,10,10,25,10,10,7,9,7,9,7,1,10,8,9,9,8,6,9,7,0,5,3,2,15,15,25,30,10,5,7,9,9,7,7,0,1,0,10,10,30,30,10,0,7,9,8,8,6
0,2,14,18,17,7,17,0,0.2,0,26,4,25,20,10,20,15,10,0,5,8,9,8,9,5,4,6,2,24,10,2,7,6,2,7,4,4,5,1,10,6,5,5,3,4,8,9,6,7,7,8,9,6,9,6,10,20,27,23,15,5,35,10,10,25,10,10,7,9,7,9,7,0,5,10,8,5,10,5,5,5,0,5,3,2,15,15,25,30,10,5,7,9,9,7,7,0,1,0,10,10,30,30,10,0,7,9,8,8,6
0,2,14,18,17,8,18,0,0.59,1,29,2,25,15,20,20,10,10,0,7,8,7,8,7,5,7,7,2,24,10,2,7,6,2,7,4,4,5,1,10,6,5,5,3,4,8,9,6,7,7,8,9,6,9,6,10,20,27,23,15,5,35,10,10,25,10,10,7,9,7,9,7,1,8,9,10,6,10,6,8,7,0,5,3,2,15,15,25,30,10,5,7,9,9,7,7,0,1,0,10,10,30,30,10,0,7,9,8,8,6
0,2,14,18,7,15,4,0,-0.01,0,27,3,25,25,25,15,10,0,1,9,8,9,8,9,6,8,4,2,33,3,2,1,7,1,4,2,7,2,3,10,8,7,8,7,1,6,7,4,8,8,8,9,6,7,6,25,20,10,20,20,5,50,5,20,30,5,0,7,8,8,9,7,0,5,6,8,7,8,6,5,6,0,4,3,2,27,15,15,23,10,10,8,9,9,8,7,0,3,1,25,15,10,20,20,10,8,8,9,8,7
0,2,14,18,7,11,5,0,0.45,1,30,2,31.58,10.53,15.79,21.05,10.53,10.53,0,7,7,6,5,6,4,6,3,2,33,3,2,1,7,1,4,2,7,2,3,10,8,7,8,7,1,6,7,4,8,8,8,9,6,7,6,25,20,10,20,20,5,50,5,20,30,5,0,7,8,8,9,7,1,6,5,8,7,8,8,6,7,0,4,3,2,27,15,15,23,10,10,8,9,9,8,7,0,3,1,25,15,10,20,20,10,8,8,9,8,7
0,2,14,18,7,7,7,1,0.13,1,27,2,30,15,20,25,5,5,1,8,7,7,7,7,8,8,6,2,33,3,2,1,7,1,4,2,7,2,3,10,8,7,8,7,1,6,7,4,8,8,8,9,6,7,6,25,20,10,20,20,5,50,5,20,30,5,0,7,8,8,9,7,1,4,8,7,8,5,8,8,9,0,4,3,2,27,15,15,23,10,10,8,9,9,8,7,0,3,1,25,15,10,20,20,10,8,8,9,8,7
0,2,14,18,7,3,10,0,0.24,1,28,2,50,10,10,10,10,10,0,5,6,6,6,5,2,2,4,2,33,3,2,1,7,1,4,2,7,2,3,10,8,7,8,7,1,6,7,4,8,8,8,9,6,7,6,25,20,10,20,20,5,50,5,20,30,5,0,7,8,8,9,7,1,8,6,7,6,6,6,8,8,0,4,3,2,27,15,15,23,10,10,8,9,9,8,7,0,3,1,25,15,10,20,20,10,8,8,9,8,7
0,2,14,18,7,18,18,0,0.32,1,29,2,25,15,20,20,10,10,0,6,7,6,6,5,3,6,4,2,33,3,2,1,7,1,4,2,7,2,3,10,8,7,8,7,1,6,7,4,8,8,8,9,6,7,6,25,20,10,20,20,5,50,5,20,30,5,0,7,8,8,9,7,0,6,6,6,6,5,6,6,6,0,4,3,2,27,15,15,23,10,10,8,9,9,8,7,0,3,1,25,15,10,20,20,10,8,8,9,8,7
0,2,14,18,19,14,1,0,0.26,1,34,2,30,20,30,5,5,10,0,10,9,9,10,9,9,9.7,10,2,22,3,2,9,8,1,6,1,3,10,10,10,10,8,8,1,1,1,8,10,10,10,10,10,10,6,7,20,10,20,20,20,10,40,5,10,25,15,15,7,7,10,8,8,0,1,10,4,6,6,4,5,6,0,7,1,3,15,15,15,20,15,20,7,8,8,10,9,1,4,0,15,15,15,20,15,20,7,8,9,10,9
0,2,14,18,19,5,3,0,-0.25,0,23,4,25,20,20,20,5,10,1,7,7,8,8,8,7,8,7,2,22,3,2,9,8,1,6,1,3,10,10,10,10,8,8,1,1,1,8,10,10,10,10,10,10,6,7,20,10,20,20,20,10,40,5,10,25,15,15,7,7,10,8,8,0,1,10,4,3,5,2,4,5,0,7,1,3,15,15,15,20,15,20,7,8,8,10,9,1,4,0,15,15,15,20,15,20,7,8,9,10,9
0,2,14,18,19,3,5,1,-0.1,1,30,2,31.58,10.53,15.79,21.05,10.53,10.53,1,8,6,7,8,7,6,7,7,2,22,3,2,9,8,1,6,1,3,10,10,10,10,8,8,1,1,1,8,10,10,10,10,10,10,6,7,20,10,20,20,20,10,40,5,10,25,15,15,7,7,10,8,8,1,9,10,8,9,7,9,9,8,0,7,1,3,15,15,15,20,15,20,7,8,8,10,9,1,4,0,15,15,15,20,15,20,7,8,9,10,9
0,2,14,18,19,6,6,1,-0.02,1,27,2,14,18,17,16,15,20,1,8,7,7,9,8,7,8,7,2,22,3,2,9,8,1,6,1,3,10,10,10,10,8,8,1,1,1,8,10,10,10,10,10,10,6,7,20,10,20,20,20,10,40,5,10,25,15,15,7,7,10,8,8,1,9,10,10,10,9,8,9,9,0,7,1,3,15,15,15,20,15,20,7,8,8,10,9,1,4,0,15,15,15,20,15,20,7,8,9,10,9
0,2,14,18,19,17,7,0,0.27,1,27,2,30,15,20,25,5,5,0,7,8,7,8,7,8,7,7,2,22,3,2,9,8,1,6,1,3,10,10,10,10,8,8,1,1,1,8,10,10,10,10,10,10,6,7,20,10,20,20,20,10,40,5,10,25,15,15,7,7,10,8,8,0,2,8,6,4,4,10,5,7,0,7,1,3,15,15,15,20,15,20,7,8,8,10,9,1,4,0,15,15,15,20,15,20,7,8,9,10,9
0,2,14,18,19,15,8,1,0.11,0,24,6,20,10,25,20,10,15,1,7,8,8,8,8,9,7,8,2,22,3,2,9,8,1,6,1,3,10,10,10,10,8,8,1,1,1,8,10,10,10,10,10,10,6,7,20,10,20,20,20,10,40,5,10,25,15,15,7,7,10,8,8,1,8,9,9,9,10,9,9,8,0,7,1,3,15,15,15,20,15,20,7,8,8,10,9,1,4,0,15,15,15,20,15,20,7,8,9,10,9
0,2,14,18,19,1,9,1,0.22,1,25,2,17,18,28,27,5,5,1,10,9,10,10,10,10,10,10,2,22,3,2,9,8,1,6,1,3,10,10,10,10,8,8,1,1,1,8,10,10,10,10,10,10,6,7,20,10,20,20,20,10,40,5,10,25,15,15,7,7,10,8,8,1,5,10,8,10,6,10,8,10,0,7,1,3,15,15,15,20,15,20,7,8,8,10,9,1,4,0,15,15,15,20,15,20,7,8,9,10,9
0,2,14,18,19,16,11,1,0.43,1,27,2,40,0,10,50,0,0,1,6,8,7,10,7,10,8,10,2,22,3,2,9,8,1,6,1,3,10,10,10,10,8,8,1,1,1,8,10,10,10,10,10,10,6,7,20,10,20,20,20,10,40,5,10,25,15,15,7,7,10,8,8,1,9,10,10,10,10,9,9,8,0,7,1,3,15,15,15,20,15,20,7,8,8,10,9,1,4,0,15,15,15,20,15,20,7,8,9,10,9
0,2,14,18,19,11,12,1,0.54,1,27,2,30,15,15,20,5,15,1,7,7,6,7,7,8,8,7,2,22,3,2,9,8,1,6,1,3,10,10,10,10,8,8,1,1,1,8,10,10,10,10,10,10,6,7,20,10,20,20,20,10,40,5,10,25,15,15,7,7,10,8,8,1,4,8,7,7,6,6,6,6,0,7,1,3,15,15,15,20,15,20,7,8,8,10,9,1,4,0,15,15,15,20,15,20,7,8,9,10,9
0,2,14,18,19,12,13,0,0.04,0,29,3,75,5,5,10,0,5,0,7,9,9,9,9,10,8,8,2,22,3,2,9,8,1,6,1,3,10,10,10,10,8,8,1,1,1,8,10,10,10,10,10,10,6,7,20,10,20,20,20,10,40,5,10,25,15,15,7,7,10,8,8,1,7,7,10,10,9,9,8,8,0,7,1,3,15,15,15,20,15,20,7,8,8,10,9,1,4,0,15,15,15,20,15,20,7,8,9,10,9
0,2,14,18,19,18,15,0,0.49,1,27,2,30,20,15,15,8,12,0,2,3,6,4,6,3,4,4,2,22,3,2,9,8,1,6,1,3,10,10,10,10,8,8,1,1,1,8,10,10,10,10,10,10,6,7,20,10,20,20,20,10,40,5,10,25,15,15,7,7,10,8,8,1,7,10,6,6,6,3,5,6,0,7,1,3,15,15,15,20,15,20,7,8,8,10,9,1,4,0,15,15,15,20,15,20,7,8,9,10,9
0,2,14,18,19,2,16,0,0.11,0,25,4,30,10,15,20,15,10,0,6,8,7,4,6,6,4,4,2,22,3,2,9,8,1,6,1,3,10,10,10,10,8,8,1,1,1,8,10,10,10,10,10,10,6,7,20,10,20,20,20,10,40,5,10,25,15,15,7,7,10,8,8,0,4,10,10,3,10,2,5,4,0,7,1,3,15,15,15,20,15,20,7,8,8,10,9,1,4,0,15,15,15,20,15,20,7,8,9,10,9
0,2,14,18,19,10,18,0,0.36,1,29,2,25,15,20,20,10,10,0,6,6,5,8,6,5,6,6,2,22,3,2,9,8,1,6,1,3,10,10,10,10,8,8,1,1,1,8,10,10,10,10,10,10,6,7,20,10,20,20,20,10,40,5,10,25,15,15,7,7,10,8,8,1,7,9,8,10,7,7,7,7,0,7,1,3,15,15,15,20,15,20,7,8,8,10,9,1,4,0,15,15,15,20,15,20,7,8,9,10,9
0,2,14,18,6,3,1,0,0.53,0,34,2,30,20,30,5,5,10,0,7,8,9,5,5,5,6,5,2,27,9,4,10,10,1,4,2,2,2,6,10,10,10,10,8,1,7,10,6,10,8,7,7,8,1,1,15,20,20,20,20,5,60,0,5,20,0,15,6,10,7,7,6,0,2,6,6,0,3,0,0,0,0,3,3,2,20,10,30,20,15,15,6,7,6,6,6,0,2,1,10,20,30,15,20,5,6,8,7,7,8
0,2,14,18,6,15,2,0,0.07,0,30,2,20.51,14.53,24.79,17.09,5.98,17.09,0,7,7,7,7,7,7,7,8,2,27,9,4,10,10,1,4,2,2,2,6,10,10,10,10,8,1,7,10,6,10,8,7,7,8,1,1,15,20,20,20,20,5,60,0,5,20,0,15,6,10,7,7,6,0,3,7,7,4,5,3,3,2,0,3,3,2,20,10,30,20,15,15,6,7,6,6,6,0,2,1,10,20,30,15,20,5,6,8,7,7,8
0,2,14,18,6,12,3,0,0.37,1,23,4,25,20,20,20,5,10,0,6,7,7,7,7,5,6,5,2,27,9,4,10,10,1,4,2,2,2,6,10,10,10,10,8,1,7,10,6,10,8,7,7,8,1,1,15,20,20,20,20,5,60,0,5,20,0,15,6,10,7,7,6,0,4,8,7,4,4,3,3,4,0,3,3,2,20,10,30,20,15,15,6,7,6,6,6,0,2,1,10,20,30,15,20,5,6,8,7,7,8
0,2,14,18,6,14,4,0,-0.02,0,27,3,25,25,25,15,10,0,1,10,9,9,9,9,8,9,7,2,27,9,4,10,10,1,4,2,2,2,6,10,10,10,10,8,1,7,10,6,10,8,7,7,8,1,1,15,20,20,20,20,5,60,0,5,20,0,15,6,10,7,7,6,0,6,8,6,7,6,6,6,4,0,3,3,2,20,10,30,20,15,15,6,7,6,6,6,0,2,1,10,20,30,15,20,5,6,8,7,7,8
0,2,14,18,6,5,11,0,-0.34,0,27,2,40,0,10,50,0,0,0,6,7,8,4,7,1,4,5,2,27,9,4,10,10,1,4,2,2,2,6,10,10,10,10,8,1,7,10,6,10,8,7,7,8,1,1,15,20,20,20,20,5,60,0,5,20,0,15,6,10,7,7,6,0,6,7,7,6,7,6,4,3,0,3,3,2,20,10,30,20,15,15,6,7,6,6,6,0,2,1,10,20,30,15,20,5,6,8,7,7,8
0,2,14,18,6,18,12,0,0.33,0,27,2,30,15,15,20,5,15,0,8,8,8,7,6,5,6,5,2,27,9,4,10,10,1,4,2,2,2,6,10,10,10,10,8,1,7,10,6,10,8,7,7,8,1,1,15,20,20,20,20,5,60,0,5,20,0,15,6,10,7,7,6,0,4,5,7,5,5,6,4,3,0,3,3,2,20,10,30,20,15,15,6,7,6,6,6,0,2,1,10,20,30,15,20,5,6,8,7,7,8
0,2,14,18,6,11,14,1,-0.01,1,30,4,50,10,10,10,5,15,1,10,8,7,6,7,8,10,9,2,27,9,4,10,10,1,4,2,2,2,6,10,10,10,10,8,1,7,10,6,10,8,7,7,8,1,1,15,20,20,20,20,5,60,0,5,20,0,15,6,10,7,7,6,1,5,8,8,6,8,6,6,7,0,3,3,2,20,10,30,20,15,15,6,7,6,6,6,0,2,1,10,20,30,15,20,5,6,8,7,7,8
0,2,14,18,6,7,15,0,-0.07,0,27,2,30,20,15,15,8,12,1,6,8,8,7,7,6,6,8,2,27,9,4,10,10,1,4,2,2,2,6,10,10,10,10,8,1,7,10,6,10,8,7,7,8,1,1,15,20,20,20,20,5,60,0,5,20,0,15,6,10,7,7,6,0,7,6,7,5,5,4,4,2,0,3,3,2,20,10,30,20,15,15,6,7,6,6,6,0,2,1,10,20,30,15,20,5,6,8,7,7,8
0,2,14,18,6,9,16,1,0.1,1,25,4,30,10,15,20,15,10,1,9,9,8,8,7,9,9,9,2,27,9,4,10,10,1,4,2,2,2,6,10,10,10,10,8,1,7,10,6,10,8,7,7,8,1,1,15,20,20,20,20,5,60,0,5,20,0,15,6,10,7,7,6,1,5,8,9,7,9,7,7,3,0,3,3,2,20,10,30,20,15,15,6,7,6,6,6,0,2,1,10,20,30,15,20,5,6,8,7,7,8
0,2,14,18,6,16,17,0,-0.45,1,26,4,25,20,10,20,15,10,1,7,7,9,7,8,8,6,7,2,27,9,4,10,10,1,4,2,2,2,6,10,10,10,10,8,1,7,10,6,10,8,7,7,8,1,1,15,20,20,20,20,5,60,0,5,20,0,15,6,10,7,7,6,0,5,7,7,0,4,0,4,3,0,3,3,2,20,10,30,20,15,15,6,7,6,6,6,0,2,1,10,20,30,15,20,5,6,8,7,7,8
0,2,14,18,6,17,18,0,0.1,0,29,2,25,15,20,20,10,10,1,8,8,7,5,4,4,8,7,2,27,9,4,10,10,1,4,2,2,2,6,10,10,10,10,8,1,7,10,6,10,8,7,7,8,1,1,15,20,20,20,20,5,60,0,5,20,0,15,6,10,7,7,6,0,5,7,6,2,2,2,3,2,0,3,3,2,20,10,30,20,15,15,6,7,6,6,6,0,2,1,10,20,30,15,20,5,6,8,7,7,8
0,2,14,18,15,2,3,0,0.19,0,23,4,25,20,20,20,5,10,1,7,6,8,6,8,6,7,7,2,26,6,2,1,5,2,6,3,9,2,1,1,7,2,2,6,8,1,10,3,7,8,8,8,1,4,2,9,17,23,15,14,22,25,7,8,25,10,25,7,10,2,9,8,0,6,5,5,6,6,3,3,6,0,6,1,3,12,18,25,13,7,25,7,10,9,4,8,1,1,1,10,20,25,10,12,23,7,10,9,2,5
0,2,14,18,15,14,7,0,-0.38,1,27,2,30,15,20,25,5,5,0,5,8,8,6,6,7,6,7,2,26,6,2,1,5,2,6,3,9,2,1,1,7,2,2,6,8,1,10,3,7,8,8,8,1,4,2,9,17,23,15,14,22,25,7,8,25,10,25,7,10,2,9,8,1,8,9,7,8,7,8,9,5,0,6,1,3,12,18,25,13,7,25,7,10,9,4,8,1,1,1,10,20,25,10,12,23,7,10,9,2,5
0,2,14,18,15,1,14,0,-0.07,0,30,4,50,10,10,10,5,15,0,5,7,5,5,4,3,5,5,2,26,6,2,1,5,2,6,3,9,2,1,1,7,2,2,6,8,1,10,3,7,8,8,8,1,4,2,9,17,23,15,14,22,25,7,8,25,10,25,7,10,2,9,8,0,7,5,5,5,6,1,2,2,0,6,1,3,12,18,25,13,7,25,7,10,9,4,8,1,1,1,10,20,25,10,12,23,7,10,9,2,5
0,2,14,18,1,7,3,0,-0.25,0,23,4,25,20,20,20,5,10,0,4,6,6,5,5,4,5,4,2,24,3,6,8,4,2,6,2,3,9,7,6,9,7,8,9,9,1,7,6,7,7,10,10,7,8,7,20,30,10,10,10,20,30,10,10,20,10,20,8,10,8,8,8,0,4,4,5,5,6,3,4,1,0,8,1,2,20,30,15,10,10,15,7,10,8,7,9,4,1,1,20,30,10,10,10,20,7,9,8,7,8
0,2,14,18,1,9,4,1,0.33,0,27,3,25,25,25,15,10,0,1,9,8,8,6,7,7,7,6,2,24,3,6,8,4,2,6,2,3,9,7,6,9,7,8,9,9,1,7,6,7,7,10,10,7,8,7,20,30,10,10,10,20,30,10,10,20,10,20,8,10,8,8,8,1,6,8,7,7,8,5,8,7,0,8,1,2,20,30,15,10,10,15,7,10,8,7,9,4,1,1,20,30,10,10,10,20,7,9,8,7,8
0,2,14,18,1,5,5,0,0.27,0,30,2,31.58,10.53,15.79,21.05,10.53,10.53,0,2,7,7,5,6,5,6,5,2,24,3,6,8,4,2,6,2,3,9,7,6,9,7,8,9,9,1,7,6,7,7,10,10,7,8,7,20,30,10,10,10,20,30,10,10,20,10,20,8,10,8,8,8,1,7,8,7,6,7,6,7,7,0,8,1,2,20,30,15,10,10,15,7,10,8,7,9,4,1,1,20,30,10,10,10,20,7,9,8,7,8
0,2,14,18,1,8,6,0,0.26,0,27,2,14,18,17,16,15,20,0,6,7,8,6,9,6,6,5,2,24,3,6,8,4,2,6,2,3,9,7,6,9,7,8,9,9,1,7,6,7,7,10,10,7,8,7,20,30,10,10,10,20,30,10,10,20,10,20,8,10,8,8,8,1,6,7,6,7,7,7,7,6,0,8,1,2,20,30,15,10,10,15,7,10,8,7,9,4,1,1,20,30,10,10,10,20,7,9,8,7,8
0,2,14,18,1,1,7,0,-0.18,0,27,2,30,15,20,25,5,5,0,4,9,7,5,7,4,4,6,2,24,3,6,8,4,2,6,2,3,9,7,6,9,7,8,9,9,1,7,6,7,7,10,10,7,8,7,20,30,10,10,10,20,30,10,10,20,10,20,8,10,8,8,8,1,7,6,6,7,7,6,8,6,0,8,1,2,20,30,15,10,10,15,7,10,8,7,9,4,1,1,20,30,10,10,10,20,7,9,8,7,8
0,2,14,18,1,17,8,0,-0.22,1,24,6,20,10,25,20,10,15,0,7,9,9,8,7,7,6,6,2,24,3,6,8,4,2,6,2,3,9,7,6,9,7,8,9,9,1,7,6,7,7,10,10,7,8,7,20,30,10,10,10,20,30,10,10,20,10,20,8,10,8,8,8,1,8,8,7,7,8,6,8,7,0,8,1,2,20,30,15,10,10,15,7,10,8,7,9,4,1,1,20,30,10,10,10,20,7,9,8,7,8
0,2,14,18,1,3,9,1,0.38,0,25,2,17,18,28,27,5,5,1,7,10,10,8,5,4,5,5,2,24,3,6,8,4,2,6,2,3,9,7,6,9,7,8,9,9,1,7,6,7,7,10,10,7,8,7,20,30,10,10,10,20,30,10,10,20,10,20,8,10,8,8,8,1,6,7,7,7,6,6,6,5,1,8,1,2,20,30,15,10,10,15,7,10,8,7,9,4,1,1,20,30,10,10,10,20,7,9,8,7,8
0,2,14,18,1,18,11,1,0.37,0,27,2,40,0,10,50,0,0,1,7,7,8,2,5,7,7,10,2,24,3,6,8,4,2,6,2,3,9,7,6,9,7,8,9,9,1,7,6,7,7,10,10,7,8,7,20,30,10,10,10,20,30,10,10,20,10,20,8,10,8,8,8,1,8,7,6,6,6,7,9,6,0,8,1,2,20,30,15,10,10,15,7,10,8,7,9,4,1,1,20,30,10,10,10,20,7,9,8,7,8
0,2,14,18,1,6,14,0,0.18,0,30,4,50,10,10,10,5,15,0,6,6,5,5,4,5,6,6,2,24,3,6,8,4,2,6,2,3,9,7,6,9,7,8,9,9,1,7,6,7,7,10,10,7,8,7,20,30,10,10,10,20,30,10,10,20,10,20,8,10,8,8,8,0,6,7,7,5,6,5,7,5,0,8,1,2,20,30,15,10,10,15,7,10,8,7,9,4,1,1,20,30,10,10,10,20,7,9,8,7,8
0,2,14,18,1,2,15,1,-0.27,0,27,2,30,20,15,15,8,12,1,4,9,9,7,8,5,6,7,2,24,3,6,8,4,2,6,2,3,9,7,6,9,7,8,9,9,1,7,6,7,7,10,10,7,8,7,20,30,10,10,10,20,30,10,10,20,10,20,8,10,8,8,8,1,9,5,6,6,5,3,6,4,0,8,1,2,20,30,15,10,10,15,7,10,8,7,9,4,1,1,20,30,10,10,10,20,7,9,8,7,8
0,2,14,18,1,4,16,0,0.27,0,25,4,30,10,15,20,15,10,0,5,9,7,5,5,5,5,6,2,24,3,6,8,4,2,6,2,3,9,7,6,9,7,8,9,9,1,7,6,7,7,10,10,7,8,7,20,30,10,10,10,20,30,10,10,20,10,20,8,10,8,8,8,0,5,6,7,5,7,4,5,5,0,8,1,2,20,30,15,10,10,15,7,10,8,7,9,4,1,1,20,30,10,10,10,20,7,9,8,7,8
0,2,14,18,1,12,18,0,-0.26,0,29,2,25,15,20,20,10,10,0,5,8,5,4,7,4,6,5,2,24,3,6,8,4,2,6,2,3,9,7,6,9,7,8,9,9,1,7,6,7,7,10,10,7,8,7,20,30,10,10,10,20,30,10,10,20,10,20,8,10,8,8,8,1,6,7,7,6,6,5,7,5,0,8,1,2,20,30,15,10,10,15,7,10,8,7,9,4,1,1,20,30,10,10,10,20,7,9,8,7,8
1,2,14,20,5,2,1,0,0.71,0,23,4,20,20,20,20,20,0,0,4,3,6,3,6,1,5,4,2,34,1,2,5,5,2,6,6,1,3,1,3,5,9,10,3,3,4,10,6,8,9,7,7,3,2,5,30,20,30,5,5,10,30,10,20,5,30,5,7,7,5,7,9,0,7,8,9,7,7,1,7,5,0,7,3,3,20,10,30,10,10,20,8,8,9,6,8,1,1,0,20,10,30,15,15,10,5,7,8,8,8
1,2,14,20,9,6,4,0,0.09,0,26,3,15,15,15,20,20,15,1,6,9,9,8,9,7,8,9,2,34,1,2,5,5,2,6,6,1,3,1,3,5,9,10,3,3,4,10,6,8,9,7,7,3,2,5,30,20,30,5,5,10,30,10,20,5,30,5,7,7,5,7,9,0,9,9,10,9,10,9,8,8,0,7,3,3,20,10,30,10,10,20,8,8,9,6,8,1,1,0,20,10,30,15,15,10,5,7,8,8,8
1,2,14,20,14,11,7,0,0.08,0,26,1,30,5,10,20,30,5,0,4,1,5,4,4,5,3,1,2,34,1,2,5,5,2,6,6,1,3,1,3,5,9,10,3,3,4,10,6,8,9,7,7,3,2,5,30,20,30,5,5,10,30,10,20,5,30,5,7,7,5,7,9,0,4,9,7,4,3,1,5,1,0,7,3,3,20,10,30,10,10,20,8,8,9,6,8,1,1,0,20,10,30,15,15,10,5,7,8,8,8
1,2,14,20,16,13,8,0,0.63,0,21,4,15,25,15,15,15,15,1,8,10,10,7,10,6,4,3,2,34,1,2,5,5,2,6,6,1,3,1,3,5,9,10,3,3,4,10,6,8,9,7,7,3,2,5,30,20,30,5,5,10,30,10,20,5,30,5,7,7,5,7,9,0,7,7,8,8,9,8,7.5,6,0,7,3,3,20,10,30,10,10,20,8,8,9,6,8,1,1,0,20,10,30,15,15,10,5,7,8,8,8
1,2,14,20,3,20,10,0,0.51,1,31,2,12,25,25,8,15,15,0,4,9,9,4,9,6,8,8,2,34,1,2,5,5,2,6,6,1,3,1,3,5,9,10,3,3,4,10,6,8,9,7,7,3,2,5,30,20,30,5,5,10,30,10,20,5,30,5,7,7,5,7,9,1,10,10,10,9,8,8,9,9.5,0,7,3,3,20,10,30,10,10,20,8,8,9,6,8,1,1,0,20,10,30,15,15,10,5,7,8,8,8
1,2,14,20,12,9,12,0,0.41,0,29,6,20,20,20,10,10,20,0,6,6,7,6,6,5,6,6,2,34,1,2,5,5,2,6,6,1,3,1,3,5,9,10,3,3,4,10,6,8,9,7,7,3,2,5,30,20,30,5,5,10,30,10,20,5,30,5,7,7,5,7,9,0,6,10,6,6,6,4,5,2,0,7,3,3,20,10,30,10,10,20,8,8,9,6,8,1,1,0,20,10,30,15,15,10,5,7,8,8,8
1,2,14,20,19,16,14,0,0.26,1,22,2,20,10,20,20,20,10,0,1,10,4,6,6,4,5,6,2,34,1,2,5,5,2,6,6,1,3,1,3,5,9,10,3,3,4,10,6,8,9,7,7,3,2,5,30,20,30,5,5,10,30,10,20,5,30,5,7,7,5,7,9,0,10,9,9,10,9,9,9.7,10,0,7,3,3,20,10,30,10,10,20,8,8,9,6,8,1,1,0,20,10,30,15,15,10,5,7,8,8,8
1,2,14,20,6,3,17,0,0.53,0,27,4,15,20,20,20,20,5,0,2,6,6,0,3,0,0,0,2,34,1,2,5,5,2,6,6,1,3,1,3,5,9,10,3,3,4,10,6,8,9,7,7,3,2,5,30,20,30,5,5,10,30,10,20,5,30,5,7,7,5,7,9,0,7,8,9,5,5,5,6,5,0,7,3,3,20,10,30,10,10,20,8,8,9,6,8,1,1,0,20,10,30,15,15,10,5,7,8,8,8
1,2,14,20,18,15,18,0,0.23,0,26,4,20,10,25,25,10,10,0,6,7,8,6,8,6,6,7,2,34,1,2,5,5,2,6,6,1,3,1,3,5,9,10,3,3,4,10,6,8,9,7,7,3,2,5,30,20,30,5,5,10,30,10,20,5,30,5,7,7,5,7,9,0,7,9,9,5,10,7,7,6,0,7,3,3,20,10,30,10,10,20,8,8,9,6,8,1,1,0,20,10,30,15,15,10,5,7,8,8,8
1,2,14,20,5,3,1,1,0.56,0,23,4,20,20,20,20,20,0,1,2,8,8,8,7,6,6,6,2,24,13,6,1,1,1,4,2,6,4,6,4,8,9,7,3,8,9,9,9,7,9,8,9,8,4,4,20,10,25,20,10,15,20,20,20,15,15,10,6,8,8,8,7,1,8,7,8,8,7,8,7,6,0,6,3,3,30,10,20,20,0,20,6,7,7,7,6,0,0,0,20,10,20,10,20,20,6,6,8,7,5
1,2,14,20,9,7,4,0,0.17,0,26,3,15,15,15,20,20,15,0,6,7,7,8,6,8,6,6,2,24,13,6,1,1,1,4,2,6,4,6,4,8,9,7,3,8,9,9,9,7,9,8,9,8,4,4,20,10,25,20,10,15,20,20,20,15,15,10,6,8,8,8,7,1,7,8,8,8,8,8,6.5,6,0,6,3,3,30,10,20,20,0,20,6,7,7,7,6,0,0,0,20,10,20,10,20,20,6,6,8,7,5
1,2,14,20,17,15,5,1,0.32,0,24,2,10,20,27,23,15,5,1,8,10,9,9,7,8,8,6,2,24,13,6,1,1,1,4,2,6,4,6,4,8,9,7,3,8,9,9,9,7,9,8,9,8,4,4,20,10,25,20,10,15,20,20,20,15,15,10,6,8,8,8,7,1,7,8,8,8,7,7,7,7,0,6,3,3,30,10,20,20,0,20,6,7,7,7,6,0,0,0,20,10,20,10,20,20,6,6,8,7,5
1,2,14,20,3,1,10,1,0.02,0,31,2,12,25,25,8,15,15,1,6,10,9,8,6,6,7,7,2,24,13,6,1,1,1,4,2,6,4,6,4,8,9,7,3,8,9,9,9,7,9,8,9,8,4,4,20,10,25,20,10,15,20,20,20,15,15,10,6,8,8,8,7,1,7,8,7,8,7,6,6.5,6,0,6,3,3,30,10,20,20,0,20,6,7,7,7,6,0,0,0,20,10,20,10,20,20,6,6,8,7,5
1,2,14,20,11,9,11,0,0.24,0,35,4,15,15,30,15,15,10,0,7,7,7,7,7,7,7,7,2,24,13,6,1,1,1,4,2,6,4,6,4,8,9,7,3,8,9,9,9,7,9,8,9,8,4,4,20,10,25,20,10,15,20,20,20,15,15,10,6,8,8,8,7,1,8,7,7,7,7,6,6,6,0,6,3,3,30,10,20,20,0,20,6,7,7,7,6,0,0,0,20,10,20,10,20,20,6,6,8,7,5
1,2,14,20,19,17,14,1,0.11,0,22,2,20,10,20,20,20,10,1,8,9,9,9,10,9,9,8,2,24,13,6,1,1,1,4,2,6,4,6,4,8,9,7,3,8,9,9,9,7,9,8,9,8,4,4,20,10,25,20,10,15,20,20,20,15,15,10,6,8,8,8,7,1,7,8,8,8,8,9,7,8,0,6,3,3,30,10,20,20,0,20,6,7,7,7,6,0,0,0,20,10,20,10,20,20,6,6,8,7,5
1,2,14,20,4,2,16,0,-0.1,0,27,2,15,25,20,20,0,20,0,7,9,7,7,7,7,7,6,2,24,13,6,1,1,1,4,2,6,4,6,4,8,9,7,3,8,9,9,9,7,9,8,9,8,4,4,20,10,25,20,10,15,20,20,20,15,15,10,6,8,8,8,7,1,7,7,8,7,7,7,6,5,0,6,3,3,30,10,20,20,0,20,6,7,7,7,6,0,0,0,20,10,20,10,20,20,6,6,8,7,5
1,2,14,20,18,16,18,0,0.4,0,26,4,20,10,25,25,10,10,0,7,7,7,7,7,7,7,7,2,24,13,6,1,1,1,4,2,6,4,6,4,8,9,7,3,8,9,9,9,7,9,8,9,8,4,4,20,10,25,20,10,15,20,20,20,15,15,10,6,8,8,8,7,1,9,6,8,7,9,7,6,4,0,6,3,3,30,10,20,20,0,20,6,7,7,7,6,0,0,0,20,10,20,10,20,20,6,6,8,7,5
1,2,14,20,1,19,20,0,-0.22,1,24,6,20,30,10,10,10,20,1,8,8,7,7,8,6,8,7,2,24,13,6,1,1,1,4,2,6,4,6,4,8,9,7,3,8,9,9,9,7,9,8,9,8,4,4,20,10,25,20,10,15,20,20,20,15,15,10,6,8,8,8,7,0,7,9,9,8,7,7,6,6,0,6,3,3,30,10,20,20,0,20,6,7,7,7,6,0,0,0,20,10,20,10,20,20,6,6,8,7,5
1,2,14,20,9,11,4,1,-0.06,0,26,3,15,15,15,20,20,15,1,6,6,7,9,8,9,7,9,2,25,3,2,1,8,2,5,3,3,2,6,2,6,7,7,7,1,1,10,3,7,5,6,8,1,1,7,17,18,28,27,5,5,50,5,10,20,5,10,6,9,9,10,7,1,10,8,9,10,9,6,8,5,0,9,1,2,22,15,20,22,11,10,7,9,10,9,7,5,1,1,30,15,25,20,5,5,6,9,10,9,7
1,2,14,20,17,19,5,1,0.04,1,24,2,10,20,27,23,15,5,1,7,10,8,10,6,5,7,10,2,25,3,2,1,8,2,5,3,3,2,6,2,6,7,7,7,1,1,10,3,7,5,6,8,1,1,7,17,18,28,27,5,5,50,5,10,20,5,10,6,9,9,10,7,1,10,8,10,8,8,8,9,8,0,9,1,2,22,15,20,22,11,10,7,9,10,9,7,5,1,1,30,15,25,20,5,5,6,9,10,9,7
1,2,14,20,14,16,7,0,-0.19,0,26,1,30,5,10,20,30,5,1,7,10,9,10,9,5,8,4,2,25,3,2,1,8,2,5,3,3,2,6,2,6,7,7,7,1,1,10,3,7,5,6,8,1,1,7,17,18,28,27,5,5,50,5,10,20,5,10,6,9,9,10,7,0,4,4,5,4,4,3,5,7,0,9,1,2,22,15,20,22,11,10,7,9,10,9,7,5,1,1,30,15,25,20,5,5,6,9,10,9,7
1,2,14,20,16,18,8,0,0.39,0,21,4,15,25,15,15,15,15,1,8,7,6,10,7,3,3,3,2,25,3,2,1,8,2,5,3,3,2,6,2,6,7,7,7,1,1,10,3,7,5,6,8,1,1,7,17,18,28,27,5,5,50,5,10,20,5,10,6,9,9,10,7,0,4,4,5,4,4,3,5,7,0,9,1,2,22,15,20,22,11,10,7,9,10,9,7,5,1,1,30,15,25,20,5,5,6,9,10,9,7
1,2,14,20,3,5,10,0,0.18,1,31,2,12,25,25,8,15,15,0,5,1,4,4,5,1,3,3,2,25,3,2,1,8,2,5,3,3,2,6,2,6,7,7,7,1,1,10,3,7,5,6,8,1,1,7,17,18,28,27,5,5,50,5,10,20,5,10,6,9,9,10,7,1,8,8,10,9,10,5,6,4,0,9,1,2,22,15,20,22,11,10,7,9,10,9,7,5,1,1,30,15,25,20,5,5,6,9,10,9,7
1,2,14,20,11,13,11,1,0.75,0,35,4,15,15,30,15,15,10,1,7,8,8,7,7,6,6,6,2,25,3,2,1,8,2,5,3,3,2,6,2,6,7,7,7,1,1,10,3,7,5,6,8,1,1,7,17,18,28,27,5,5,50,5,10,20,5,10,6,9,9,10,7,1,6,8,8,4,5,4,4,6,0,9,1,2,22,15,20,22,11,10,7,9,10,9,7,5,1,1,30,15,25,20,5,5,6,9,10,9,7
1,2,14,20,12,14,12,1,0.3,0,29,6,20,20,20,10,10,20,1,7,7,7,9,7,8,8,7,2,25,3,2,1,8,2,5,3,3,2,6,2,6,7,7,7,1,1,10,3,7,5,6,8,1,1,7,17,18,28,27,5,5,50,5,10,20,5,10,6,9,9,10,7,1,7,10,9,6,6,3,6,8,0,9,1,2,22,15,20,22,11,10,7,9,10,9,7,5,1,1,30,15,25,20,5,5,6,9,10,9,7
1,2,14,20,19,1,14,1,0.22,1,22,2,20,10,20,20,20,10,1,5,10,8,10,6,10,8,10,2,25,3,2,1,8,2,5,3,3,2,6,2,6,7,7,7,1,1,10,3,7,5,6,8,1,1,7,17,18,28,27,5,5,50,5,10,20,5,10,6,9,9,10,7,1,10,9,10,10,10,10,10,10,0,9,1,2,22,15,20,22,11,10,7,9,10,9,7,5,1,1,30,15,25,20,5,5,6,9,10,9,7
1,2,14,20,18,20,18,0,-0.17,0,26,4,20,10,25,25,10,10,0,7,8,7,8,7,6,7,6,2,25,3,2,1,8,2,5,3,3,2,6,2,6,7,7,7,1,1,10,3,7,5,6,8,1,1,7,17,18,28,27,5,5,50,5,10,20,5,10,6,9,9,10,7,1,8,8,10,6,10,3,5,1,0,9,1,2,22,15,20,22,11,10,7,9,10,9,7,5,1,1,30,15,25,20,5,5,6,9,10,9,7
1,2,14,20,1,3,20,1,0.38,0,24,6,20,30,10,10,10,20,1,6,7,7,7,6,6,6,5,1,25,3,2,1,8,2,5,3,3,2,6,2,6,7,7,7,1,1,10,3,7,5,6,8,1,1,7,17,18,28,27,5,5,50,5,10,20,5,10,6,9,9,10,7,1,7,10,10,8,5,4,5,5,0,9,1,2,22,15,20,22,11,10,7,9,10,9,7,5,1,1,30,15,25,20,5,5,6,9,10,9,7
0,2,15,19,16,13,1,0,0.53,1,24,2,20,21,21,22,6,10,1,7,8,8,9,8,9,8,8,2,23,9,2,9,6,2,5,3,10,8,5,7,9,10,10,3,3,7,6,7,10,10,5,6,6,3,8,20,20,20,20,20,0,20,20,10,20,20,10,8,8,9,8,9,0,7,10,10,4,10,4,3,8,2,7,1,3,20,20,20,20,10,10,7,7,8,9,8,0,1,0,30,10,10,10,10,30,8,7,8,9,8
0,2,15,19,16,6,4,1,0.42,1,26,2,70,5,20,3,1,1,1,7,7,7,9,8,6,7,8,2,23,9,2,9,6,2,5,3,10,8,5,7,9,10,10,3,3,7,6,7,10,10,5,6,6,3,8,20,20,20,20,20,0,20,20,10,20,20,10,8,8,9,8,9,1,10,10,10,10,10,10,10,9,2,7,1,3,20,20,20,20,10,10,7,7,8,9,8,0,1,0,30,10,10,10,10,30,8,7,8,9,8
0,2,15,19,16,9,6,0,0.17,0,29,4,25,20,15,25,10,5,1,7,7,6,6,6,8,7,5,2,23,9,2,9,6,2,5,3,10,8,5,7,9,10,10,3,3,7,6,7,10,10,5,6,6,3,8,20,20,20,20,20,0,20,20,10,20,20,10,8,8,9,8,9,0,6,10,9,4,8,4,4,4,2,7,1,3,20,20,20,20,10,10,7,7,8,9,8,0,1,0,30,10,10,10,10,30,8,7,8,9,8
0,2,15,19,16,2,7,0,0.21,1,22,2,20,25,20,15,5,15,1,7,6,6,7,5,4,7,5,2,23,9,2,9,6,2,5,3,10,8,5,7,9,10,10,3,3,7,6,7,10,10,5,6,6,3,8,20,20,20,20,20,0,20,20,10,20,20,10,8,8,9,8,9,0,4,10,9,4,9,5,4,9,2,7,1,3,20,20,20,20,10,10,7,7,8,9,8,0,1,0,30,10,10,10,10,30,8,7,8,9,8
0,2,15,19,16,11,9,0,0.64,0,30,1,30,25,20,15,5,5,0,6,10,10,10,10,9,8,5,2,23,9,2,9,6,2,5,3,10,8,5,7,9,10,10,3,3,7,6,7,10,10,5,6,6,3,8,20,20,20,20,20,0,20,20,10,20,20,10,8,8,9,8,9,0,7,10,10,10,10,7,4,9,2,7,1,3,20,20,20,20,10,10,7,7,8,9,8,0,1,0,30,10,10,10,10,30,8,7,8,9,8
0,2,15,19,16,12,11,1,0.44,1,24,2,30,15,15,15,15,10,1,7,7,8,9,6,7,6,6,2,23,9,2,9,6,2,5,3,10,8,5,7,9,10,10,3,3,7,6,7,10,10,5,6,6,3,8,20,20,20,20,20,0,20,20,10,20,20,10,8,8,9,8,9,1,9,10,10,7,9,9,9,8,2,7,1,3,20,20,20,20,10,10,7,7,8,9,8,0,1,0,30,10,10,10,10,30,8,7,8,9,8
0,2,15,19,16,10,12,0,0.34,0,24,3,20,10,20,20,10,20,1,6,8,8,8,8,7,7,10,2,23,9,2,9,6,2,5,3,10,8,5,7,9,10,10,3,3,7,6,7,10,10,5,6,6,3,8,20,20,20,20,20,0,20,20,10,20,20,10,8,8,9,8,9,0,3,3,3,3,3,3,1,4,2,7,1,3,20,20,20,20,10,10,7,7,8,9,8,0,1,0,30,10,10,10,10,30,8,7,8,9,8
0,2,15,19,16,1,13,1,0.06,1,23,2,20,15,20,20,10,15,1,7,9,8,8,7,6,8,7,2,23,9,2,9,6,2,5,3,10,8,5,7,9,10,10,3,3,7,6,7,10,10,5,6,6,3,8,20,20,20,20,20,0,20,20,10,20,20,10,8,8,9,8,9,1,7,10,10,6,8,7,7,7,2,7,1,3,20,20,20,20,10,10,7,7,8,9,8,0,1,0,30,10,10,10,10,30,8,7,8,9,8
0,2,15,19,16,7,14,0,-0.5,1,27,2,20,20,20,20,10,10,0,5,4,4,4,5,10,5,5,2,23,9,2,9,6,2,5,3,10,8,5,7,9,10,10,3,3,7,6,7,10,10,5,6,6,3,8,20,20,20,20,20,0,20,20,10,20,20,10,8,8,9,8,9,1,10,10,10,10,10,10,10,9,2,7,1,3,20,20,20,20,10,10,7,7,8,9,8,0,1,0,30,10,10,10,10,30,8,7,8,9,8
0,2,15,19,16,16,15,0,0.26,1,34,2,35,15,15,25,10,0,0,8,9,7,10,5,5,6,7,2,23,9,2,9,6,2,5,3,10,8,5,7,9,10,10,3,3,7,6,7,10,10,5,6,6,3,8,20,20,20,20,20,0,20,20,10,20,20,10,8,8,9,8,9,1,10,10,10,10,10,7,5,8,2,7,1,3,20,20,20,20,10,10,7,7,8,9,8,0,1,0,30,10,10,10,10,30,8,7,8,9,8
0,2,15,19,16,15,16,1,0.14,1,27,2,75,5,5,5,5,5,1,8,8,8,7,8,8,8,8,2,23,9,2,9,6,2,5,3,10,8,5,7,9,10,10,3,3,7,6,7,10,10,5,6,6,3,8,20,20,20,20,20,0,20,20,10,20,20,10,8,8,9,8,9,1,8,10,10,10,10,7,7,8,2,7,1,3,20,20,20,20,10,10,7,7,8,9,8,0,1,0,30,10,10,10,10,30,8,7,8,9,8
0,2,15,19,16,14,17,0,0.08,1,26,2,10,10,30,30,5,15,0,8,8,7,8,8,7,8,7,2,23,9,2,9,6,2,5,3,10,8,5,7,9,10,10,3,3,7,6,7,10,10,5,6,6,3,8,20,20,20,20,20,0,20,20,10,20,20,10,8,8,9,8,9,0,7,10,10,8,10,7,6,8,2,7,1,3,20,20,20,20,10,10,7,7,8,9,8,0,1,0,30,10,10,10,10,30,8,7,8,9,8
0,2,15,19,16,17,19,0,0.49,1,31,2,10,20,40,10,10,10,1,5,5,5,5,5,5,5,5,2,23,9,2,9,6,2,5,3,10,8,5,7,9,10,10,3,3,7,6,7,10,10,5,6,6,3,8,20,20,20,20,20,0,20,20,10,20,20,10,8,8,9,8,9,0,0,0,0,0,0,0,0,0,2,7,1,3,20,20,20,20,10,10,7,7,8,9,8,0,1,0,30,10,10,10,10,30,8,7,8,9,8
0,2,15,19,14,9,9,0,0.79,0,30,1,30,25,20,15,5,5,0,5,9,9,9,9,9,7,2,2,26,3,2,4,2,2,7,2,3,1,3,5,8,7,7,2,5,7,8,8,9,9,8,8,8,3,4,15,10,30,10,15,20,40,5,10,20,10,15,7,8,9,9,9,0,7,8,8,6,8,6,6,6,2,7,3,3,15,20,20,15,15,15,7,8,8,7,8,0,1,1,15,20,20,15,10,20,7,8,8,7,7
0,2,15,19,2,8,5,1,0.47,1,31,2,35,0,25,20,0,20,1,7,5,7,7,7,3,6,7,2,21,1,2,1,1,2,3,1,1,7,8,5,8,7,7,10,2,1,10,7,8,8,10,10,7,8,7,20,30,20,20,0,10,50,0,10,15,15,10,8,10,9,7,5,1,7,10,10,2,8,3,7,7,2,7,1,2,10,50,15,15,0,10,8,10,8,10,6,0,3,0,10,50,20,20,0,0,8,10,8,10,6
0,2,15,19,2,14,6,0,-0.05,0,29,4,25,20,15,25,10,5,1,8,7,6,8,6,7,7,5,2,21,1,2,1,1,2,3,1,1,7,8,5,8,7,7,10,2,1,10,7,8,8,10,10,7,8,7,20,30,20,20,0,10,50,0,10,15,15,10,8,10,9,7,5,0,4,10,8,5,10,3,6,6,2,7,1,2,10,50,15,15,0,10,8,10,8,10,6,0,3,0,10,50,20,20,0,0,8,10,8,10,6
0,2,15,19,2,4,10,0,0.33,0,27,4,20,20,20,20,20,0,1,6,6,7,9,7,3,7,5,2,21,1,2,1,1,2,3,1,1,7,8,5,8,7,7,10,2,1,10,7,8,8,10,10,7,8,7,20,30,20,20,0,10,50,0,10,15,15,10,8,10,9,7,5,0,4,10,10,10,10,10,8,7,2,7,1,2,10,50,15,15,0,10,8,10,8,10,6,0,3,0,10,50,20,20,0,0,8,10,8,10,6
0,2,15,19,2,17,11,0,0.7,1,24,2,30,15,15,15,15,10,0,6,7,8,8,6,4,5,6,2,21,1,2,1,1,2,3,1,1,7,8,5,8,7,7,10,2,1,10,7,8,8,10,10,7,8,7,20,30,20,20,0,10,50,0,10,15,15,10,8,10,9,7,5,0,9,10,6,6,6,6,6,6,2,7,1,2,10,50,15,15,0,10,8,10,8,10,6,0,3,0,10,50,20,20,0,0,8,10,8,10,6
0,2,15,19,2,15,12,1,0.32,0,24,3,20,10,20,20,10,20,1,7,7,8,8,7,8,7,8,2,21,1,2,1,1,2,3,1,1,7,8,5,8,7,7,10,2,1,10,7,8,8,10,10,7,8,7,20,30,20,20,0,10,50,0,10,15,15,10,8,10,9,7,5,1,9,10,10,10,10,10,9,10,2,7,1,2,10,50,15,15,0,10,8,10,8,10,6,0,3,0,10,50,20,20,0,0,8,10,8,10,6
0,2,15,19,2,10,18,0,-0.01,1,29,2,95,1,1,1,1,1,1,10,10,10,10,10,5,9,5,2,21,1,2,1,1,2,3,1,1,7,8,5,8,7,7,10,2,1,10,7,8,8,10,10,7,8,7,20,30,20,20,0,10,50,0,10,15,15,10,8,10,9,7,5,0,8,10,10,6,10,2,6,7,2,7,1,2,10,50,15,15,0,10,8,10,8,10,6,0,3,0,10,50,20,20,0,0,8,10,8,10,6
0,2,15,19,10,7,1,0,0.35,1,24,2,20,21,21,22,6,10,1,9,9,8,9,8,8,9,7,2,28,6,2,1,5,1,4,1,6,8,1,6,8,6,7,9,1,9,9,1,3,5,5,5,4,2,4,35,0,35,10,10,10,80,0,0,20,0,0,8,9,9,9,7,0,5,9,5,3,6,3,3,5,2,4,1,3,60,0,30,10,0,0,7,9,8,8,6,1,0,1,40,0,20,20,0,20,7,8,8,8,7
0,2,15,19,10,3,6,0,0.4,0,29,4,25,20,15,25,10,5,1,8,7,5,6,4,8,7,4,2,28,6,2,1,5,1,4,1,6,8,1,6,8,6,7,9,1,9,9,1,3,5,5,5,4,2,4,35,0,35,10,10,10,80,0,0,20,0,0,8,9,9,9,7,0,5,8,6,5,9,3,5,7,2,4,1,3,60,0,30,10,0,0,7,9,8,8,6,1,0,1,40,0,20,20,0,20,7,8,8,8,7
0,2,15,19,10,5,9,0,0.17,0,30,1,30,25,20,15,5,5,1,7,7,10,10,7,3,9,5,2,28,6,2,1,5,1,4,1,6,8,1,6,8,6,7,9,1,9,9,1,3,5,5,5,4,2,4,35,0,35,10,10,10,80,0,0,20,0,0,8,9,9,9,7,0,5,8,7,5,8,3,6,6,2,4,1,3,60,0,30,10,0,0,7,9,8,8,6,1,0,1,40,0,20,20,0,20,7,8,8,8,7
0,2,15,19,10,6,11,0,0.34,1,24,2,30,15,15,15,15,10,0,6,7,6,6,7,8,6,6,2,28,6,2,1,5,1,4,1,6,8,1,6,8,6,7,9,1,9,9,1,3,5,5,5,4,2,4,35,0,35,10,10,10,80,0,0,20,0,0,8,9,9,9,7,0,6,10,9,7,8,5,6,7,2,4,1,3,60,0,30,10,0,0,7,9,8,8,6,1,0,1,40,0,20,20,0,20,7,8,8,8,7
0,2,15,19,10,4,12,0,0.09,0,24,3,20,10,20,20,10,20,0,6,7,8,8,7,7,8,8,2,28,6,2,1,5,1,4,1,6,8,1,6,8,6,7,9,1,9,9,1,3,5,5,5,4,2,4,35,0,35,10,10,10,80,0,0,20,0,0,8,9,9,9,7,0,5,5,6,6,9,5,6,8,2,4,1,3,60,0,30,10,0,0,7,9,8,8,6,1,0,1,40,0,20,20,0,20,7,8,8,8,7
0,2,15,19,10,14,13,0,0.55,1,23,2,20,15,20,20,10,15,0,7,8,8,7,6,7,6,6,2,28,6,2,1,5,1,4,1,6,8,1,6,8,6,7,9,1,9,9,1,3,5,5,5,4,2,4,35,0,35,10,10,10,80,0,0,20,0,0,8,9,9,9,7,0,8,6,6,7,6,5,5,6,2,4,1,3,60,0,30,10,0,0,7,9,8,8,6,1,0,1,40,0,20,20,0,20,7,8,8,8,7
0,2,15,19,10,1,14,1,0.08,1,27,2,20,20,20,20,10,10,1,7,8,8,4,5,8,7,3,2,28,6,2,1,5,1,4,1,6,8,1,6,8,6,7,9,1,9,9,1,3,5,5,5,4,2,4,35,0,35,10,10,10,80,0,0,20,0,0,8,9,9,9,7,1,7,9,8,8,6,6,7,8,2,4,1,3,60,0,30,10,0,0,7,9,8,8,6,1,0,1,40,0,20,20,0,20,7,8,8,8,7
0,2,15,19,10,10,15,0,0.11,1,34,2,35,15,15,25,10,0,0,6,7,8,6,6,5,5,6,2,28,6,2,1,5,1,4,1,6,8,1,6,8,6,7,9,1,9,9,1,3,5,5,5,4,2,4,35,0,35,10,10,10,80,0,0,20,0,0,8,9,9,9,7,0,7,8,7,6,7,6,6,7,2,4,1,3,60,0,30,10,0,0,7,9,8,8,6,1,0,1,40,0,20,20,0,20,7,8,8,8,7
0,2,15,19,10,9,16,0,-0.24,1,27,2,75,5,5,5,5,5,1,8,8,8,9,10,10,6,8,2,28,6,2,1,5,1,4,1,6,8,1,6,8,6,7,9,1,9,9,1,3,5,5,5,4,2,4,35,0,35,10,10,10,80,0,0,20,0,0,8,9,9,9,7,0,5,5,5,5,5,5,5,5,2,4,1,3,60,0,30,10,0,0,7,9,8,8,6,1,0,1,40,0,20,20,0,20,7,8,8,8,7
0,2,15,19,10,8,17,0,-0.4,1,26,2,10,10,30,30,5,15,0,7,6,7,7,6,6,6,5,2,28,6,2,1,5,1,4,1,6,8,1,6,8,6,7,9,1,9,9,1,3,5,5,5,4,2,4,35,0,35,10,10,10,80,0,0,20,0,0,8,9,9,9,7,0,5,6,5,5,6,5,6,6,2,4,1,3,60,0,30,10,0,0,7,9,8,8,6,1,0,1,40,0,20,20,0,20,7,8,8,8,7
0,2,15,19,10,18,18,0,0.07,1,29,2,95,1,1,1,1,1,1,8,6,7,6,7,5,6,2,2,28,6,2,1,5,1,4,1,6,8,1,6,8,6,7,9,1,9,9,1,3,5,5,5,4,2,4,35,0,35,10,10,10,80,0,0,20,0,0,8,9,9,9,7,0,6,6,6,6,6,4,5,5,2,4,1,3,60,0,30,10,0,0,7,9,8,8,6,1,0,1,40,0,20,20,0,20,7,8,8,8,7
0,2,15,19,10,11,19,0,0.37,1,31,2,10,20,40,10,10,10,1,5,5,5,5,5,5,5,5,2,28,6,2,1,5,1,4,1,6,8,1,6,8,6,7,9,1,9,9,1,3,5,5,5,4,2,4,35,0,35,10,10,10,80,0,0,20,0,0,8,9,9,9,7,0,6,8,6,6,6,5,5,10,2,4,1,3,60,0,30,10,0,0,7,9,8,8,6,1,0,1,40,0,20,20,0,20,7,8,8,8,7
0,2,15,19,1,17,1,0,0.1,1,24,2,20,21,21,22,6,10,1,7,9,8,8,8,9,8,7,2,24,6,2,1,6,2,4,2,6,3,1,4,9,8,8,10,1,1,10,6,9,9,8,7,7,2,6,18,19,16,15,15,17,20,20,15,15,15,15,9,8,7,7,7,0,5,8,8,7,7,7,7,6,2,7,1,2,20,20,20,10,10,20,8,8,7,7,8,0,0,0,20,20,20,10,10,20,8,7,7,6,7
0,2,15,19,1,10,4,0,0.27,1,26,2,70,5,20,3,1,1,0,4,7,7,6,6,5,5,7,2,24,6,2,1,6,2,4,2,6,3,1,4,9,8,8,10,1,1,10,6,9,9,8,7,7,2,6,18,19,16,15,15,17,20,20,15,15,15,15,9,8,7,7,7,1,8,8,7,8,9,8,8.5,7,2,7,1,2,20,20,20,10,10,20,8,8,7,7,8,0,0,0,20,20,20,10,10,20,8,7,7,6,7
0,2,15,19,1,13,6,0,0.17,0,29,4,25,20,15,25,10,5,1,6,7,6,7,6,7,6,4,2,24,6,2,1,6,2,4,2,6,3,1,4,9,8,8,10,1,1,10,6,9,9,8,7,7,2,6,18,19,16,15,15,17,20,20,15,15,15,15,9,8,7,7,7,0,5,9,9,7,7,8,7,7,2,7,1,2,20,20,20,10,10,20,8,8,7,7,8,0,0,0,20,20,20,10,10,20,8,7,7,6,7
0,2,15,19,1,15,9,0,0.4,0,30,1,30,25,20,15,5,5,0,6,10,10,10,9,9,8,5,2,24,6,2,1,6,2,4,2,6,3,1,4,9,8,8,10,1,1,10,6,9,9,8,7,7,2,6,18,19,16,15,15,17,20,20,15,15,15,15,9,8,7,7,7,0,5,7,8,6,7,5,6,5,2,7,1,2,20,20,20,10,10,20,8,8,7,7,8,0,0,0,20,20,20,10,10,20,8,7,7,6,7
0,2,15,19,1,3,10,0,0.39,0,27,4,20,20,20,20,20,0,0,4,2,3,3,1,0,3,0,2,24,6,2,1,6,2,4,2,6,3,1,4,9,8,8,10,1,1,10,6,9,9,8,7,7,2,6,18,19,16,15,15,17,20,20,15,15,15,15,9,8,7,7,7,0,5,8,8,8,8,4,7,7,2,7,1,2,20,20,20,10,10,20,8,8,7,7,8,0,0,0,20,20,20,10,10,20,8,7,7,6,7
0,2,15,19,1,16,11,0,0.78,1,24,2,30,15,15,15,15,10,0,6,8,8,7,7,9,7,6,2,24,6,2,1,6,2,4,2,6,3,1,4,9,8,8,10,1,1,10,6,9,9,8,7,7,2,6,18,19,16,15,15,17,20,20,15,15,15,15,9,8,7,7,7,0,6,9,8,6,7,7,7,3,2,7,1,2,20,20,20,10,10,20,8,8,7,7,8,0,0,0,20,20,20,10,10,20,8,7,7,6,7
0,2,15,19,1,14,12,0,0.15,0,24,3,20,10,20,20,10,20,0,5,5,9,8,7,5,5,5,2,24,6,2,1,6,2,4,2,6,3,1,4,9,8,8,10,1,1,10,6,9,9,8,7,7,2,6,18,19,16,15,15,17,20,20,15,15,15,15,9,8,7,7,7,0,7,7,8,7,7,5,6,2,2,7,1,2,20,20,20,10,10,20,8,8,7,7,8,0,0,0,20,20,20,10,10,20,8,7,7,6,7
0,2,15,19,1,5,13,0,0.35,1,23,2,20,15,20,20,10,15,0,6,9,9,7,8,4,6,5,2,24,6,2,1,6,2,4,2,6,3,1,4,9,8,8,10,1,1,10,6,9,9,8,7,7,2,6,18,19,16,15,15,17,20,20,15,15,15,15,9,8,7,7,7,0,4,9,8,7,6,6,7,8,2,7,1,2,20,20,20,10,10,20,8,8,7,7,8,0,0,0,20,20,20,10,10,20,8,7,7,6,7
0,2,15,19,1,11,14,0,-0.22,1,27,2,20,20,20,20,10,10,0,5,10,7,3,5,2,1,5,2,24,6,2,1,6,2,4,2,6,3,1,4,9,8,8,10,1,1,10,6,9,9,8,7,7,2,6,18,19,16,15,15,17,20,20,15,15,15,15,9,8,7,7,7,1,7,8,8,6,7,7,7,8,2,7,1,2,20,20,20,10,10,20,8,8,7,7,8,0,0,0,20,20,20,10,10,20,8,7,7,6,7
0,2,15,19,1,1,15,0,0.4,1,34,2,35,15,15,25,10,0,0,6,9,8,7,4,5,6,7,2,24,6,2,1,6,2,4,2,6,3,1,4,9,8,8,10,1,1,10,6,9,9,8,7,7,2,6,18,19,16,15,15,17,20,20,15,15,15,15,9,8,7,7,7,0,9.5,7,7,8,9,6,7,6,2,7,1,2,20,20,20,10,10,20,8,8,7,7,8,0,0,0,20,20,20,10,10,20,8,7,7,6,7
0,2,15,19,1,19,16,0,-0.34,1,27,2,75,5,5,5,5,5,0,7,6,6,6,6,6,6,6,2,24,6,2,1,6,2,4,2,6,3,1,4,9,8,8,10,1,1,10,6,9,9,8,7,7,2,6,18,19,16,15,15,17,20,20,15,15,15,15,9,8,7,7,7,0,5,8,9,8,7,8,8,7,2,7,1,2,20,20,20,10,10,20,8,8,7,7,8,0,0,0,20,20,20,10,10,20,8,7,7,6,7
0,2,15,19,1,18,17,0,0.18,1,26,2,10,10,30,30,5,15,0,6,8,7,6,6,6,6,5,2,24,6,2,1,6,2,4,2,6,3,1,4,9,8,8,10,1,1,10,6,9,9,8,7,7,2,6,18,19,16,15,15,17,20,20,15,15,15,15,9,8,7,7,7,0,7,8,8,6,7,7,7,5,2,7,1,2,20,20,20,10,10,20,8,8,7,7,8,0,0,0,20,20,20,10,10,20,8,7,7,6,7
0,2,15,19,1,9,18,0,-0.26,1,29,2,95,1,1,1,1,1,1,7,8,6,5,6,1,7,2,2,24,6,2,1,6,2,4,2,6,3,1,4,9,8,8,10,1,1,10,6,9,9,8,7,7,2,6,18,19,16,15,15,17,20,20,15,15,15,15,9,8,7,7,7,0,4,6,7,5,9,2,3,1,2,7,1,2,20,20,20,10,10,20,8,8,7,7,8,0,0,0,20,20,20,10,10,20,8,7,7,6,7
0,2,15,19,1,2,19,0,0.53,1,31,2,10,20,40,10,10,10,1,5,5,5,5,5,5,5,5,2,24,6,2,1,6,2,4,2,6,3,1,4,9,8,8,10,1,1,10,6,9,9,8,7,7,2,6,18,19,16,15,15,17,20,20,15,15,15,15,9,8,7,7,7,0,6,6,8,4,10,1,2,1,2,7,1,2,20,20,20,10,10,20,8,8,7,7,8,0,0,0,20,20,20,10,10,20,8,7,7,6,7
0,2,15,19,11,8,1,0,0.28,1,24,2,20,21,21,22,6,10,0,8,8,7,8,7,7,7,6,2,33,6,2,1,2,3,4,2,6,3,4,4,10,8,8,6,1,8,9,3,10,10,7,9,7,8,4,20,20,20,10,10,20,30,20,10,20,10,10,8,8,7,9,7,0,4,6,6,6,6,7,6,6,2,5,3,2,30,15,20,15,10,10,9,10,9,8,8,0,1,0,40,10,25,10,10,5,9,10,9,9,7
0,2,15,19,11,4,6,0,-0.02,0,29,4,25,20,15,25,10,5,0,6,7,5,6,5,4,4,2,2,33,6,2,1,2,3,4,2,6,3,4,4,10,8,8,6,1,8,9,3,10,10,7,9,7,8,4,20,20,20,10,10,20,30,20,10,20,10,10,8,8,7,9,7,0,5,10,9,8,8,8,8,8,2,5,3,2,30,15,20,15,10,10,9,10,9,8,8,0,1,0,40,10,25,10,10,5,9,10,9,9,7
0,2,15,19,11,7,11,0,0.54,1,24,2,30,15,15,15,15,10,0,6,7,8,7,7,7,6,5,2,33,6,2,1,2,3,4,2,6,3,4,4,10,8,8,6,1,8,9,3,10,10,7,9,7,8,4,20,20,20,10,10,20,30,20,10,20,10,10,8,8,7,9,7,1,6,9,8,6,6,9,7,7,2,5,3,2,30,15,20,15,10,10,9,10,9,8,8,0,1,0,40,10,25,10,10,5,9,10,9,9,7
0,2,15,19,11,9,17,0,0.07,1,26,2,10,10,30,30,5,15,0,6,7,6,6,6,6,6,5,2,33,6,2,1,2,3,4,2,6,3,4,4,10,8,8,6,1,8,9,3,10,10,7,9,7,8,4,20,20,20,10,10,20,30,20,10,20,10,10,8,8,7,9,7,1,7,9,8,8,9,8,8,8,2,5,3,2,30,15,20,15,10,10,9,10,9,8,8,0,1,0,40,10,25,10,10,5,9,10,9,9,7
0,2,15,19,11,19,18,0,-0.61,1,29,2,95,1,1,1,1,1,1,7,8,8,7,8,6,7,1,2,33,6,2,1,2,3,4,2,6,3,4,4,10,8,8,6,1,8,9,3,10,10,7,9,7,8,4,20,20,20,10,10,20,30,20,10,20,10,10,8,8,7,9,7,0,7,8,8,7,8,6,7,6,2,5,3,2,30,15,20,15,10,10,9,10,9,8,8,0,1,0,40,10,25,10,10,5,9,10,9,9,7
1,2,15,18,7,4,1,0,0.36,1,38,2,15,15,20,15,15,20,0,7,9,9,7,8,8,8,3,2,24,1,2,3,2,2,5,2,1,9,8,8,6,7,7,6,2,6,7,5,7,8,4,7,5,1,6,20,21,21,22,6,10,18,28,17,23,6,8,7,7,7,10,9,1,8,8,8,9,9,7,9,8,2,8,1,3,19,20,20,20,10,11,7,8,10,7,9,1,1,1,20,20,20,20,9,11,7,8,10,8,10
1,2,15,18,4,1,2,0,0.41,0,33,1,20,20,20,15,15,10,1,4,7,7,5,7,7,6,5,2,24,1,2,3,2,2,5,2,1,9,8,8,6,7,7,6,2,6,7,5,7,8,4,7,5,1,6,20,21,21,22,6,10,18,28,17,23,6,8,7,7,7,10,9,0,6,8,8,7,7,7,6,6,2,8,1,3,19,20,20,20,10,11,7,8,10,7,9,1,1,1,20,20,20,20,9,11,7,8,10,8,10
1,2,15,18,5,2,3,0,0.02,1,24,2,20,10,20,35,5,10,0,5,8,9,4,9,3,7,5,2,24,1,2,3,2,2,5,2,1,9,8,8,6,7,7,6,2,6,7,5,7,8,4,7,5,1,6,20,21,21,22,6,10,18,28,17,23,6,8,7,7,7,10,9,0,7,6,6,6,6,5,5,4,2,8,1,3,19,20,20,20,10,11,7,8,10,7,9,1,1,1,20,20,20,20,9,11,7,8,10,8,10
1,2,15,18,17,14,4,0,-0.12,1,28,2,25,25,25,10,10,5,0,5,5,5,5,5,5,5,5,2,24,1,2,3,2,2,5,2,1,9,8,8,6,7,7,6,2,6,7,5,7,8,4,7,5,1,6,20,21,21,22,6,10,18,28,17,23,6,8,7,7,7,10,9,1,7,8,8,8,7,8,8,7,2,8,1,3,19,20,20,20,10,11,7,8,10,7,9,1,1,1,20,20,20,20,9,11,7,8,10,8,10
1,2,15,18,16,13,6,0,0.53,1,23,2,20,20,20,20,20,0,0,7,10,10,4,10,4,3,8,2,24,1,2,3,2,2,5,2,1,9,8,8,6,7,7,6,2,6,7,5,7,8,4,7,5,1,6,20,21,21,22,6,10,18,28,17,23,6,8,7,7,7,10,9,1,7,8,8,9,8,9,8,8,2,8,1,3,19,20,20,20,10,11,7,8,10,7,9,1,1,1,20,20,20,20,9,11,7,8,10,8,10
1,2,15,18,13,10,9,0,0.26,1,25,2,20,15,25,15,15,10,0,7,8,8,7,8,7,7,7,2,24,1,2,3,2,2,5,2,1,9,8,8,6,7,7,6,2,6,7,5,7,8,4,7,5,1,6,20,21,21,22,6,10,18,28,17,23,6,8,7,7,7,10,9,1,10,9,9,9,8,8,9,8,2,8,1,3,19,20,20,20,10,11,7,8,10,7,9,1,1,1,20,20,20,20,9,11,7,8,10,8,10
1,2,15,18,9,6,10,0,0.35,1,24,2,22,17,15,15,15,16,0,4,8,8,6,8,6,4,4,2,24,1,2,3,2,2,5,2,1,9,8,8,6,7,7,6,2,6,7,5,7,8,4,7,5,1,6,20,21,21,22,6,10,18,28,17,23,6,8,7,7,7,10,9,1,9,9,9,8,9,7,8,7,2,8,1,3,19,20,20,20,10,11,7,8,10,7,9,1,1,1,20,20,20,20,9,11,7,8,10,8,10
1,2,15,18,10,7,13,0,0.35,1,28,2,35,0,35,10,10,10,0,5,9,5,3,6,3,3,5,2,24,1,2,3,2,2,5,2,1,9,8,8,6,7,7,6,2,6,7,5,7,8,4,7,5,1,6,20,21,21,22,6,10,18,28,17,23,6,8,7,7,7,10,9,1,9,9,8,9,8,8,9,7,2,8,1,3,19,20,20,20,10,11,7,8,10,7,9,1,1,1,20,20,20,20,9,11,7,8,10,8,10
1,2,15,18,15,12,14,0,0.29,1,26,2,15,20,15,30,10,10,0,2,2,2,2,5,2,2,1,2,24,1,2,3,2,2,5,2,1,9,8,8,6,7,7,6,2,6,7,5,7,8,4,7,5,1,6,20,21,21,22,6,10,18,28,17,23,6,8,7,7,7,10,9,1,7,8,8,8,7,7,7,6,2,8,1,3,19,20,20,20,10,11,7,8,10,7,9,1,1,1,20,20,20,20,9,11,7,8,10,8,10
1,2,15,18,3,18,15,1,0.08,1,22,2,8,20,25,25,12,10,1,8,8,8,8,7,7,8,7,2,24,1,2,3,2,2,5,2,1,9,8,8,6,7,7,6,2,6,7,5,7,8,4,7,5,1,6,20,21,21,22,6,10,18,28,17,23,6,8,7,7,7,10,9,1,6,9,8,8,8,7,7,6,2,8,1,3,19,20,20,20,10,11,7,8,10,7,9,1,1,1,20,20,20,20,9,11,7,8,10,8,10
1,2,15,18,1,16,16,0,0.1,1,24,2,18,19,16,15,15,17,0,5,8,8,7,7,7,7,6,2,24,1,2,3,2,2,5,2,1,9,8,8,6,7,7,6,2,6,7,5,7,8,4,7,5,1,6,20,21,21,22,6,10,18,28,17,23,6,8,7,7,7,10,9,1,7,9,8,8,8,9,8,7,2,8,1,3,19,20,20,20,10,11,7,8,10,7,9,1,1,1,20,20,20,20,9,11,7,8,10,8,10
1,2,15,18,11,8,17,0,0.28,1,33,2,20,20,20,10,10,20,0,4,6,6,6,6,7,6,6,2,24,1,2,3,2,2,5,2,1,9,8,8,6,7,7,6,2,6,7,5,7,8,4,7,5,1,6,20,21,21,22,6,10,18,28,17,23,6,8,7,7,7,10,9,0,8,8,7,8,7,7,7,6,2,8,1,3,19,20,20,20,10,11,7,8,10,7,9,1,1,1,20,20,20,20,9,11,7,8,10,8,10
1,2,15,18,6,3,18,0,-0.11,0,25,4,15,18,18,18,15,16,1,7,8,9,6,8,7,6,6,2,24,1,2,3,2,2,5,2,1,9,8,8,6,7,7,6,2,6,7,5,7,8,4,7,5,1,6,20,21,21,22,6,10,18,28,17,23,6,8,7,7,7,10,9,0,6,8,8,8,7,7,7,6,2,8,1,3,19,20,20,20,10,11,7,8,10,7,9,1,1,1,20,20,20,20,9,11,7,8,10,8,10
1,2,15,18,2,7,11,1,0.47,1,21,2,20,30,20,20,0,10,1,7,10,10,2,8,3,7,7,2,31,8,2,1,1,2,4,1,7,10,1,4,8,8,8,8,2,5,5,1,8,8,10,10,7,3,9,35,0,25,20,0,20,25,10,30,10,0,25,8,5,7,10,5,1,7,5,7,7,7,3,6,7,2,2,3,3,50,0,25,20,0,5,8,5,10,7,5,1,0,0,60,0,20,20,0,0,8,2,10,8,5
1,2,15,18,6,11,18,0,0.11,0,25,4,15,18,18,18,15,16,0,7,9,8,5,8,3,4,1,2,31,8,2,1,1,2,4,1,7,10,1,4,8,8,8,8,2,5,5,1,8,8,10,10,7,3,9,35,0,25,20,0,20,25,10,30,10,0,25,8,5,7,10,5,0,1,6,8,4,4,5,3,6,2,2,3,3,50,0,25,20,0,5,8,5,10,7,5,1,0,0,60,0,20,20,0,0,8,2,10,8,5
1,2,15,18,7,18,1,1,0.14,0,38,2,15,15,20,15,15,20,1,7,9,9,8,9,5,8,2,2,29,2,4,1,1,3,4,2,7,10,2,6,9,6,6,9,7,4,3,3,5,8,4,4,6,9,6,25,20,15,25,10,5,25,20,10,20,10,15,6,8,7,10,9,1,6,8,6,7,7,7,7,3,2,7,1,3,15,25,20,15,15,10,6,7,10,7,9,0,0,0,20,25,20,15,15,5,6,8,9,7,8
1,2,15,18,4,15,2,0,-0.14,0,33,1,20,20,20,15,15,10,0,4,5,7,3,7,2,3,1,2,29,2,4,1,1,3,4,2,7,10,2,6,9,6,6,9,7,4,3,3,5,8,4,4,6,9,6,25,20,15,25,10,5,25,20,10,20,10,15,6,8,7,10,9,0,6,7,7,6,7,4,4,3,2,7,1,3,15,25,20,15,15,10,6,7,10,7,9,0,0,0,20,25,20,15,15,5,6,8,9,7,8
1,2,15,18,5,16,3,0,-0.09,0,24,2,20,10,20,35,5,10,0,6,8,8,8,9,5,7,4,2,29,2,4,1,1,3,4,2,7,10,2,6,9,6,6,9,7,4,3,3,5,8,4,4,6,9,6,25,20,15,25,10,5,25,20,10,20,10,15,6,8,7,10,9,1,6,7,6,7,7,8,6,4,2,7,1,3,15,25,20,15,15,10,6,7,10,7,9,0,0,0,20,25,20,15,15,5,6,8,9,7,8
1,2,15,18,17,10,4,0,0.11,0,28,2,25,25,25,10,10,5,0,6,7,8,9,10,7,6,5,2,29,2,4,1,1,3,4,2,7,10,2,6,9,6,6,9,7,4,3,3,5,8,4,4,6,9,6,25,20,15,25,10,5,25,20,10,20,10,15,6,8,7,10,9,1,6,7,5,4,6,6,6,6,2,7,1,3,15,25,20,15,15,10,6,7,10,7,9,0,0,0,20,25,20,15,15,5,6,8,9,7,8
1,2,15,18,16,9,6,0,0.17,0,23,2,20,20,20,20,20,0,0,6,10,9,4,8,4,4,4,2,29,2,4,1,1,3,4,2,7,10,2,6,9,6,6,9,7,4,3,3,5,8,4,4,6,9,6,25,20,15,25,10,5,25,20,10,20,10,15,6,8,7,10,9,1,7,7,6,6,6,8,7,5,2,7,1,3,15,25,20,15,15,10,6,7,10,7,9,0,0,0,20,25,20,15,15,5,6,8,9,7,8
1,2,15,18,12,5,7,0,0.34,0,25,2,25,20,20,20,10,5,0,5,7,9,9,8,5,6,4,2,29,2,4,1,1,3,4,2,7,10,2,6,9,6,6,9,7,4,3,3,5,8,4,4,6,9,6,25,20,15,25,10,5,25,20,10,20,10,15,6,8,7,10,9,0,6,8,5,6,5,3,3,4,2,7,1,3,15,25,20,15,15,10,6,7,10,7,9,0,0,0,20,25,20,15,15,5,6,8,9,7,8
1,2,15,18,13,6,9,0,-0.22,0,25,2,20,15,25,15,15,10,0,6,8,8,7,8,7,6,7,2,29,2,4,1,1,3,4,2,7,10,2,6,9,6,6,9,7,4,3,3,5,8,4,4,6,9,6,25,20,15,25,10,5,25,20,10,20,10,15,6,8,7,10,9,1,9,7,8,6,7,5,8,5,2,7,1,3,15,25,20,15,15,10,6,7,10,7,9,0,0,0,20,25,20,15,15,5,6,8,9,7,8
1,2,15,18,9,2,10,0,0.17,0,24,2,22,17,15,15,15,16,0,3,8,8,8,8,7,2,2,2,29,2,4,1,1,3,4,2,7,10,2,6,9,6,6,9,7,4,3,3,5,8,4,4,6,9,6,25,20,15,25,10,5,25,20,10,20,10,15,6,8,7,10,9,1,7,7,5,7,5,7,6,4,2,7,1,3,15,25,20,15,15,10,6,7,10,7,9,0,0,0,20,25,20,15,15,5,6,8,9,7,8
1,2,15,18,2,13,11,0,-0.05,0,21,2,20,30,20,20,0,10,0,4,10,8,5,10,3,6,6,2,29,2,4,1,1,3,4,2,7,10,2,6,9,6,6,9,7,4,3,3,5,8,4,4,6,9,6,25,20,15,25,10,5,25,20,10,20,10,15,6,8,7,10,9,1,8,7,6,8,6,7,7,5,2,7,1,3,15,25,20,15,15,10,6,7,10,7,9,0,0,0,20,25,20,15,15,5,6,8,9,7,8
1,2,15,18,10,3,13,0,0.4,0,28,2,35,0,35,10,10,10,0,5,8,6,5,9,3,5,7,2,29,2,4,1,1,3,4,2,7,10,2,6,9,6,6,9,7,4,3,3,5,8,4,4,6,9,6,25,20,15,25,10,5,25,20,10,20,10,15,6,8,7,10,9,1,8,7,5,6,4,8,7,4,2,7,1,3,15,25,20,15,15,10,6,7,10,7,9,0,0,0,20,25,20,15,15,5,6,8,9,7,8
1,2,15,18,15,8,14,0,0.12,0,26,2,15,20,15,30,10,10,0,2,8,9,4,10,3,4,2,2,29,2,4,1,1,3,4,2,7,10,2,6,9,6,6,9,7,4,3,3,5,8,4,4,6,9,6,25,20,15,25,10,5,25,20,10,20,10,15,6,8,7,10,9,0,6,8,6,5,6,5,5,5,2,7,1,3,15,25,20,15,15,10,6,7,10,7,9,0,0,0,20,25,20,15,15,5,6,8,9,7,8
1,2,15,18,3,14,15,0,-0.18,0,22,2,8,20,25,25,12,10,0,6,8,7,6,7,6,6,5,2,29,2,4,1,1,3,4,2,7,10,2,6,9,6,6,9,7,4,3,3,5,8,4,4,6,9,6,25,20,15,25,10,5,25,20,10,20,10,15,6,8,7,10,9,0,6,8,6,6,6,6,4,6,2,7,1,3,15,25,20,15,15,10,6,7,10,7,9,0,0,0,20,25,20,15,15,5,6,8,9,7,8
1,2,15,18,1,12,16,0,0.17,0,24,2,18,19,16,15,15,17,0,5,9,9,7,7,8,7,7,2,29,2,4,1,1,3,4,2,7,10,2,6,9,6,6,9,7,4,3,3,5,8,4,4,6,9,6,25,20,15,25,10,5,25,20,10,20,10,15,6,8,7,10,9,1,6,7,6,7,6,7,6,4,2,7,1,3,15,25,20,15,15,10,6,7,10,7,9,0,0,0,20,25,20,15,15,5,6,8,9,7,8
1,2,15,18,11,4,17,0,-0.02,0,33,2,20,20,20,10,10,20,0,5,10,9,8,8,8,8,8,2,29,2,4,1,1,3,4,2,7,10,2,6,9,6,6,9,7,4,3,3,5,8,4,4,6,9,6,25,20,15,25,10,5,25,20,10,20,10,15,6,8,7,10,9,0,6,7,5,6,5,4,4,2,2,7,1,3,15,25,20,15,15,10,6,7,10,7,9,0,0,0,20,25,20,15,15,5,6,8,9,7,8
1,2,15,18,6,17,18,0,-0.41,1,25,4,15,18,18,18,15,16,0,6,9,9,6,9,2,3,1,2,29,2,4,1,1,3,4,2,7,10,2,6,9,6,6,9,7,4,3,3,5,8,4,4,6,9,6,25,20,15,25,10,5,25,20,10,20,10,15,6,8,7,10,9,1,6,7,6,6,6,7,5,5,2,7,1,3,15,25,20,15,15,10,6,7,10,7,9,0,0,0,20,25,20,15,15,5,6,8,9,7,8
1,2,15,18,17,1,4,1,-0.16,1,28,2,25,25,25,10,10,5,1,8,8,8,6,8,4,6,5,2,23,5,2,1,4,2,5,2,7,10,5,8,10,8,8,9,7,9,8,4,5,8,7,8,6,3,7,25,14,25,25,3,8,10,16,24,24,20,6,6,9,7,8,8,1,7,7,7,5,5,5,8,4,2,5,1,3,27,10,25,25,6,7,7,9,9,8,8,0,2,1,22,25,22,22,5,4,8,8,9,8,9
1,2,15,18,7,3,1,0,0.72,1,38,2,15,15,20,15,15,20,1,7,9,8,7,7,9,8,3,2,24,14,2,1,1,3,4,2,6,8,4,7,9,9,9,7,4,2,9,5,7,10,9,9,7,7,5,30,15,15,15,15,10,50,10,10,10,10,10,7,9,8,7,8,0,7,6,7,6,9,8,7,5,2,6,3,1,40,10,20,10,10,10,7,8,8,7,9,1,0,0,50,10,10,10,10,10,7,8,8,6,8
1,2,15,18,4,18,2,0,0.39,0,33,1,20,20,20,15,15,10,1,5,7,7,7,7,7,5,2,1,24,14,2,1,1,3,4,2,6,8,4,7,9,9,9,7,4,2,9,5,7,10,9,9,7,7,5,30,15,15,15,15,10,50,10,10,10,10,10,7,9,8,7,8,0,6,7,7,6,7,10,7,5,1,6,3,1,40,10,20,10,10,10,7,8,8,7,9,1,0,0,50,10,10,10,10,10,7,8,8,6,8
1,2,15,18,5,1,3,0,0.6,1,24,2,20,10,20,35,5,10,1,10,10,10,10,10,10,10,10,1,24,14,2,1,1,3,4,2,6,8,4,7,9,9,9,7,4,2,9,5,7,10,9,9,7,7,5,30,15,15,15,15,10,50,10,10,10,10,10,7,9,8,7,8,0,10,10,10,10,10,10,10,5,1,6,3,1,40,10,20,10,10,10,7,8,8,7,9,1,0,0,50,10,10,10,10,10,7,8,8,6,8
1,2,15,18,17,13,4,0,0.64,1,28,2,25,25,25,10,10,5,1,10,10,10,10,10,10,10,10,1,24,14,2,1,1,3,4,2,6,8,4,7,9,9,9,7,4,2,9,5,7,10,9,9,7,7,5,30,15,15,15,15,10,50,10,10,10,10,10,7,9,8,7,8,0,10,10,10,10,10,10,10,10,1,6,3,1,40,10,20,10,10,10,7,8,8,7,9,1,0,0,50,10,10,10,10,10,7,8,8,6,8
1,2,15,18,16,12,6,1,0.44,1,23,2,20,20,20,20,20,0,1,9,10,10,7,9,9,9,8,2,24,14,2,1,1,3,4,2,6,8,4,7,9,9,9,7,4,2,9,5,7,10,9,9,7,7,5,30,15,15,15,15,10,50,10,10,10,10,10,7,9,8,7,8,1,7,7,8,9,6,7,6,6,2,6,3,1,40,10,20,10,10,10,7,8,8,7,9,1,0,0,50,10,10,10,10,10,7,8,8,6,8
1,2,15,18,12,8,7,0,0.68,1,25,2,25,20,20,20,10,5,1,6,10,7,7,7,10,8,6,2,24,14,2,1,1,3,4,2,6,8,4,7,9,9,9,7,4,2,9,5,7,10,9,9,7,7,5,30,15,15,15,15,10,50,10,10,10,10,10,7,9,8,7,8,0,7,7,6,8,7,5,6,7,2,6,3,1,40,10,20,10,10,10,7,8,8,7,9,1,0,0,50,10,10,10,10,10,7,8,8,6,8
1,2,15,18,13,9,9,1,0.24,1,25,2,20,15,25,15,15,10,1,8,8,8,8,8,8,8,8,2,24,14,2,1,1,3,4,2,6,8,4,7,9,9,9,7,4,2,9,5,7,10,9,9,7,7,5,30,15,15,15,15,10,50,10,10,10,10,10,7,9,8,7,8,1,8,8,8,8,7,6,7,7,2,6,3,1,40,10,20,10,10,10,7,8,8,7,9,1,0,0,50,10,10,10,10,10,7,8,8,6,8
1,2,15,18,9,5,10,0,0.4,1,24,2,22,17,15,15,15,16,0,6,8,8,6,8,5,4,3,2,24,14,2,1,1,3,4,2,6,8,4,7,9,9,9,7,4,2,9,5,7,10,9,9,7,7,5,30,15,15,15,15,10,50,10,10,10,10,10,7,9,8,7,8,1,8,7,6,8,7,6,6,6,2,6,3,1,40,10,20,10,10,10,7,8,8,7,9,1,0,0,50,10,10,10,10,10,7,8,8,6,8
1,2,15,18,2,16,11,0,0.7,1,21,2,20,30,20,20,0,10,0,9,10,6,6,6,6,6,6,2,24,14,2,1,1,3,4,2,6,8,4,7,9,9,9,7,4,2,9,5,7,10,9,9,7,7,5,30,15,15,15,15,10,50,10,10,10,10,10,7,9,8,7,8,0,6,7,8,8,6,4,5,6,2,6,3,1,40,10,20,10,10,10,7,8,8,7,9,1,0,0,50,10,10,10,10,10,7,8,8,6,8
1,2,15,18,10,6,13,0,0.34,1,28,2,35,0,35,10,10,10,0,6,10,9,7,8,5,6,7,2,24,14,2,1,1,3,4,2,6,8,4,7,9,9,9,7,4,2,9,5,7,10,9,9,7,7,5,30,15,15,15,15,10,50,10,10,10,10,10,7,9,8,7,8,0,6,7,6,6,7,8,6,6,2,6,3,1,40,10,20,10,10,10,7,8,8,7,9,1,0,0,50,10,10,10,10,10,7,8,8,6,8
1,2,15,18,15,11,14,0,0.75,1,26,2,15,20,15,30,10,10,0,5,8,7,6,6,5,6,3,2,24,14,2,1,1,3,4,2,6,8,4,7,9,9,9,7,4,2,9,5,7,10,9,9,7,7,5,30,15,15,15,15,10,50,10,10,10,10,10,7,9,8,7,8,1,7,6,7,6,8,9,7,7,2,6,3,1,40,10,20,10,10,10,7,8,8,7,9,1,0,0,50,10,10,10,10,10,7,8,8,6,8
1,2,15,18,3,17,15,0,0.66,1,22,2,8,20,25,25,12,10,1,8,8,8,8,8,7,7,7,2,24,14,2,1,1,3,4,2,6,8,4,7,9,9,9,7,4,2,9,5,7,10,9,9,7,7,5,30,15,15,15,15,10,50,10,10,10,10,10,7,9,8,7,8,0,6,8,8,7,7,8,7,6,2,6,3,1,40,10,20,10,10,10,7,8,8,7,9,1,0,0,50,10,10,10,10,10,7,8,8,6,8
1,2,15,18,1,15,16,0,0.78,1,24,2,18,19,16,15,15,17,0,6,9,8,6,7,7,7,3,2,24,14,2,1,1,3,4,2,6,8,4,7,9,9,9,7,4,2,9,5,7,10,9,9,7,7,5,30,15,15,15,15,10,50,10,10,10,10,10,7,9,8,7,8,0,6,8,8,7,7,9,7,6,2,6,3,1,40,10,20,10,10,10,7,8,8,7,9,1,0,0,50,10,10,10,10,10,7,8,8,6,8
1,2,15,18,11,7,17,0,0.54,1,33,2,20,20,20,10,10,20,1,6,9,8,6,6,9,7,7,2,24,14,2,1,1,3,4,2,6,8,4,7,9,9,9,7,4,2,9,5,7,10,9,9,7,7,5,30,15,15,15,15,10,50,10,10,10,10,10,7,9,8,7,8,0,6,7,8,7,7,7,6,5,2,6,3,1,40,10,20,10,10,10,7,8,8,7,9,1,0,0,50,10,10,10,10,10,7,8,8,6,8
1,2,15,18,6,2,18,0,0.43,0,25,4,15,18,18,18,15,16,1,6,8,8,5,4,6,6,7,2,24,14,2,1,1,3,4,2,6,8,4,7,9,9,9,7,4,2,9,5,7,10,9,9,7,7,5,30,15,15,15,15,10,50,10,10,10,10,10,7,9,8,7,8,0,6,6,7,3,7,8,6,6,2,6,3,1,40,10,20,10,10,10,7,8,8,7,9,1,0,0,50,10,10,10,10,10,7,8,8,6,8
1,2,15,18,7,7,1,0,0.24,1,38,2,15,15,20,15,15,20,1,8,9,9,8,8,8,9,4,2,34,8,2,8,2,3,4,1,7,7,6,6,7,7,6,3,3,1,8,1,7,6,7,10,8,3,3,35,15,15,25,10,0,60,0,10,20,0,0,8,6,9,7,5,0,7,10,9,8,8,7,6,7,2,8,1,3,50,0,25,25,0,0,8,7,9,10,7,1,1,0,80,0,10,10,0,0,7,8,8,9,6
1,2,15,18,5,5,3,0,0.41,1,24,2,20,10,20,35,5,10,0,4,8,8,7,7,6,5,5,2,34,8,2,8,2,3,4,1,7,7,6,6,7,7,6,3,3,1,8,1,7,6,7,10,8,3,3,35,15,15,25,10,0,60,0,10,20,0,0,8,6,9,7,5,0,6,7,6,2,5,5,2,4,2,8,1,3,50,0,25,25,0,0,8,7,9,10,7,1,1,0,80,0,10,10,0,0,7,8,8,9,6
1,2,15,18,17,17,4,0,0.37,1,28,2,25,25,25,10,10,5,0,6,8,7,7,7,6,5,5,2,34,8,2,8,2,3,4,1,7,7,6,6,7,7,6,3,3,1,8,1,7,6,7,10,8,3,3,35,15,15,25,10,0,60,0,10,20,0,0,8,6,9,7,5,1,7,10,7,7,5,5,6,7,2,8,1,3,50,0,25,25,0,0,8,7,9,10,7,1,1,0,80,0,10,10,0,0,7,8,8,9,6
1,2,15,18,16,16,6,0,0.26,1,23,2,20,20,20,20,20,0,1,10,10,10,10,10,7,5,8,2,34,8,2,8,2,3,4,1,7,7,6,6,7,7,6,3,3,1,8,1,7,6,7,10,8,3,3,35,15,15,25,10,0,60,0,10,20,0,0,8,6,9,7,5,0,8,9,7,10,5,5,6,7,2,8,1,3,50,0,25,25,0,0,8,7,9,10,7,1,1,0,80,0,10,10,0,0,7,8,8,9,6
1,2,15,18,12,12,7,0,0.44,1,25,2,25,20,20,20,10,5,1,8,7,8,9,9,9,7,7,2,34,8,2,8,2,3,4,1,7,7,6,6,7,7,6,3,3,1,8,1,7,6,7,10,8,3,3,35,15,15,25,10,0,60,0,10,20,0,0,8,6,9,7,5,0,8,10,7,6,5,5,6,8,2,8,1,3,50,0,25,25,0,0,8,7,9,10,7,1,1,0,80,0,10,10,0,0,7,8,8,9,6
1,2,15,18,13,13,9,1,0.26,1,25,2,20,15,25,15,15,10,1,8,9,9,8,9,8,8,7,2,34,8,2,8,2,3,4,1,7,7,6,6,7,7,6,3,3,1,8,1,7,6,7,10,8,3,3,35,15,15,25,10,0,60,0,10,20,0,0,8,6,9,7,5,1,10,10,8,10,6,5,7,6,2,8,1,3,50,0,25,25,0,0,8,7,9,10,7,1,1,0,80,0,10,10,0,0,7,8,8,9,6
1,2,15,18,9,9,10,0,0.35,1,24,2,22,17,15,15,15,16,0,6,8,8,8,8,6,5,4,2,34,8,2,8,2,3,4,1,7,7,6,6,7,7,6,3,3,1,8,1,7,6,7,10,8,3,3,35,15,15,25,10,0,60,0,10,20,0,0,8,6,9,7,5,0,8,5,6,6,7,1,6,4,2,8,1,3,50,0,25,25,0,0,8,7,9,10,7,1,1,0,80,0,10,10,0,0,7,8,8,9,6
1,2,15,18,10,10,13,0,0.11,1,28,2,35,0,35,10,10,10,0,7,8,7,6,7,6,6,7,2,34,8,2,8,2,3,4,1,7,7,6,6,7,7,6,3,3,1,8,1,7,6,7,10,8,3,3,35,15,15,25,10,0,60,0,10,20,0,0,8,6,9,7,5,0,6,7,8,6,6,5,5,6,2,8,1,3,50,0,25,25,0,0,8,7,9,10,7,1,1,0,80,0,10,10,0,0,7,8,8,9,6
1,2,15,18,15,15,14,0,0.46,1,26,2,15,20,15,30,10,10,0,6,8,9,8,8,6,6,3,2,34,8,2,8,2,3,4,1,7,7,6,6,7,7,6,3,3,1,8,1,7,6,7,10,8,3,3,35,15,15,25,10,0,60,0,10,20,0,0,8,6,9,7,5,0,5,10,8,10,7,5,5,8,2,8,1,3,50,0,25,25,0,0,8,7,9,10,7,1,1,0,80,0,10,10,0,0,7,8,8,9,6
1,2,15,18,3,3,15,0,0.36,1,22,2,8,20,25,25,12,10,1,8,8,8,8,8,7,8,7,2,34,8,2,8,2,3,4,1,7,7,6,6,7,7,6,3,3,1,8,1,7,6,7,10,8,3,3,35,15,15,25,10,0,60,0,10,20,0,0,8,6,9,7,5,0,5,10,7,7,4,5,5,8,2,8,1,3,50,0,25,25,0,0,8,7,9,10,7,1,1,0,80,0,10,10,0,0,7,8,8,9,6
1,2,15,18,1,1,16,0,0.4,1,24,2,18,19,16,15,15,17,0,9.5,7,7,8,9,6,7,6,2,34,8,2,8,2,3,4,1,7,7,6,6,7,7,6,3,3,1,8,1,7,6,7,10,8,3,3,35,15,15,25,10,0,60,0,10,20,0,0,8,6,9,7,5,0,6,9,8,7,4,5,6,7,2,8,1,3,50,0,25,25,0,0,8,7,9,10,7,1,1,0,80,0,10,10,0,0,7,8,8,9,6
1,2,15,18,6,6,18,0,0.27,0,25,4,15,18,18,18,15,16,1,7,8,9,9,8,5,8,3,2,34,8,2,8,2,3,4,1,7,7,6,6,7,7,6,3,3,1,8,1,7,6,7,10,8,3,3,35,15,15,25,10,0,60,0,10,20,0,0,8,6,9,7,5,0,4,9,8,7,9,5,4,7,2,8,1,3,50,0,25,25,0,0,8,7,9,10,7,1,1,0,80,0,10,10,0,0,7,8,8,9,6
1,2,15,18,7,7,1,0,0.53,1,38,2,15,15,20,15,15,20,0,6,6,6,6,6,6,6,1,2,31,8,2,3,1,1,4,2,7,1,1,6,6,7,5,1,1,3,10,1,6,6,3,7,1,1,4,10,20,40,10,10,10,20,10,10,30,10,20,7,8,4,10,8,1,5,5,5,5,5,5,5,5,2,5,3,3,20,10,20,10,20,20,7,9,10,5,5,1,1,0,20,20,20,10,20,10,8,8,10,7,9
1,2,15,18,4,4,2,0,0.16,0,33,1,20,20,20,15,15,10,0,1,1,1,1,1,1,1,1,2,31,8,2,3,1,1,4,2,7,1,1,6,6,7,5,1,1,3,10,1,6,6,3,7,1,1,4,10,20,40,10,10,10,20,10,10,30,10,20,7,8,4,10,8,1,5,5,5,5,5,5,5,5,2,5,3,3,20,10,20,10,20,20,7,9,10,5,5,1,1,0,20,20,20,10,20,10,8,8,10,7,9
1,2,15,18,5,5,3,0,0.51,1,24,2,20,10,20,35,5,10,0,1,1,1,1,1,1,1,8,2,31,8,2,3,1,1,4,2,7,1,1,6,6,7,5,1,1,3,10,1,6,6,3,7,1,1,4,10,20,40,10,10,10,20,10,10,30,10,20,7,8,4,10,8,1,5,5,5,5,5,5,5,5,2,5,3,3,20,10,20,10,20,20,7,9,10,5,5,1,1,0,20,20,20,10,20,10,8,8,10,7,9
1,2,15,18,17,17,4,0,0.39,1,28,2,25,25,25,10,10,5,0,4,4,4,10,4,4,8,5,2,31,8,2,3,1,1,4,2,7,1,1,6,6,7,5,1,1,3,10,1,6,6,3,7,1,1,4,10,20,40,10,10,10,20,10,10,30,10,20,7,8,4,10,8,1,5,5,5,5,5,5,5,5,2,5,3,3,20,10,20,10,20,20,7,9,10,5,5,1,1,0,20,20,20,10,20,10,8,8,10,7,9
1,2,15,18,16,16,6,0,0.49,1,23,2,20,20,20,20,20,0,0,0,0,0,0,0,0,0,0,2,31,8,2,3,1,1,4,2,7,1,1,6,6,7,5,1,1,3,10,1,6,6,3,7,1,1,4,10,20,40,10,10,10,20,10,10,30,10,20,7,8,4,10,8,1,5,5,5,5,5,5,5,5,2,5,3,3,20,10,20,10,20,20,7,9,10,5,5,1,1,0,20,20,20,10,20,10,8,8,10,7,9
1,2,15,18,9,9,10,0,0.27,1,24,2,22,17,15,15,15,16,0,3,1,3,4,2,1,1,1,2,31,8,2,3,1,1,4,2,7,1,1,6,6,7,5,1,1,3,10,1,6,6,3,7,1,1,4,10,20,40,10,10,10,20,10,10,30,10,20,7,8,4,10,8,1,5,5,5,5,5,5,5,5,2,5,3,3,20,10,20,10,20,20,7,9,10,5,5,1,1,0,20,20,20,10,20,10,8,8,10,7,9
1,2,15,18,10,10,13,0,0.37,1,28,2,35,0,35,10,10,10,0,6,8,6,6,6,5,5,10,2,31,8,2,3,1,1,4,2,7,1,1,6,6,7,5,1,1,3,10,1,6,6,3,7,1,1,4,10,20,40,10,10,10,20,10,10,30,10,20,7,8,4,10,8,1,5,5,5,5,5,5,5,5,2,5,3,3,20,10,20,10,20,20,7,9,10,5,5,1,1,0,20,20,20,10,20,10,8,8,10,7,9
1,2,15,18,15,15,14,0,0.62,1,26,2,15,20,15,30,10,10,0,1,1,1,1,1,1,1,10,2,31,8,2,3,1,1,4,2,7,1,1,6,6,7,5,1,1,3,10,1,6,6,3,7,1,1,4,10,20,40,10,10,10,20,10,10,30,10,20,7,8,4,10,8,1,5,5,5,5,5,5,5,5,2,5,3,3,20,10,20,10,20,20,7,9,10,5,5,1,1,0,20,20,20,10,20,10,8,8,10,7,9
1,2,15,18,1,1,16,0,0.53,1,24,2,18,19,16,15,15,17,0,6,6,8,4,10,1,2,1,2,31,8,2,3,1,1,4,2,7,1,1,6,6,7,5,1,1,3,10,1,6,6,3,7,1,1,4,10,20,40,10,10,10,20,10,10,30,10,20,7,8,4,10,8,1,5,5,5,5,5,5,5,5,2,5,3,3,20,10,20,10,20,20,7,9,10,5,5,1,1,0,20,20,20,10,20,10,8,8,10,7,9
1,2,15,18,6,6,18,0,0.64,0,25,4,15,18,18,18,15,16,0,3,8,5,1,8,1,1,1,2,31,8,2,3,1,1,4,2,7,1,1,6,6,7,5,1,1,3,10,1,6,6,3,7,1,1,4,10,20,40,10,10,10,20,10,10,30,10,20,7,8,4,10,8,1,5,5,5,5,5,5,5,5,2,5,3,3,20,10,20,10,20,20,7,9,10,5,5,1,1,0,20,20,20,10,20,10,8,8,10,7,9
0,1,16,8,6,6,1,0,0.44,0,26,2,30,25,20,10,10,5,1,8,9,9,8,8,7,8,8,2,25,1,4,7,3,6,7,2,1,2,2,5,9,7,8,6,5,6,10,8,8,10,7,9,7,7,5,15,25,20,15,10,15,25,15,15,20,10,15,7,9,7,8,5,0,7,8,8,7,8,6,7,5,2,7,3,1,15,25,20,15,10,15,7,8,8,7,5,0,0,0,20,20,20,15,10,15,7,8,7,7,5
0,1,16,8,6,7,2,0,0.23,0,30,2,30,20,30,10,5,5,0,7,8,8,7,7,7,8,7,2,25,1,4,7,3,6,7,2,1,2,2,5,9,7,8,6,5,6,10,8,8,10,7,9,7,7,5,15,25,20,15,10,15,25,15,15,20,10,15,7,9,7,8,5,0,6,8,7,6,5,6,6,5,2,7,3,1,15,25,20,15,10,15,7,8,8,7,5,0,0,0,20,20,20,15,10,15,7,8,7,7,5
0,1,16,8,6,2,3,0,-0.15,1,24,4,17,16,17,17,17,16,1,7,7,8,8,8,7,8,6,2,25,1,4,7,3,6,7,2,1,2,2,5,9,7,8,6,5,6,10,8,8,10,7,9,7,7,5,15,25,20,15,10,15,25,15,15,20,10,15,7,9,7,8,5,0,7,8,7,5,5,5,6,7,2,7,3,1,15,25,20,15,10,15,7,8,8,7,5,0,0,0,20,20,20,15,10,15,7,8,7,7,5
0,1,16,8,6,5,4,0,-0.09,0,28,2,16,25,20,12,12,15,1,8,8,9,8,7,7,7.5,5.5,2,25,1,4,7,3,6,7,2,1,2,2,5,9,7,8,6,5,6,10,8,8,10,7,9,7,7,5,15,25,20,15,10,15,25,15,15,20,10,15,7,9,7,8,5,0,5,7,7,5,6,6,7,6,2,7,3,1,15,25,20,15,10,15,7,8,8,7,5,0,0,0,20,20,20,15,10,15,7,8,7,7,5
0,1,16,8,6,8,5,0,0.27,0,24,2,25,7,35,20,8,5,0,4,7,6,5,5,3,6,4,2,25,1,4,7,3,6,7,2,1,2,2,5,9,7,8,6,5,6,10,8,8,10,7,9,7,7,5,15,25,20,15,10,15,25,15,15,20,10,15,7,9,7,8,5,0,4,6,6,7,5,4,5,4,2,7,3,1,15,25,20,15,10,15,7,8,8,7,5,0,0,0,20,20,20,15,10,15,7,8,7,7,5
0,1,16,8,6,3,6,0,0.12,0,28,2,20,20,20,20,20,20,0,6,8,9,7,8,6,8,7,2,25,1,4,7,3,6,7,2,1,2,2,5,9,7,8,6,5,6,10,8,8,10,7,9,7,7,5,15,25,20,15,10,15,25,15,15,20,10,15,7,9,7,8,5,0,4,7,6,4,5,4,5,5,2,7,3,1,15,25,20,15,10,15,7,8,8,7,5,0,0,0,20,20,20,15,10,15,7,8,7,7,5
0,1,16,8,6,4,8,0,0.53,0,27,2,55,10,15,15,5,0,1,7,9,9,9,8,6,8,6,2,25,1,4,7,3,6,7,2,1,2,2,5,9,7,8,6,5,6,10,8,8,10,7,9,7,7,5,15,25,20,15,10,15,25,15,15,20,10,15,7,9,7,8,5,0,8,7,7,7,8,6,7,5,2,7,3,1,15,25,20,15,10,15,7,8,8,7,5,0,0,0,20,20,20,15,10,15,7,8,7,7,5
0,1,16,8,3,3,1,1,0.72,1,26,2,30,25,20,10,10,5,1,9,9,9,9,8,9,9,8,2,22,11,2,1,1,5,4,2,11,8,4,5,10,8,8,7,4,3,9,7,8,7,4,5,6,4,5,10,10,40,10,15,15,35,5,15,25,5,15,8,9,7,10,7,1,10,10,10,9,10,10,9,8,2,8,3,3,10,15,40,10,10,15,8,9,10,8,9,0,2,1,10,20,25,15,15,15,9,10,10,8,8
0,1,16,8,3,4,2,0,0.51,1,30,2,30,20,30,10,5,5,1,7,8,7,7,7,7,8,6,2,22,11,2,1,1,5,4,2,11,8,4,5,10,8,8,7,4,3,9,7,8,7,4,5,6,4,5,10,10,40,10,15,15,35,5,15,25,5,15,8,9,7,10,7,0,5,9,8,6,6,2,3,6,2,8,3,3,10,15,40,10,10,15,8,9,10,8,9,0,2,1,10,20,25,15,15,15,9,10,10,8,8
0,1,16,8,3,7,3,1,-0.09,0,24,4,17,16,17,17,17,16,1,7,7,7,8,8,7,7,6,2,22,11,2,1,1,5,4,2,11,8,4,5,10,8,8,7,4,3,9,7,8,7,4,5,6,4,5,10,10,40,10,15,15,35,5,15,25,5,15,8,9,7,10,7,1,8,9,9,8,9,7,8,7,2,8,3,3,10,15,40,10,10,15,8,9,10,8,9,0,2,1,10,20,25,15,15,15,9,10,10,8,8
0,1,16,8,3,2,4,0,0.15,1,28,2,16,25,20,12,12,15,1,7,7,8,6,7,5,6.5,4,2,22,11,2,1,1,5,4,2,11,8,4,5,10,8,8,7,4,3,9,7,8,7,4,5,6,4,5,10,10,40,10,15,15,35,5,15,25,5,15,8,9,7,10,7,0,4,8,7,6,8,5,6,7,2,8,3,3,10,15,40,10,10,15,8,9,10,8,9,0,2,1,10,20,25,15,15,15,9,10,10,8,8
0,1,16,8,3,5,5,0,0.34,1,24,2,25,7,35,20,8,5,1,9,8,8,9,6,5,8,9,2,22,11,2,1,1,5,4,2,11,8,4,5,10,8,8,7,4,3,9,7,8,7,4,5,6,4,5,10,10,40,10,15,15,35,5,15,25,5,15,8,9,7,10,7,0,6,7,9,9,10,8,7,6,2,8,3,3,10,15,40,10,10,15,8,9,10,8,9,0,2,1,10,20,25,15,15,15,9,10,10,8,8
0,1,16,8,3,8,6,0,0.37,1,28,2,20,20,20,20,20,20,0,6,6,9,7,9,7,7,7,2,22,11,2,1,1,5,4,2,11,8,4,5,10,8,8,7,4,3,9,7,8,7,4,5,6,4,5,10,10,40,10,15,15,35,5,15,25,5,15,8,9,7,10,7,0,7,7,7,6,6,7,4,3,2,8,3,3,10,15,40,10,10,15,8,9,10,8,9,0,2,1,10,20,25,15,15,15,9,10,10,8,8
0,1,16,8,3,6,7,0,0.63,0,27,4,60,10,10,10,10,0,1,8,7,6,7,5,7,6,5,2,22,11,2,1,1,5,4,2,11,8,4,5,10,8,8,7,4,3,9,7,8,7,4,5,6,4,5,10,10,40,10,15,15,35,5,15,25,5,15,8,9,7,10,7,0,6,7,8,8,9,5,5,4,2,8,3,3,10,15,40,10,10,15,8,9,10,8,9,0,2,1,10,20,25,15,15,15,9,10,10,8,8
0,1,16,8,3,1,8,0,0.57,1,27,2,55,10,15,15,5,0,1,7,9,9,9,7,6,7,7,2,22,11,2,1,1,5,4,2,11,8,4,5,10,8,8,7,4,3,9,7,8,7,4,5,6,4,5,10,10,40,10,15,15,35,5,15,25,5,15,8,9,7,10,7,0,7,6,7,5,7,3,6,8,2,8,3,3,10,15,40,10,10,15,8,9,10,8,9,0,2,1,10,20,25,15,15,15,9,10,10,8,8
0,1,16,8,1,3,5,0,0.21,0,24,2,25,7,35,20,8,5,0,4,4,4,2,2,1,3,2,2,25,11,4,5,5,1,4,3,11,1,1,1,8,5,5,1,5,5,5,8,10,10,5,10,10,5,7,20,10,30,20,10,10,30,10,20,20,10,10,7,7,6,6,6,0,2,2,7,2,8,1,2,2,2,5,3,3,20,15,30,15,15,5,7,8,6,6,6,0,1,0,20,10,30,5,30,5,8,8,6,6,7
0,1,16,8,1,6,6,0,-0.28,0,28,2,20,20,20,20,20,20,0,5,6,8,5,8,4,5,4,2,25,11,4,5,5,1,4,3,11,1,1,1,8,5,5,1,5,5,5,8,10,10,5,10,10,5,7,20,10,30,20,10,10,30,10,20,20,10,10,7,7,6,6,6,0,6,7,8,5,8,4,5,5,2,5,3,3,20,15,30,15,15,5,7,8,6,6,6,0,1,0,20,10,30,5,30,5,8,8,6,6,7
0,1,16,8,1,4,7,1,0.48,1,27,4,60,10,10,10,10,0,1,8,6,6,7,6,8,6,5,2,25,11,4,5,5,1,4,3,11,1,1,1,8,5,5,1,5,5,5,8,10,10,5,10,10,5,7,20,10,30,20,10,10,30,10,20,20,10,10,7,7,6,6,6,1,7,8,9,8,9,9,8,8,2,5,3,3,20,15,30,15,15,5,7,8,6,6,6,0,1,0,20,10,30,5,30,5,8,8,6,6,7
1,1,16,6,2,6,1,1,0.52,0,25,3,15,20,30,20,5,10,1,7,7,6,8,7,5,5,5,2,27,8,2,1,1,2,2,2,7,7,8,8,9,8,8,8,6,7,9,8,8,8,8,8,7,6,7,55,10,15,15,5,0,25,15,15,15,15,15,8,8,9,9,8,1,8,8,8,9,9,6,8,6,2,7,1,3,50,10,10,10,10,10,6,9,9,9,9,1,1,0,50,10,10,10,10,10,7,7,8,8,8
1,1,16,6,8,4,2,0,0.33,1,29,2,20,20,20,10,10,20,0,8,7,7,5,8,3,6,5,2,27,8,2,1,1,2,2,2,7,7,8,8,9,8,8,8,6,7,9,8,8,8,8,8,7,6,7,55,10,15,15,5,0,25,15,15,15,15,15,8,8,9,9,8,0,5,9,9,7,7,4,6,6,2,7,1,3,50,10,10,10,10,10,6,9,9,9,9,1,1,0,50,10,10,10,10,10,7,7,8,8,8
1,1,16,6,6,3,3,0,0.53,0,25,4,15,25,20,15,10,15,0,8,7,7,7,8,6,7,5,2,27,8,2,1,1,2,2,2,7,7,8,8,9,8,8,8,6,7,9,8,8,8,8,8,7,6,7,55,10,15,15,5,0,25,15,15,15,15,15,8,8,9,9,8,1,7,9,9,9,8,6,8,6,2,7,1,3,50,10,10,10,10,10,6,9,9,9,9,1,1,0,50,10,10,10,10,10,7,7,8,8,8
1,1,16,6,3,1,5,0,0.57,1,22,2,10,10,40,10,15,15,0,7,6,7,5,7,3,6,8,2,27,8,2,1,1,2,2,2,7,7,8,8,9,8,8,8,6,7,9,8,8,8,8,8,7,6,7,55,10,15,15,5,0,25,15,15,15,15,15,8,8,9,9,8,1,7,9,9,9,7,6,7,7,2,7,1,3,50,10,10,10,10,10,6,9,9,9,9,1,1,0,50,10,10,10,10,10,7,7,8,8,8
0,2,17,14,8,6,1,0,0.59,0,21,2,35,5,30,20,5,5,0,5,8,7,7,8,5,8,8,2,22,9,4,3,10,1,6,2,2,10,10,10,6,3,2,4,2,4,4,8,9,9,8,8,5,4,5,10,25,15,20,15,15,25,10,10,30,10,15,5,8,8,5,8,0,8,7,9,9,8,5,7,2,2,4,1,2,10,25,15,20,10,20,5,8,5,9,8,0,0,0,10,25,15,20,10,20,5,8,5,9,7
0,2,17,14,8,3,2,0,-0.41,0,24,2,35,10,25,20,5,5,1,7,9,9,8,7,7,9,5,2,22,9,4,3,10,1,6,2,2,10,10,10,6,3,2,4,2,4,4,8,9,9,8,8,5,4,5,10,25,15,20,15,15,25,10,10,30,10,15,5,8,8,5,8,0,5,9,9,8,7,3,6,2,2,4,1,2,10,25,15,20,10,20,5,8,5,9,8,0,0,0,10,25,15,20,10,20,5,8,5,9,7
0,2,17,14,8,4,3,0,0.15,0,25,2,40,10,0,45,0,5,1,5,7,3,3,3,0,6,8,2,22,9,4,3,10,1,6,2,2,10,10,10,6,3,2,4,2,4,4,8,9,9,8,8,5,4,5,10,25,15,20,15,15,25,10,10,30,10,15,5,8,8,5,8,0,5,7,8,6,8,1,4,1,2,4,1,2,10,25,15,20,10,20,5,8,5,9,8,0,0,0,10,25,15,20,10,20,5,8,5,9,7
0,2,17,14,8,13,4,0,0.38,0,27,3,30,25,10,20,0,15,1,6,7,7,7,6,4,6,5,2,22,9,4,3,10,1,6,2,2,10,10,10,6,3,2,4,2,4,4,8,9,9,8,8,5,4,5,10,25,15,20,15,15,25,10,10,30,10,15,5,8,8,5,8,0,5,8,8,7,8,2,6,2,2,4,1,2,10,25,15,20,10,20,5,8,5,9,8,0,0,0,10,25,15,20,10,20,5,8,5,9,7
0,2,17,14,8,5,7,0,0.14,0,28,3,30,20,25,15,10,0,1,7,8,8,8,8,7,7,6,2,22,9,4,3,10,1,6,2,2,10,10,10,6,3,2,4,2,4,4,8,9,9,8,8,5,4,5,10,25,15,20,15,15,25,10,10,30,10,15,5,8,8,5,8,0,5,9,9,6,8,4,7,2,2,4,1,2,10,25,15,20,10,20,5,8,5,9,8,0,0,0,10,25,15,20,10,20,5,8,5,9,7
0,2,17,14,8,8,8,0,0.49,1,26,4,15,30,25,20,0,10,0,5,7,7,5,4,4,5,4,2,22,9,4,3,10,1,6,2,2,10,10,10,6,3,2,4,2,4,4,8,9,9,8,8,5,4,5,10,25,15,20,15,15,25,10,10,30,10,15,5,8,8,5,8,0,5,8,8,8,6,3,7,3,2,4,1,2,10,25,15,20,10,20,5,8,5,9,8,0,0,0,10,25,15,20,10,20,5,8,5,9,7
0,2,17,14,8,2,9,0,-0.42,0,22,2,25,15,25,25,5,5,1,8,8,8,6,5,7,8,7,2,22,9,4,3,10,1,6,2,2,10,10,10,6,3,2,4,2,4,4,8,9,9,8,8,5,4,5,10,25,15,20,15,15,25,10,10,30,10,15,5,8,8,5,8,0,6,8,8,9,9,4,6,2,2,4,1,2,10,25,15,20,10,20,5,8,5,9,8,0,0,0,10,25,15,20,10,20,5,8,5,9,7
0,2,17,14,8,1,10,0,0.17,0,23,6,55,2,1,40,1,1,1,10,7,8,7,8,5,7,1,2,22,9,4,3,10,1,6,2,2,10,10,10,6,3,2,4,2,4,4,8,9,9,8,8,5,4,5,10,25,15,20,15,15,25,10,10,30,10,15,5,8,8,5,8,0,5,6,9,8,8,5,5,2,2,4,1,2,10,25,15,20,10,20,5,8,5,9,8,0,0,0,10,25,15,20,10,20,5,8,5,9,7
0,2,17,14,8,7,11,0,0.01,0,25,2,50,5,5,5,5,30,1,7,7,7,7,5,8,8,7,2,22,9,4,3,10,1,6,2,2,10,10,10,6,3,2,4,2,4,4,8,9,9,8,8,5,4,5,10,25,15,20,15,15,25,10,10,30,10,15,5,8,8,5,8,0,5,7,8,6,9,5,6,3,2,4,1,2,10,25,15,20,10,20,5,8,5,9,8,0,0,0,10,25,15,20,10,20,5,8,5,9,7
0,2,17,14,8,10,12,0,0.17,1,30,4,20,40,5,20,5,10,1,6,5,5,5,5,4,6,5,2,22,9,4,3,10,1,6,2,2,10,10,10,6,3,2,4,2,4,4,8,9,9,8,8,5,4,5,10,25,15,20,15,15,25,10,10,30,10,15,5,8,8,5,8,0,2,5,9,5,8,3,5,2,2,4,1,2,10,25,15,20,10,20,5,8,5,9,8,0,0,0,10,25,15,20,10,20,5,8,5,9,7
0,2,17,14,8,14,13,0,0.21,1,29,4,35,30,25,5,0,5,1,6,8,7,6,6,6,6,8,2,22,9,4,3,10,1,6,2,2,10,10,10,6,3,2,4,2,4,4,8,9,9,8,8,5,4,5,10,25,15,20,15,15,25,10,10,30,10,15,5,8,8,5,8,0,4,8,9,8,9,2,6,3,2,4,1,2,10,25,15,20,10,20,5,8,5,9,8,0,0,0,10,25,15,20,10,20,5,8,5,9,7
0,2,17,14,8,9,14,0,0,1,27,4,30,30,30,5,0,5,0,5,4,5,5,5,5,5,5,2,22,9,4,3,10,1,6,2,2,10,10,10,6,3,2,4,2,4,4,8,9,9,8,8,5,4,5,10,25,15,20,15,15,25,10,10,30,10,15,5,8,8,5,8,0,4,8,9,8,9,2,5,2,2,4,1,2,10,25,15,20,10,20,5,8,5,9,8,0,0,0,10,25,15,20,10,20,5,8,5,9,7
0,2,17,14,9,7,1,0,0.45,0,21,2,35,5,30,20,5,5,0,4,4,7,4,8,2,4,5,2,27,9,4,5,8,2,7,3,7,10,9,7,10,10,10,10,5,4,10,7,7,5,8,10,10,3,7,15,15,25,15,15,15,50,10,10,10,10,10,7,10,7,9,10,0,7,8,9,7,9,3,6,5,2,7,1,3,15,15,25,15,15,15,8,10,9,8,10,0,1,0,16,16,18,16,16,18,8,10,9,9,10
0,2,17,14,9,4,2,0,-0.46,0,24,2,35,10,25,20,5,5,1,8,7,8,6,10,5,5,4,2,27,9,4,5,8,2,7,3,7,10,9,7,10,10,10,10,5,4,10,7,7,5,8,10,10,3,7,15,15,25,15,15,15,50,10,10,10,10,10,7,10,7,9,10,0,8,8,8,7,7,2,3,4,2,7,1,3,15,15,25,15,15,15,8,10,9,8,10,0,1,0,16,16,18,16,16,18,8,10,9,9,10
0,2,17,14,9,5,3,1,-0.06,0,25,2,40,10,0,45,0,5,1,6,3,5,4,5,1,5,4,2,27,9,4,5,8,2,7,3,7,10,9,7,10,10,10,10,5,4,10,7,7,5,8,10,10,3,7,15,15,25,15,15,15,50,10,10,10,10,10,7,10,7,9,10,1,8,8,8,8,7,2,7,6,2,7,1,3,15,15,25,15,15,15,8,10,9,8,10,0,1,0,16,16,18,16,16,18,8,10,9,9,10
0,2,17,14,9,14,4,0,0.14,0,27,3,30,25,10,20,0,15,0,5,5,6,4,7,4,5,3,2,27,9,4,5,8,2,7,3,7,10,9,7,10,10,10,10,5,4,10,7,7,5,8,10,10,3,7,15,15,25,15,15,15,50,10,10,10,10,10,7,10,7,9,10,0,6,9,9,8,8,5,5,3,2,7,1,3,15,15,25,15,15,15,8,10,9,8,10,0,1,0,16,16,18,16,16,18,8,10,9,9,10
0,2,17,14,9,13,5,0,-0.03,0,26,2,50,10,10,30,0,0,0,6,6,7,2,9,5,4,3,2,27,9,4,5,8,2,7,3,7,10,9,7,10,10,10,10,5,4,10,7,7,5,8,10,10,3,7,15,15,25,15,15,15,50,10,10,10,10,10,7,10,7,9,10,1,8,7,8,8,7,4,6,4,2,7,1,3,15,15,25,15,15,15,8,10,9,8,10,0,1,0,16,16,18,16,16,18,8,10,9,9,10
0,2,17,14,9,6,7,0,0.25,0,28,3,30,20,25,15,10,0,1,7,8,8,7,6,7,7,6,2,27,9,4,5,8,2,7,3,7,10,9,7,10,10,10,10,5,4,10,7,7,5,8,10,10,3,7,15,15,25,15,15,15,50,10,10,10,10,10,7,10,7,9,10,0,7,9,9,8,6,2,6,5,2,7,1,3,15,15,25,15,15,15,8,10,9,8,10,0,1,0,16,16,18,16,16,18,8,10,9,9,10
0,2,17,14,9,9,8,0,0.11,1,26,4,15,30,25,20,0,10,0,2,6,4,3,4,5,3,1,2,27,9,4,5,8,2,7,3,7,10,9,7,10,10,10,10,5,4,10,7,7,5,8,10,10,3,7,15,15,25,15,15,15,50,10,10,10,10,10,7,10,7,9,10,0,8,9,8,7,8,2,7,4,2,7,1,3,15,15,25,15,15,15,8,10,9,8,10,0,1,0,16,16,18,16,16,18,8,10,9,9,10
0,2,17,14,9,3,9,1,0.03,0,22,2,25,15,25,25,5,5,1,5,6,8,4,8,4,6,3,2,27,9,4,5,8,2,7,3,7,10,9,7,10,10,10,10,5,4,10,7,7,5,8,10,10,3,7,15,15,25,15,15,15,50,10,10,10,10,10,7,10,7,9,10,1,9,8,9,9,5,2,6,4,2,7,1,3,15,15,25,15,15,15,8,10,9,8,10,0,1,0,16,16,18,16,16,18,8,10,9,9,10
0,2,17,14,9,2,10,0,0.31,0,23,6,55,2,1,40,1,1,0,4,4,6,2,9,3,3,5,2,27,9,4,5,8,2,7,3,7,10,9,7,10,10,10,10,5,4,10,7,7,5,8,10,10,3,7,15,15,25,15,15,15,50,10,10,10,10,10,7,10,7,9,10,0,8,5,7,6,8,2,3,2,2,7,1,3,15,15,25,15,15,15,8,10,9,8,10,0,1,0,16,16,18,16,16,18,8,10,9,9,10
0,2,17,14,9,8,11,0,0.06,0,25,2,50,5,5,5,5,30,0,7,6,6,5,9,3,6,3,2,27,9,4,5,8,2,7,3,7,10,9,7,10,10,10,10,5,4,10,7,7,5,8,10,10,3,7,15,15,25,15,15,15,50,10,10,10,10,10,7,10,7,9,10,0,7,8,8,8,6,3,5,4,2,7,1,3,15,15,25,15,15,15,8,10,9,8,10,0,1,0,16,16,18,16,16,18,8,10,9,9,10
0,2,17,14,9,11,12,0,-0.01,1,30,4,20,40,5,20,5,10,1,6,5,5,5,5,4,6,4,2,27,9,4,5,8,2,7,3,7,10,9,7,10,10,10,10,5,4,10,7,7,5,8,10,10,3,7,15,15,25,15,15,15,50,10,10,10,10,10,7,10,7,9,10,0,5,8,7,5,7,2,5,3,2,7,1,3,15,15,25,15,15,15,8,10,9,8,10,0,1,0,16,16,18,16,16,18,8,10,9,9,10
0,2,17,14,9,1,13,0,-0.2,1,29,4,35,30,25,5,0,5,1,8,9,7,8,6,7,8,7,2,27,9,4,5,8,2,7,3,7,10,9,7,10,10,10,10,5,4,10,7,7,5,8,10,10,3,7,15,15,25,15,15,15,50,10,10,10,10,10,7,10,7,9,10,0,7,7,8,8,8,3,5,5,2,7,1,3,15,15,25,15,15,15,8,10,9,8,10,0,1,0,16,16,18,16,16,18,8,10,9,9,10
0,2,17,14,9,10,14,0,0.19,1,27,4,30,30,30,5,0,5,1,6,5,5,5,5,6,6,6,2,27,9,4,5,8,2,7,3,7,10,9,7,10,10,10,10,5,4,10,7,7,5,8,10,10,3,7,15,15,25,15,15,15,50,10,10,10,10,10,7,10,7,9,10,0,3,8,7,4,4,1,2,2,2,7,1,3,15,15,25,15,15,15,8,10,9,8,10,0,1,0,16,16,18,16,16,18,8,10,9,9,10
0,2,17,14,4,2,1,0,0.18,1,21,2,35,5,30,20,5,5,0,7,7,8,6,7,5,6,5,2,27,11,2,2,2,1,4,2,15,4,2,9,6,3,3,3,2,7,2,6,2,2,4,7,8,4,3,30,15,15,30,0,10,40,10,10,25,0,15,7,7,8,6,4,0,8,6,6,8,7,7,6,8,2,6,3,2,40,10,20,15,5,10,8,8,8,8,7,1,1,1,50,5,20,10,5,10,8,8,8,8,7
0,2,17,14,4,13,2,0,-0.11,1,24,2,35,10,25,20,5,5,1,7,8,8,7,7,8,7,7,2,27,11,2,2,2,1,4,2,15,4,2,9,6,3,3,3,2,7,2,6,2,2,4,7,8,4,3,30,15,15,30,0,10,40,10,10,25,0,15,7,7,8,6,4,0,7,6,6,6,5,6,5,7,2,6,3,2,40,10,20,15,5,10,8,8,8,8,7,1,1,1,50,5,20,10,5,10,8,8,8,8,7
0,2,17,14,4,14,3,0,0.35,1,25,2,40,10,0,45,0,5,1,6,6,5,4,4,2,6,4,2,27,11,2,2,2,1,4,2,15,4,2,9,6,3,3,3,2,7,2,6,2,2,4,7,8,4,3,30,15,15,30,0,10,40,10,10,25,0,15,7,7,8,6,4,0,7,6,7,5,8,5,5,8,2,6,3,2,40,10,20,15,5,10,8,8,8,8,7,1,1,1,50,5,20,10,5,10,8,8,8,8,7
0,2,17,14,4,9,4,0,0.13,0,27,3,30,25,10,20,0,15,1,8,8,8,6,7,7,6,7,2,27,11,2,2,2,1,4,2,15,4,2,9,6,3,3,3,2,7,2,6,2,2,4,7,8,4,3,30,15,15,30,0,10,40,10,10,25,0,15,7,7,8,6,4,0,6,7,8,9,7,8,7,8,2,6,3,2,40,10,20,15,5,10,8,8,8,8,7,1,1,1,50,5,20,10,5,10,8,8,8,8,7
0,2,17,14,4,1,7,0,0.28,0,28,3,30,20,25,15,10,0,1,8,10,9,8,5,3,8,5,1,27,11,2,2,2,1,4,2,15,4,2,9,6,3,3,3,2,7,2,6,2,2,4,7,8,4,3,30,15,15,30,0,10,40,10,10,25,0,15,7,7,8,6,4,0,7,5,5,3,3,5,7,8,1,6,3,2,40,10,20,15,5,10,8,8,8,8,7,1,1,1,50,5,20,10,5,10,8,8,8,8,7
0,2,17,14,4,4,8,1,0.13,0,26,4,15,30,25,20,0,10,1,9,8,8,8,6,6,8,7,1,27,11,2,2,2,1,4,2,15,4,2,9,6,3,3,3,2,7,2,6,2,2,4,7,8,4,3,30,15,15,30,0,10,40,10,10,25,0,15,7,7,8,6,4,1,10,10,10,10,10,9,10,10,1,6,3,2,40,10,20,15,5,10,8,8,8,8,7,1,1,1,50,5,20,10,5,10,8,8,8,8,7
0,2,17,14,4,12,9,0,0.16,1,22,2,25,15,25,25,5,5,1,7,7,7,7,6,5,6,5,2,27,11,2,2,2,1,4,2,15,4,2,9,6,3,3,3,2,7,2,6,2,2,4,7,8,4,3,30,15,15,30,0,10,40,10,10,25,0,15,7,7,8,6,4,0,7,6,6,5,7,7,5,5,2,6,3,2,40,10,20,15,5,10,8,8,8,8,7,1,1,1,50,5,20,10,5,10,8,8,8,8,7
0,2,17,14,4,11,10,0,-0.12,0,23,6,55,2,1,40,1,1,1,9,9,7,8,7,6,8,6,2,27,11,2,2,2,1,4,2,15,4,2,9,6,3,3,3,2,7,2,6,2,2,4,7,8,4,3,30,15,15,30,0,10,40,10,10,25,0,15,7,7,8,6,4,0,8,8,8,8,8,7,7,8,2,6,3,2,40,10,20,15,5,10,8,8,8,8,7,1,1,1,50,5,20,10,5,10,8,8,8,8,7
0,2,17,14,4,3,11,0,-0.1,1,25,2,50,5,5,5,5,30,1,9,8,8,8,7,7,8,3,1,27,11,2,2,2,1,4,2,15,4,2,9,6,3,3,3,2,7,2,6,2,2,4,7,8,4,3,30,15,15,30,0,10,40,10,10,25,0,15,7,7,8,6,4,0,5,5,5,7,5,9,7,1,1,6,3,2,40,10,20,15,5,10,8,8,8,8,7,1,1,1,50,5,20,10,5,10,8,8,8,8,7
0,2,17,14,4,6,12,0,0.01,0,30,4,20,40,5,20,5,10,1,5,6,5,4,3,4,4,3,2,27,11,2,2,2,1,4,2,15,4,2,9,6,3,3,3,2,7,2,6,2,2,4,7,8,4,3,30,15,15,30,0,10,40,10,10,25,0,15,7,7,8,6,4,0,2,7,6,7,6,5,5,7,2,6,3,2,40,10,20,15,5,10,8,8,8,8,7,1,1,1,50,5,20,10,5,10,8,8,8,8,7
0,2,17,14,4,10,13,0,-0.01,0,29,4,35,30,25,5,0,5,1,7,6,7,7,6,5,7,7,2,27,11,2,2,2,1,4,2,15,4,2,9,6,3,3,3,2,7,2,6,2,2,4,7,8,4,3,30,15,15,30,0,10,40,10,10,25,0,15,7,7,8,6,4,0,4,7,8,7,8,7,6,9,2,6,3,2,40,10,20,15,5,10,8,8,8,8,7,1,1,1,50,5,20,10,5,10,8,8,8,8,7
0,2,17,14,4,5,14,0,-0.22,0,27,4,30,30,30,5,0,5,1,6,5,5,5,5,6,6,4,2,27,11,2,2,2,1,4,2,15,4,2,9,6,3,3,3,2,7,2,6,2,2,4,7,8,4,3,30,15,15,30,0,10,40,10,10,25,0,15,7,7,8,6,4,0,4,8,7,5,5,6,7,7,2,6,3,2,40,10,20,15,5,10,8,8,8,8,7,1,1,1,50,5,20,10,5,10,8,8,8,8,7
0,2,17,14,13,11,1,0,0.14,1,21,2,35,5,30,20,5,5,0,6,8,8,8,8,7,9,9,2,23,11,2,1,5,1,4,1,11,3,1,8,9,5,5,8,4,7,6,5,7,9,10,9,8,3,4,14,15,16,17,18,20,20,12,15,15,14,14,7,8,7,7,7,1,6,4,8,8,4,5,6,6,2,9,3,3,15,15,20,15,15,20,7,8,7,7,7,0,2,1,15,15,15,18,17,20,7,8,8,8,8
0,2,17,14,13,8,2,0,0.4,1,24,2,35,10,25,20,5,5,1,9,9,10,9,9,9,9,8,2,23,11,2,1,5,1,4,1,11,3,1,8,9,5,5,8,4,7,6,5,7,9,10,9,8,3,4,14,15,16,17,18,20,20,12,15,15,14,14,7,8,7,7,7,0,5,4,5,6,6,6,5,7,2,9,3,3,15,15,20,15,15,20,7,8,7,7,7,0,2,1,15,15,15,18,17,20,7,8,8,8,8
0,2,17,14,13,9,3,0,0.36,1,25,2,40,10,0,45,0,5,1,7,4,5,4,4,0,5,3,2,23,11,2,1,5,1,4,1,11,3,1,8,9,5,5,8,4,7,6,5,7,9,10,9,8,3,4,14,15,16,17,18,20,20,12,15,15,14,14,7,8,7,7,7,0,4,3,6,2,2,2,2,5,2,9,3,3,15,15,20,15,15,20,7,8,7,7,7,0,2,1,15,15,15,18,17,20,7,8,8,8,8
0,2,17,14,13,2,6,0,0.39,1,30,2,40,12,18,12,6,12,0,5,8,9,6,8,4,5,7,2,23,11,2,1,5,1,4,1,11,3,1,8,9,5,5,8,4,7,6,5,7,9,10,9,8,3,4,14,15,16,17,18,20,20,12,15,15,14,14,7,8,7,7,7,1,7,7,10,9,10,8,8,6,2,9,3,3,15,15,20,15,15,20,7,8,7,7,7,0,2,1,15,15,15,18,17,20,7,8,8,8,8
0,2,17,14,13,10,7,1,0.28,0,28,3,30,20,25,15,10,0,1,8,7,7,8,4,7,8,5,2,23,11,2,1,5,1,4,1,11,3,1,8,9,5,5,8,4,7,6,5,7,9,10,9,8,3,4,14,15,16,17,18,20,20,12,15,15,14,14,7,8,7,7,7,1,6,4,7,3,7,6,6,5,2,9,3,3,15,15,20,15,15,20,7,8,7,7,7,0,2,1,15,15,15,18,17,20,7,8,8,8,8
0,2,17,14,13,13,8,0,0.35,0,26,4,15,30,25,20,0,10,0,5,6,6,5,4,5,5,5,2,23,11,2,1,5,1,4,1,11,3,1,8,9,5,5,8,4,7,6,5,7,9,10,9,8,3,4,14,15,16,17,18,20,20,12,15,15,14,14,7,8,7,7,7,0,6,3,4,2,9,4,5,4,2,9,3,3,15,15,20,15,15,20,7,8,7,7,7,0,2,1,15,15,15,18,17,20,7,8,8,8,8
0,2,17,14,13,6,10,0,0.12,0,23,6,55,2,1,40,1,1,1,7,9,8,8,7,6,8,8,2,23,11,2,1,5,1,4,1,11,3,1,8,9,5,5,8,4,7,6,5,7,9,10,9,8,3,4,14,15,16,17,18,20,20,12,15,15,14,14,7,8,7,7,7,0,7,7,8,8,7,4,6,5,2,9,3,3,15,15,20,15,15,20,7,8,7,7,7,0,2,1,15,15,15,18,17,20,7,8,8,8,8
0,2,17,14,13,12,11,1,0.46,1,25,2,50,5,5,5,5,30,1,6,7,7,7,7,7,7,6,2,23,11,2,1,5,1,4,1,11,3,1,8,9,5,5,8,4,7,6,5,7,9,10,9,8,3,4,14,15,16,17,18,20,20,12,15,15,14,14,7,8,7,7,7,1,4,6,8,7,9,2,4,5,2,9,3,3,15,15,20,15,15,20,7,8,7,7,7,0,2,1,15,15,15,18,17,20,7,8,8,8,8
0,2,17,14,13,1,12,0,0.44,0,30,4,20,40,5,20,5,10,1,6,6,5,6,5,4,6,4,2,23,11,2,1,5,1,4,1,11,3,1,8,9,5,5,8,4,7,6,5,7,9,10,9,8,3,4,14,15,16,17,18,20,20,12,15,15,14,14,7,8,7,7,7,0,2,7,10,2,10,2,3,5,2,9,3,3,15,15,20,15,15,20,7,8,7,7,7,0,2,1,15,15,15,18,17,20,7,8,8,8,8
0,2,17,14,13,14,14,0,0.31,0,27,4,30,30,30,5,0,5,1,6,5,6,4,5,4,5,4,2,23,11,2,1,5,1,4,1,11,3,1,8,9,5,5,8,4,7,6,5,7,9,10,9,8,3,4,14,15,16,17,18,20,20,12,15,15,14,14,7,8,7,7,7,0,3,9,10,3,10,2,3,3,2,9,3,3,15,15,20,15,15,20,7,8,7,7,7,0,2,1,15,15,15,18,17,20,7,8,8,8,8
1,2,17,11,8,3,1,0,-0.41,0,22,4,10,25,15,20,15,15,0,5,9,9,8,7,3,6,2,2,24,1,2,4,2,2,7,1,1,6,1,6,7,7,8,7,14,9,9,8,9,10,10,10,7,2,7,35,10,25,20,5,5,50,0,0,25,25,0,8,7,8,9,8,1,7,9,9,8,7,7,9,5,2,7,1,3,60,5,20,10,0,5,8,7,9,8,8,1,0,0,50,15,15,15,0,5,7,7,9,7,8
1,2,17,11,9,4,2,0,-0.46,0,27,4,15,15,25,15,15,15,0,8,8,8,7,7,2,3,4,2,24,1,2,4,2,2,7,1,1,6,1,6,7,7,8,7,14,9,9,8,9,10,10,10,7,2,7,35,10,25,20,5,5,50,0,0,25,25,0,8,7,8,9,8,1,8,7,8,6,10,5,5,4,2,7,1,3,60,5,20,10,0,5,8,7,9,8,8,1,0,0,50,15,15,15,0,5,7,7,9,7,8
1,2,17,11,11,5,3,0,0.15,1,28,2,15,30,30,10,10,5,1,4,6,9,6,9,7,8,8,2,24,1,2,4,2,2,7,1,1,6,1,6,7,7,8,7,14,9,9,8,9,10,10,10,7,2,7,35,10,25,20,5,5,50,0,0,25,25,0,8,7,8,9,8,0,7,10,10,7,8,6,6,6,2,7,1,3,60,5,20,10,0,5,8,7,9,8,8,1,0,0,50,15,15,15,0,5,7,7,9,7,8
1,2,17,11,3,9,4,0,-0.11,0,30,6,20,20,20,20,10,10,0,6,4,4,5,3,7,5,3,2,24,1,2,4,2,2,7,1,1,6,1,6,7,7,8,7,14,9,9,8,9,10,10,10,7,2,7,35,10,25,20,5,5,50,0,0,25,25,0,8,7,8,9,8,0,6,8,9,9,8,8,8,5,2,7,1,3,60,5,20,10,0,5,8,7,9,8,8,1,0,0,50,15,15,15,0,5,7,7,9,7,8
1,2,17,11,4,10,5,0,-0.11,1,27,2,30,15,15,30,0,10,0,7,6,6,6,5,6,5,7,2,24,1,2,4,2,2,7,1,1,6,1,6,7,7,8,7,14,9,9,8,9,10,10,10,7,2,7,35,10,25,20,5,5,50,0,0,25,25,0,8,7,8,9,8,1,7,8,8,7,7,8,7,7,2,7,1,3,60,5,20,10,0,5,8,7,9,8,8,1,0,0,50,15,15,15,0,5,7,7,9,7,8
1,2,17,11,7,2,6,1,0.01,0,22,1,25,5,20,25,15,10,1,8,10,7,10,9,10,9,8,2,24,1,2,4,2,2,7,1,1,6,1,6,7,7,8,7,14,9,9,8,9,10,10,10,7,2,7,35,10,25,20,5,5,50,0,0,25,25,0,8,7,8,9,8,1,7,10,7,10,6,8,8,7,2,7,1,3,60,5,20,10,0,5,8,7,9,8,8,1,0,0,50,15,15,15,0,5,7,7,9,7,8
1,2,17,11,6,1,7,0,-0.05,1,23,2,28,8,17,22,17,8,1,10,10,10,10,10,10,10,10,1,24,1,2,4,2,2,7,1,1,6,1,6,7,7,8,7,14,9,9,8,9,10,10,10,7,2,7,35,10,25,20,5,5,50,0,0,25,25,0,8,7,8,9,8,0,9,9,9,10,8,5,7,7,1,7,1,3,60,5,20,10,0,5,8,7,9,8,8,1,0,0,50,15,15,15,0,5,7,7,9,7,8
1,2,17,11,13,7,9,0,0.4,1,23,2,14,15,16,17,18,20,0,5,4,5,6,6,6,5,7,2,24,1,2,4,2,2,7,1,1,6,1,6,7,7,8,7,14,9,9,8,9,10,10,10,7,2,7,35,10,25,20,5,5,50,0,0,25,25,0,8,7,8,9,8,1,9,9,10,9,9,9,9,8,2,7,1,3,60,5,20,10,0,5,8,7,9,8,8,1,0,0,50,15,15,15,0,5,7,7,9,7,8
1,2,17,11,12,1,8,0,0.15,1,23,2,15,15,18,18,14,20,1,7,7,8,9,9,8,8,5,2,30,13,2,1,1,2,5,2,9,9,6,8,8,5,3,9,5,9,10,5,4,10,8,9,5,1,5,40,12,18,12,6,12,30,15,10,20,20,5,9,8,7,10,7,0,7,9,7,6,5,6,7,8,2,7,3,3,50,10,10,10,15,5,8,10,10,7,6,2,1,1,50,10,15,10,5,10,8,9,9,7,7
1,2,17,11,13,2,9,0,0.39,1,23,2,14,15,16,17,18,20,1,7,7,10,9,10,8,8,6,2,30,13,2,1,1,2,5,2,9,9,6,8,8,5,3,9,5,9,10,5,4,10,8,9,5,1,5,40,12,18,12,6,12,30,15,10,20,20,5,9,8,7,10,7,0,5,8,9,6,8,4,5,7,2,7,3,3,50,10,10,10,15,5,8,10,10,7,6,2,1,1,50,10,15,10,5,10,8,9,9,7,7
1,2,17,11,8,2,1,0,-0.42,0,22,4,10,25,15,20,15,15,0,6,8,8,9,9,4,6,2,2,22,1,2,1,1,1,2,1,7,3,2,4,9,8,9,3,5,9,7,3,6,7,6,10,6,5,3,25,15,25,25,5,5,15,15,25,17,18,10,8,9,8,9,10,1,8,8,8,6,5,7,8,7,2,6,3,3,30,10,25,20,5,10,9,9,9,9,9,2,0,1,30,10,25,20,5,10,9,9,10,9,10
1,2,17,11,9,3,2,1,0.03,0,27,4,15,15,25,15,15,15,1,9,8,9,9,5,2,6,4,2,22,1,2,1,1,1,2,1,7,3,2,4,9,8,9,3,5,9,7,3,6,7,6,10,6,5,3,25,15,25,25,5,5,15,15,25,17,18,10,8,9,8,9,10,1,5,6,8,4,8,4,6,3,2,6,3,3,30,10,25,20,5,10,9,9,9,9,9,2,0,1,30,10,25,20,5,10,9,9,10,9,10
1,2,17,11,11,4,3,0,0.69,1,28,2,15,30,30,10,10,5,1,8,6,8,7,9,5,4,3,2,22,1,2,1,1,1,2,1,7,3,2,4,9,8,9,3,5,9,7,3,6,7,6,10,6,5,3,25,15,25,25,5,5,15,15,25,17,18,10,8,9,8,9,10,0,4,7,7,6,5,4,5,7,2,6,3,3,30,10,25,20,5,10,9,9,9,9,9,2,0,1,30,10,25,20,5,10,9,9,10,9,10
1,2,17,11,3,8,4,0,0.41,0,30,6,20,20,20,20,10,10,0,6,5,5,5,8,5,5,3,2,22,1,2,1,1,1,2,1,7,3,2,4,9,8,9,3,5,9,7,3,6,7,6,10,6,5,3,25,15,25,25,5,5,15,15,25,17,18,10,8,9,8,9,10,0,3,7,5,6,5,6,4,5,2,6,3,3,30,10,25,20,5,10,9,9,9,9,9,2,0,1,30,10,25,20,5,10,9,9,10,9,10
1,2,17,11,4,9,5,0,0.16,1,27,2,30,15,15,30,0,10,0,7,6,6,5,7,7,5,5,2,22,1,2,1,1,1,2,1,7,3,2,4,9,8,9,3,5,9,7,3,6,7,6,10,6,5,3,25,15,25,25,5,5,15,15,25,17,18,10,8,9,8,9,10,1,7,7,7,7,6,5,6,5,2,6,3,3,30,10,25,20,5,10,9,9,9,9,9,2,0,1,30,10,25,20,5,10,9,9,10,9,10
1,2,17,11,6,10,7,1,0,1,23,2,28,8,17,22,17,8,1,10,10,10,10,10,10,10,10,1,22,1,2,1,1,1,2,1,7,3,2,4,9,8,9,3,5,9,7,3,6,7,6,10,6,5,3,25,15,25,25,5,5,15,15,25,17,18,10,8,9,8,9,10,1,8,6,7,8,8,7,8,8,1,6,3,3,30,10,25,20,5,10,9,9,9,9,9,2,0,1,30,10,25,20,5,10,9,9,10,9,10
1,2,17,11,12,5,8,1,0.41,1,23,2,15,15,18,18,14,20,1,7,6,9,10,9,9,6,6,2,22,1,2,1,1,1,2,1,7,3,2,4,9,8,9,3,5,9,7,3,6,7,6,10,6,5,3,25,15,25,25,5,5,15,15,25,17,18,10,8,9,8,9,10,1,5,7,5,6,3,7,6,4,2,6,3,3,30,10,25,20,5,10,9,9,9,9,9,2,0,1,30,10,25,20,5,10,9,9,10,9,10
1,2,17,11,8,6,1,0,0.01,0,22,4,10,25,15,20,15,15,0,5,7,8,6,9,5,6,3,2,25,13,2,3,7,2,6,2,9,7,3,9,9,9,9,9,9,3,5,7,9,10,9,10,5,10,3,50,5,5,5,5,30,25,5,5,5,30,30,9,6,7,10,10,1,7,7,7,7,5,8,8,7,2,7,3,1,50,10,10,10,5,15,7,8,9,7,9,2,0,1,50,10,10,10,5,15,7,7,9,7,9
1,2,17,11,9,7,2,0,0.06,0,27,4,15,15,25,15,15,15,0,7,8,8,8,6,3,5,4,2,25,13,2,3,7,2,6,2,9,7,3,9,9,9,9,9,9,3,5,7,9,10,9,10,5,10,3,50,5,5,5,5,30,25,5,5,5,30,30,9,6,7,10,10,0,7,6,6,5,9,3,6,3,2,7,3,1,50,10,10,10,5,15,7,8,9,7,9,2,0,1,50,10,10,10,5,15,7,7,9,7,9
1,2,17,11,11,8,3,1,0.4,1,28,2,15,30,30,10,10,5,1,5,10,10,9,10,10,10,10,2,25,13,2,3,7,2,6,2,9,7,3,9,9,9,9,9,9,3,5,7,9,10,9,10,5,10,3,50,5,5,5,5,30,25,5,5,5,30,30,9,6,7,10,10,1,6,9,9,9,7,8,8,5,2,7,3,1,50,10,10,10,5,15,7,8,9,7,9,2,0,1,50,10,10,10,5,15,7,7,9,7,9
1,2,17,11,3,2,4,0,0.33,0,30,6,20,20,20,20,10,10,0,4,5,6,4,4,1,2,5,2,25,13,2,3,7,2,6,2,9,7,3,9,9,9,9,9,9,3,5,7,9,10,9,10,5,10,3,50,5,5,5,5,30,25,5,5,5,30,30,9,6,7,10,10,0,8,10,10,7,9,5,7,6,2,7,3,1,50,10,10,10,5,15,7,8,9,7,9,2,0,1,50,10,10,10,5,15,7,7,9,7,9
1,2,17,11,4,3,5,0,-0.1,1,27,2,30,15,15,30,0,10,0,5,5,5,7,5,9,7,1,1,25,13,2,3,7,2,6,2,9,7,3,9,9,9,9,9,9,3,5,7,9,10,9,10,5,10,3,50,5,5,5,5,30,25,5,5,5,30,30,9,6,7,10,10,1,9,8,8,8,7,7,8,3,1,7,3,1,50,10,10,10,5,15,7,8,9,7,9,2,0,1,50,10,10,10,5,15,7,7,9,7,9
1,2,17,11,7,5,6,0,-0.08,0,22,1,25,5,20,25,15,10,1,7,9,10,9,9,6,7,7,2,25,13,2,3,7,2,6,2,9,7,3,9,9,9,9,9,9,3,5,7,9,10,9,10,5,10,3,50,5,5,5,5,30,25,5,5,5,30,30,9,6,7,10,10,0,6,8,8,3,7,1,5,3,2,7,3,1,50,10,10,10,5,15,7,8,9,7,9,2,0,1,50,10,10,10,5,15,7,7,9,7,9
1,2,17,11,12,9,8,0,0.53,1,23,2,15,15,18,18,14,20,0,7,7,9,7,10,7,5,4,2,25,13,2,3,7,2,6,2,9,7,3,9,9,9,9,9,9,3,5,7,9,10,9,10,5,10,3,50,5,5,5,5,30,25,5,5,5,30,30,9,6,7,10,10,0,6,9,7,5,3,3,6,5,2,7,3,1,50,10,10,10,5,15,7,8,9,7,9,2,0,1,50,10,10,10,5,15,7,7,9,7,9
1,2,17,11,13,10,9,1,0.46,1,23,2,14,15,16,17,18,20,1,4,6,8,7,9,2,4,5,2,25,13,2,3,7,2,6,2,9,7,3,9,9,9,9,9,9,3,5,7,9,10,9,10,5,10,3,50,5,5,5,5,30,25,5,5,5,30,30,9,6,7,10,10,1,6,7,7,7,7,7,7,6,2,7,3,1,50,10,10,10,5,15,7,8,9,7,9,2,0,1,50,10,10,10,5,15,7,7,9,7,9
1,2,17,11,2,1,10,0,0.21,1,29,2,20,10,50,5,10,5,0,5,9,10,5,9,5,5,1,2,25,13,2,3,7,2,6,2,9,7,3,9,9,9,9,9,9,3,5,7,9,10,9,10,5,10,3,50,5,5,5,5,30,25,5,5,5,30,30,9,6,7,10,10,1,8,7,7,7,5,5,7,6,2,7,3,1,50,10,10,10,5,15,7,8,9,7,9,2,0,1,50,10,10,10,5,15,7,7,9,7,9
0,1,18,6,4,1,1,0,0.6,1,33,2,20,10,20,15,15,20,0,5,10,8,8,7,7,9,10,2,27,15,2,3,3,2,7,3,2,5,8,5,9,9,9,7,1,4,9,4,9,9,8,8,4,9,5,10,20,20,20,10,20,30,20,10,20,10,10,8,9,9,9,7,1,9,9,9,9,9,9,9,7,0,5,1,1,15,20,20,20,10,15,8,9,9,9,6,0,0,0,10,20,20,20,10,20,8,9,10,9,5
0,1,18,6,4,2,2,0,0.03,0,27,6,40,20,20,10,10,0,1,6,6,6,7,6,6,6,6,2,27,15,2,3,3,2,7,3,2,5,8,5,9,9,9,7,1,4,9,4,9,9,8,8,4,9,5,10,20,20,20,10,20,30,20,10,20,10,10,8,9,9,9,7,0,7,9,7,7,9,2,5,5,0,5,1,1,15,20,20,20,10,15,8,9,9,9,6,0,0,0,10,20,20,20,10,20,8,9,10,9,5
0,1,18,6,4,6,3,0,0.13,0,33,4,30,30,10,10,0,20,1,6,7,7,6,8,4,6,5,2,27,15,2,3,3,2,7,3,2,5,8,5,9,9,9,7,1,4,9,4,9,9,8,8,4,9,5,10,20,20,20,10,20,30,20,10,20,10,10,8,9,9,9,7,0,7,9,8,7,9,2,5,5,0,5,1,1,15,20,20,20,10,15,8,9,9,9,6,0,0,0,10,20,20,20,10,20,8,9,10,9,5
0,1,18,6,4,4,5,0,-0.03,0,33,4,15,15,15,20,15,20,0,8,8,8,6,5,5,6,7,2,27,15,2,3,3,2,7,3,2,5,8,5,9,9,9,7,1,4,9,4,9,9,8,8,4,9,5,10,20,20,20,10,20,30,20,10,20,10,10,8,9,9,9,7,1,8,8,9,8,9,5,8,7,0,5,1,1,15,20,20,20,10,15,8,9,9,9,6,0,0,0,10,20,20,20,10,20,8,9,10,9,5
0,1,18,6,6,3,1,0,0.02,0,33,2,20,10,20,15,15,20,0,7,8,9,8,10,6,7,4,2,29,8,4,9,8,1,4,1,7,9,1,6,10,8,6,9,3,6,9,7,8,8,4,1,10,9,5,50,5,25,20,0,0,50,10,20,0,0,20,10,10,9,10,10,1,5,10,8,8,6,5,4,5,0,4,3,3,40,20,15,15,15,15,9,9,10,10,10,1,1,0,70,0,30,0,0,0,10,10,10,10,10
0,1,18,6,6,4,2,0,-0.11,0,27,6,40,20,20,10,10,0,0,6,6,6,5,7,6,5,6,2,29,8,4,9,8,1,4,1,7,9,1,6,10,8,6,9,3,6,9,7,8,8,4,1,10,9,5,50,5,25,20,0,0,50,10,20,0,0,20,10,10,9,10,10,1,5,10,10,10,8,6,7,7,0,4,3,3,40,20,15,15,15,15,9,9,10,10,10,1,1,0,70,0,30,0,0,0,10,10,10,10,10
0,1,18,6,6,2,3,1,-0.44,1,33,4,30,30,10,10,0,20,1,8,7,7,7,6,5,7,4,2,29,8,4,9,8,1,4,1,7,9,1,6,10,8,6,9,3,6,9,7,8,8,4,1,10,9,5,50,5,25,20,0,0,50,10,20,0,0,20,10,10,9,10,10,1,4,9,6,7,8,7,6,8,0,4,3,3,40,20,15,15,15,15,9,9,10,10,10,1,1,0,70,0,30,0,0,0,10,10,10,10,10
0,1,18,6,6,6,5,1,-0.33,1,33,4,15,15,15,20,15,20,1,5,7,7,9,9,8,5,5,1,29,8,4,9,8,1,4,1,7,9,1,6,10,8,6,9,3,6,9,7,8,8,4,1,10,9,5,50,5,25,20,0,0,50,10,20,0,0,20,10,10,9,10,10,1,8,8,9,9,8,6,8,10,1,4,3,3,40,20,15,15,15,15,9,9,10,10,10,1,1,0,70,0,30,0,0,0,10,10,10,10,10
1,1,18,6,4,6,1,0,0.13,0,27,2,10,20,20,20,10,20,0,7,9,8,7,9,2,5,5,2,33,5,4,1,5,4,6,6,2,8,7,5,2,6,6,1,2,7,3,8,5,7,6,9,2,2,8,30,30,10,10,0,20,20,20,10,20,10,20,4,9,6,8,2,1,6,7,7,6,8,4,6,5,0,2,1,1,30,20,15,15,0,20,4,8,7,6,2,0,0,0,30,30,10,20,0,10,4,8,6,4,2
1,1,18,6,3,5,2,0,-0.09,1,24,4,10,25,20,16,20,9,0,4,9,7,3,7,3,4,4,2,33,5,4,1,5,4,6,6,2,8,7,5,2,6,6,1,2,7,3,8,5,7,6,9,2,2,8,30,30,10,10,0,20,20,20,10,20,10,20,4,9,6,8,2,0,6,10,7,6,6,5,7,5,0,2,1,1,30,20,15,15,0,20,4,8,7,6,2,0,0,0,30,30,10,20,0,10,4,8,6,4,2
1,1,18,6,2,4,3,0,-0.28,1,29,4,25,20,15,10,15,15,0,4,6,6,4,4,3,5,5,2,33,5,4,1,5,4,6,6,2,8,7,5,2,6,6,1,2,7,3,8,5,7,6,9,2,2,8,30,30,10,10,0,20,20,20,10,20,10,20,4,9,6,8,2,1,8,6,8,8,8,4,6,4,0,2,1,1,30,20,15,15,0,20,4,8,7,6,2,0,0,0,30,30,10,20,0,10,4,8,6,4,2
1,1,18,6,1,3,4,0,-0.17,1,55,4,25,0,25,25,0,25,0,4,7,9,6,8,5,4,1,2,33,5,4,1,5,4,6,6,2,8,7,5,2,6,6,1,2,7,3,8,5,7,6,9,2,2,8,30,30,10,10,0,20,20,20,10,20,10,20,4,9,6,8,2,1,6,10,6,9,4,6,7,6,0,2,1,1,30,20,15,15,0,20,4,8,7,6,2,0,0,0,30,30,10,20,0,10,4,8,6,4,2
1,1,18,6,6,2,5,1,-0.44,1,29,4,50,5,25,20,0,0,1,4,9,6,7,8,7,6,8,2,33,5,4,1,5,4,6,6,2,8,7,5,2,6,6,1,2,7,3,8,5,7,6,9,2,2,8,30,30,10,10,0,20,20,20,10,20,10,20,4,9,6,8,2,1,8,7,7,7,6,5,7,4,0,2,1,1,30,20,15,15,0,20,4,8,7,6,2,0,0,0,30,30,10,20,0,10,4,8,6,4,2
1,1,18,6,5,1,6,0,0.2,1,26,4,30,10,10,30,10,10,0,2,10,5,1,5,2,1,1,2,33,5,4,1,5,4,6,6,2,8,7,5,2,6,6,1,2,7,3,8,5,7,6,9,2,2,8,30,30,10,10,0,20,20,20,10,20,10,20,4,9,6,8,2,1,8,6,7,6,7,4,7,4,0,2,1,1,30,20,15,15,0,20,4,8,7,6,2,0,0,0,30,30,10,20,0,10,4,8,6,4,2
0,2,19,15,10,11,1,1,0.65,1,23,2,25,20,15,20,5,15,1,8,8,7,8,6,7,8,7,2,24,8,2,7,4,6,2,1,7,8,4,9,9,9,9,8,5,8,9,8,9,9,9,9,9,9,7,20,20,20,20,20,0,60,5,15,10,5,5,8,8,8,8,8,1,8,10,10,9,8,7,7,4,0,3,3,3,20,20,20,20,20,0,7,7,7,7,7,6,0,0,20,20,20,20,20,0,7,9,9,8,8
0,2,19,15,10,12,2,1,0.12,1,30,2,20,10,22,20,15,13,1,8,6,6,6,8,6,7,5,2,24,8,2,7,4,6,2,1,7,8,4,9,9,9,9,8,5,8,9,8,9,9,9,9,9,9,7,20,20,20,20,20,0,60,5,15,10,5,5,8,8,8,8,8,1,8,10,10,9,10,8,7,4,0,3,3,3,20,20,20,20,20,0,7,7,7,7,7,6,0,0,20,20,20,20,20,0,7,9,9,8,8
0,2,19,15,10,4,3,0,0.83,1,28,2,40,20,20,20,0,0,0,7,8,9,9,7,9,8,8,2,24,8,2,7,4,6,2,1,7,8,4,9,9,9,9,8,5,8,9,8,9,9,9,9,9,9,7,20,20,20,20,20,0,60,5,15,10,5,5,8,8,8,8,8,0,8,10,9,10,8,9,7,5,0,3,3,3,20,20,20,20,20,0,7,7,7,7,7,6,0,0,20,20,20,20,20,0,7,9,9,8,8
0,2,19,15,10,7,5,0,-0.09,0,29,1,20,15,20,15,15,15,1,9,10,10,10,10,9,9,6,2,24,8,2,7,4,6,2,1,7,8,4,9,9,9,9,8,5,8,9,8,9,9,9,9,9,9,7,20,20,20,20,20,0,60,5,15,10,5,5,8,8,8,8,8,0,7,10,10,6,6,6,7,5,0,3,3,3,20,20,20,20,20,0,7,7,7,7,7,6,0,0,20,20,20,20,20,0,7,9,9,8,8
0,2,19,15,10,9,6,0,0.59,0,32,3,20,20,20,15,10,15,0,9,7,7,4,8,6,5,2,2,24,8,2,7,4,6,2,1,7,8,4,9,9,9,9,8,5,8,9,8,9,9,9,9,9,9,7,20,20,20,20,20,0,60,5,15,10,5,5,8,8,8,8,8,1,7,8,10,7,9,7,5,4,0,3,3,3,20,20,20,20,20,0,7,7,7,7,7,6,0,0,20,20,20,20,20,0,7,9,9,8,8
0,2,19,15,10,3,7,0,0.24,0,24,4,25,26,15,10,9,15,0,8,5,5,5,9,2,6,4,2,24,8,2,7,4,6,2,1,7,8,4,9,9,9,9,8,5,8,9,8,9,9,9,9,9,9,7,20,20,20,20,20,0,60,5,15,10,5,5,8,8,8,8,8,1,6,10,10,8,8,7,5,4,0,3,3,3,20,20,20,20,20,0,7,7,7,7,7,6,0,0,20,20,20,20,20,0,7,9,9,8,8
0,2,19,15,10,13,8,0,0.49,0,29,4,15,20,20,20,5,20,1,8,8,8,8,8,8,8,8,2,24,8,2,7,4,6,2,1,7,8,4,9,9,9,9,8,5,8,9,8,9,9,9,9,9,9,7,20,20,20,20,20,0,60,5,15,10,5,5,8,8,8,8,8,0,6,7,8,9,9,7,6,4,0,3,3,3,20,20,20,20,20,0,7,7,7,7,7,6,0,0,20,20,20,20,20,0,7,9,9,8,8
0,2,19,15,10,14,9,1,0.06,1,28,2,20,10,20,20,20,0,1,8,9,8,7,8,7,8,7,2,24,8,2,7,4,6,2,1,7,8,4,9,9,9,9,8,5,8,9,8,9,9,9,9,9,9,7,20,20,20,20,20,0,60,5,15,10,5,5,8,8,8,8,8,1,9,9,9,10,10,8,8,5,0,3,3,3,20,20,20,20,20,0,7,7,7,7,7,6,0,0,20,20,20,20,20,0,7,9,9,8,8
0,2,19,15,10,15,11,1,0.61,0,29,3,30,10,25,20,8,7,1,7,7,8,7,6,7,5,6,2,24,8,2,7,4,6,2,1,7,8,4,9,9,9,9,8,5,8,9,8,9,9,9,9,9,9,7,20,20,20,20,20,0,60,5,15,10,5,5,8,8,8,8,8,1,9,10,10,10,10,9,8,5,0,3,3,3,20,20,20,20,20,0,7,7,7,7,7,6,0,0,20,20,20,20,20,0,7,9,9,8,8
0,2,19,15,10,8,12,1,0.12,0,30,6,30,0,30,30,10,0,1,10,8,10,8,10,2,2,1,2,24,8,2,7,4,6,2,1,7,8,4,9,9,9,9,8,5,8,9,8,9,9,9,9,9,9,7,20,20,20,20,20,0,60,5,15,10,5,5,8,8,8,8,8,1,8,10,10,9,9,9,8,5,0,3,3,3,20,20,20,20,20,0,7,7,7,7,7,6,0,0,20,20,20,20,20,0,7,9,9,8,8
0,2,19,15,10,2,14,0,0.29,1,30,2,25,25,25,25,0,0,0,8,8,8,7,7,7,7,4,2,24,8,2,7,4,6,2,1,7,8,4,9,9,9,9,8,5,8,9,8,9,9,9,9,9,9,7,20,20,20,20,20,0,60,5,15,10,5,5,8,8,8,8,8,1,8,10,10,10,9,10,8,5,0,3,3,3,20,20,20,20,20,0,7,7,7,7,7,6,0,0,20,20,20,20,20,0,7,9,9,8,8
0,2,19,15,10,6,15,1,-0.01,0,32,6,20,20,20,15,15,10,1,8,7,6,7,6,5,7,7,2,24,8,2,7,4,6,2,1,7,8,4,9,9,9,9,8,5,8,9,8,9,9,9,9,9,9,7,20,20,20,20,20,0,60,5,15,10,5,5,8,8,8,8,8,1,7,8,9,9,8,9,7,5,0,3,3,3,20,20,20,20,20,0,7,7,7,7,7,6,0,0,20,20,20,20,20,0,7,9,9,8,8
0,2,19,15,6,7,1,0,0.53,0,23,2,25,20,15,20,5,15,1,7,8,8,7,7,8,8,7,2,25,13,6,5,2,1,6,3,2,8,3,7,7,7,8,8,2,6,8,7,5,9,9,9,7,6,4,15,25,15,15,15,15,30,15,20,15,10,10,8,9,6,8,8,0,5,7,6,4,5,5,4,2,0,5,3,3,15,25,15,20,15,10,8,9,8,7,8,2,2,1,15,20,20,15,15,15,9,9,8,7,9
0,2,19,15,6,8,2,1,0.17,0,30,2,20,10,22,20,15,13,1,9,7,7,8,6,6,8,6,2,25,13,6,5,2,1,6,3,2,8,3,7,7,7,8,8,2,6,8,7,5,9,9,9,7,6,4,15,25,15,15,15,15,30,15,20,15,10,10,8,9,6,8,8,1,5,8,8,8,8,7,8,8,0,5,3,3,15,25,15,20,15,10,8,9,8,7,8,2,2,1,15,20,20,15,15,15,9,9,8,7,9
0,2,19,15,6,15,3,0,0.71,0,28,2,40,20,20,20,0,0,0,10,9,10,10,10,10,9,9,2,25,13,6,5,2,1,6,3,2,8,3,7,7,7,8,8,2,6,8,7,5,9,9,9,7,6,4,15,25,15,15,15,15,30,15,20,15,10,10,8,9,6,8,8,1,6,6,6,7,7,5,7,5,0,5,3,3,15,25,15,20,15,10,8,9,8,7,8,2,2,1,15,20,20,15,15,15,9,9,8,7,9
0,2,19,15,6,3,5,0,-0.12,0,29,1,20,15,20,15,15,15,1,10,10,10,10,10,9,10,7,2,25,13,6,5,2,1,6,3,2,8,3,7,7,7,8,8,2,6,8,7,5,9,9,9,7,6,4,15,25,15,15,15,15,30,15,20,15,10,10,8,9,6,8,8,0,5,8,7,5,8,4,7,7,0,5,3,3,15,25,15,20,15,10,8,9,8,7,8,2,2,1,15,20,20,15,15,15,9,9,8,7,9
0,2,19,15,6,14,7,0,0.31,0,24,4,25,26,15,10,9,15,1,4,7,8,6,8,2,7,3,2,25,13,6,5,2,1,6,3,2,8,3,7,7,7,8,8,2,6,8,7,5,9,9,9,7,6,4,15,25,15,15,15,15,30,15,20,15,10,10,8,9,6,8,8,0,4,7,7,3,3,2,5,5,0,5,3,3,15,25,15,20,15,10,8,9,8,7,8,2,2,1,15,20,20,15,15,15,9,9,8,7,9
0,2,19,15,6,9,8,0,0.33,0,29,4,15,20,20,20,5,20,1,10,7,8,8,10,8,8,8,2,25,13,6,5,2,1,6,3,2,8,3,7,7,7,8,8,2,6,8,7,5,9,9,9,7,6,4,15,25,15,15,15,15,30,15,20,15,10,10,8,9,6,8,8,0,4,8,8,5,5,3,5,7,0,5,3,3,15,25,15,20,15,10,8,9,8,7,8,2,2,1,15,20,20,15,15,15,9,9,8,7,9
0,2,19,15,6,10,9,0,-0.16,0,28,2,20,10,20,20,20,0,1,8,8,9,7,8,7,8,8,2,25,13,6,5,2,1,6,3,2,8,3,7,7,7,8,8,2,6,8,7,5,9,9,9,7,6,4,15,25,15,15,15,15,30,15,20,15,10,10,8,9,6,8,8,0,8,7,7,6,7,6,7,7,0,5,3,3,15,25,15,20,15,10,8,9,8,7,8,2,2,1,15,20,20,15,15,15,9,9,8,7,9
0,2,19,15,6,1,10,0,0.65,0,29,2,30,15,20,10,10,15,1,8,7,7,6,6,8,7,6,2,25,13,6,5,2,1,6,3,2,8,3,7,7,7,8,8,2,6,8,7,5,9,9,9,7,6,4,15,25,15,15,15,15,30,15,20,15,10,10,8,9,6,8,8,0,3,8,8,4,8,8,6,7,0,5,3,3,15,25,15,20,15,10,8,9,8,7,8,2,2,1,15,20,20,15,15,15,9,9,8,7,9
0,2,19,15,6,11,11,0,0.47,0,29,3,30,10,25,20,8,7,0,6,7,8,7,6,5,5,6,2,25,13,6,5,2,1,6,3,2,8,3,7,7,7,8,8,2,6,8,7,5,9,9,9,7,6,4,15,25,15,15,15,15,30,15,20,15,10,10,8,9,6,8,8,0,8,8,7,6,6,5,5,5,0,5,3,3,15,25,15,20,15,10,8,9,8,7,8,2,2,1,15,20,20,15,15,15,9,9,8,7,9
0,2,19,15,6,4,12,1,0.16,1,30,6,30,0,30,30,10,0,1,10,10,10,10,10,2,10,5,2,25,13,6,5,2,1,6,3,2,8,3,7,7,7,8,8,2,6,8,7,5,9,9,9,7,6,4,15,25,15,15,15,15,30,15,20,15,10,10,8,9,6,8,8,1,9,8,8,8,8,8,7,6,0,5,3,3,15,25,15,20,15,10,8,9,8,7,8,2,2,1,15,20,20,15,15,15,9,9,8,7,9
0,2,19,15,6,13,14,1,0.26,0,30,2,25,25,25,25,0,0,1,9,8,9,8,8,7,8,8,2,25,13,6,5,2,1,6,3,2,8,3,7,7,7,8,8,2,6,8,7,5,9,9,9,7,6,4,15,25,15,15,15,15,30,15,20,15,10,10,8,9,6,8,8,1,5,7,7,6,6,4,7,6,0,5,3,3,15,25,15,20,15,10,8,9,8,7,8,2,2,1,15,20,20,15,15,15,9,9,8,7,9
0,2,19,15,6,2,15,0,-0.07,1,32,6,20,20,20,15,15,10,0,7,5,7,5,5,4,6,6,2,25,13,6,5,2,1,6,3,2,8,3,7,7,7,8,8,2,6,8,7,5,9,9,9,7,6,4,15,25,15,15,15,15,30,15,20,15,10,10,8,9,6,8,8,0,4,7,7,7,7,6,5,6,0,5,3,3,15,25,15,20,15,10,8,9,8,7,8,2,2,1,15,20,20,15,15,15,9,9,8,7,9
0,2,19,15,5,2,5,1,0.51,0,29,1,20,15,20,15,15,15,1,9,9,10,9,10,7,8,5,2,25,13,4,1,1,2,3,1,9,10,7,7,7,7,7,3,3,4,7,9,7,7,7,8,6,9,4,20,10,20,20,10,20,40,10,20,10,10,10,8,8,8,6,6,1,6,8,8,7,7,7,7,7,0,3,2,2,30,20,10,20,10,10,8,8,6,7,4,0,4,1,40,20,10,10,0,10,8,7,7,8,5
0,2,19,15,5,4,6,0,0.17,0,32,3,20,20,20,15,10,15,0,8,7,6,8,6,5,6,3,2,25,13,4,1,1,2,3,1,9,10,7,7,7,7,7,3,3,4,7,9,7,7,7,8,6,9,4,20,10,20,20,10,20,40,10,20,10,10,10,8,8,8,6,6,0,7,7,7,5,8,6,7,6,0,3,2,2,30,20,10,20,10,10,8,8,6,7,4,0,4,1,40,20,10,10,0,10,8,7,7,8,5
0,2,19,15,5,13,7,0,0.42,1,24,4,25,26,15,10,9,15,1,7,7,7,5,5,3,6,4,2,25,13,4,1,1,2,3,1,9,10,7,7,7,7,7,3,3,4,7,9,7,7,7,8,6,9,4,20,10,20,20,10,20,40,10,20,10,10,10,8,8,8,6,6,0,3,9,8,3,6,2,6,6,0,3,2,2,30,20,10,20,10,10,8,8,6,7,4,0,4,1,40,20,10,10,0,10,8,7,7,8,5
0,2,19,15,5,8,8,0,0.31,1,29,4,15,20,20,20,5,20,0,5,5,8,5,5,5,5,5,2,25,13,4,1,1,2,3,1,9,10,7,7,7,7,7,3,3,4,7,9,7,7,7,8,6,9,4,20,10,20,20,10,20,40,10,20,10,10,10,8,8,8,6,6,1,4,7,6,6,5,7,7,7,0,3,2,2,30,20,10,20,10,10,8,8,6,7,4,0,4,1,40,20,10,10,0,10,8,7,7,8,5
0,2,19,15,5,9,9,1,-0.17,0,28,2,20,10,20,20,20,0,1,10,8,8,8,8,8,10,8,2,25,13,4,1,1,2,3,1,9,10,7,7,7,7,7,3,3,4,7,9,7,7,7,8,6,9,4,20,10,20,20,10,20,40,10,20,10,10,10,8,8,8,6,6,1,7,4,5,8,5,7,6,9,0,3,2,2,30,20,10,20,10,10,8,8,6,7,4,0,4,1,40,20,10,10,0,10,8,7,7,8,5
0,2,19,15,5,10,11,1,-0.22,0,29,3,30,10,25,20,8,7,1,8,7,6,6,7,8,7,5,2,25,13,4,1,1,2,3,1,9,10,7,7,7,7,7,3,3,4,7,9,7,7,7,8,6,9,4,20,10,20,20,10,20,40,10,20,10,10,10,8,8,8,6,6,1,8,8,8,8,8,5,8,5,0,3,2,2,30,20,10,20,10,10,8,8,6,7,4,0,4,1,40,20,10,10,0,10,8,7,7,8,5
0,2,19,15,5,3,12,1,0.27,0,30,6,30,0,30,30,10,0,1,10,10,10,10,10,10,10,5,2,25,13,4,1,1,2,3,1,9,10,7,7,7,7,7,3,3,4,7,9,7,7,7,8,6,9,4,20,10,20,20,10,20,40,10,20,10,10,10,8,8,8,6,6,1,9,8,8,9,7,8,8,8,0,3,2,2,30,20,10,20,10,10,8,8,6,7,4,0,4,1,40,20,10,10,0,10,8,7,7,8,5
0,2,19,15,5,11,13,1,0.67,1,20,4,30,10,10,30,10,10,1,9,10,9,9,8,10,9,7,2,25,13,4,1,1,2,3,1,9,10,7,7,7,7,7,3,3,4,7,9,7,7,7,8,6,9,4,20,10,20,20,10,20,40,10,20,10,10,10,8,8,8,6,6,1,9,9,7,8,5,8,8,8,0,3,2,2,30,20,10,20,10,10,8,8,6,7,4,0,4,1,40,20,10,10,0,10,8,7,7,8,5
0,2,19,15,5,1,15,0,-0.19,0,32,6,20,20,20,15,15,10,1,7,7,6,5,5,5,7,6,2,25,13,4,1,1,2,3,1,9,10,7,7,7,7,7,3,3,4,7,9,7,7,7,8,6,9,4,20,10,20,20,10,20,40,10,20,10,10,10,8,8,8,6,6,0,4,4,8,6,7,3,6,2,0,3,2,2,30,20,10,20,10,10,8,8,6,7,4,0,4,1,40,20,10,10,0,10,8,7,7,8,5
1,2,19,15,3,4,1,0,0.7,1,24,2,10,20,20,15,20,15,0,5,7,5.5,4,4,3,4,5,2,23,9,2,8,1,2,3,2,2,3,3,7,9,8,7,1,2,5,8,2,7,10,10,10,6,1,6,25,20,15,20,5,15,30,10,10,20,20,10,8,7,8,9,5,0,5,7,7,6,6,4,6,5,0,7,1,3,25,15,10,25,0,25,8,7,9,8,6,2,0,0,20,20,20,20,0,20,8,7,9,8,6
1,2,19,15,10,11,2,1,0.65,1,24,2,20,20,20,20,20,0,1,8,10,10,9,8,7,7,4,2,23,9,2,8,1,2,3,2,2,3,3,7,9,8,7,1,2,5,8,2,7,10,10,10,6,1,6,25,20,15,20,5,15,30,10,10,20,20,10,8,7,8,9,5,1,8,8,7,8,6,7,8,7,0,7,1,3,25,15,10,25,0,25,8,7,9,8,6,2,0,0,20,20,20,20,0,20,8,7,9,8,6
1,2,19,15,6,7,3,0,0.53,0,25,6,15,25,15,15,15,15,0,5,7,6,4,5,5,4,2,2,23,9,2,8,1,2,3,2,2,3,3,7,9,8,7,1,2,5,8,2,7,10,10,10,6,1,6,25,20,15,20,5,15,30,10,10,20,20,10,8,7,8,9,5,1,7,8,8,7,7,8,8,7,0,7,1,3,25,15,10,25,0,25,8,7,9,8,6,2,0,0,20,20,20,20,0,20,8,7,9,8,6
1,2,19,15,13,14,5,0,0.67,0,29,4,10,20,25,25,10,10,0,3,4,5,4,2,3,4,3,2,23,9,2,8,1,2,3,2,2,3,3,7,9,8,7,1,2,5,8,2,7,10,10,10,6,1,6,25,20,15,20,5,15,30,10,10,20,20,10,8,7,8,9,5,0,7,7,8,5,7,1,4,1,0,7,1,3,25,15,10,25,0,25,8,7,9,8,6,2,0,0,20,20,20,20,0,20,8,7,9,8,6
1,2,19,15,12,13,6,0,0.46,0,30,4,15,15,25,10,15,20,0,4,3,4,3,4,2,2,2,2,23,9,2,8,1,2,3,2,2,3,3,7,9,8,7,1,2,5,8,2,7,10,10,10,6,1,6,25,20,15,20,5,15,30,10,10,20,20,10,8,7,8,9,5,0,3,6,7,6,7,2,2,1,0,7,1,3,25,15,10,25,0,25,8,7,9,8,6,2,0,0,20,20,20,20,0,20,8,7,9,8,6
1,2,19,15,1,2,7,0,0.6,0,25,3,10,25,25,20,10,10,1,8,7,7,7,5,6,8,8,2,23,9,2,8,1,2,3,2,2,3,3,7,9,8,7,1,2,5,8,2,7,10,10,10,6,1,6,25,20,15,20,5,15,30,10,10,20,20,10,8,7,8,9,5,0,5,9,8,6,6,3,7,4,0,7,1,3,25,15,10,25,0,25,8,7,9,8,6,2,0,0,20,20,20,20,0,20,8,7,9,8,6
1,2,19,15,9,10,8,0,0.54,0,34,4,15,20,20,15,15,15,0,10,9,8,8,8,8,8,5,2,23,9,2,8,1,2,3,2,2,3,3,7,9,8,7,1,2,5,8,2,7,10,10,10,6,1,6,25,20,15,20,5,15,30,10,10,20,20,10,8,7,8,9,5,0,3,7,8,2,6,1,5,1,0,7,1,3,25,15,10,25,0,25,8,7,9,8,6,2,0,0,20,20,20,20,0,20,8,7,9,8,6
1,2,19,15,15,1,10,0,0.66,0,27,3,10,15,30,10,15,20,0,6,8,7,3,3,6,6,7,2,23,9,2,8,1,2,3,2,2,3,3,7,9,8,7,1,2,5,8,2,7,10,10,10,6,1,6,25,20,15,20,5,15,30,10,10,20,20,10,8,7,8,9,5,1,5,8,7,7,8,5,7,6,0,7,1,3,25,15,10,25,0,25,8,7,9,8,6,2,0,0,20,20,20,20,0,20,8,7,9,8,6
1,2,19,15,14,15,11,0,0.41,1,25,2,20,20,20,15,15,10,0,7,4,5,3,4,3,4,2,2,23,9,2,8,1,2,3,2,2,3,3,7,9,8,7,1,2,5,8,2,7,10,10,10,6,1,6,25,20,15,20,5,15,30,10,10,20,20,10,8,7,8,9,5,0,5,5,5,5,5,1,3,3,0,7,1,3,25,15,10,25,0,25,8,7,9,8,6,2,0,0,20,20,20,20,0,20,8,7,9,8,6
1,2,19,15,4,5,12,0,0.35,0,27,3,16,19,16,17,15,17,0,6,6,6,5,6,7,6,4,2,23,9,2,8,1,2,3,2,2,3,3,7,9,8,7,1,2,5,8,2,7,10,10,10,6,1,6,25,20,15,20,5,15,30,10,10,20,20,10,8,7,8,9,5,0,6,8,8,5,5,3,5,1,0,7,1,3,25,15,10,25,0,25,8,7,9,8,6,2,0,0,20,20,20,20,0,20,8,7,9,8,6
1,2,19,15,7,8,15,0,0.23,1,27,2,15,15,20,20,15,15,0,6,8,6,4,5,3,6,8,2,23,9,2,8,1,2,3,2,2,3,3,7,9,8,7,1,2,5,8,2,7,10,10,10,6,1,6,25,20,15,20,5,15,30,10,10,20,20,10,8,7,8,9,5,1,8,6,7,7,7,7,7,5,0,7,1,3,25,15,10,25,0,25,8,7,9,8,6,2,0,0,20,20,20,20,0,20,8,7,9,8,6
1,2,19,15,11,12,16,0,0.45,1,26,2,16,18,18,20,12,16,0,5,5,5,5,5,5,6,7,2,23,9,2,8,1,2,3,2,2,3,3,7,9,8,7,1,2,5,8,2,7,10,10,10,6,1,6,25,20,15,20,5,15,30,10,10,20,20,10,8,7,8,9,5,1,7,6,6,6,5,6,7,7,0,7,1,3,25,15,10,25,0,25,8,7,9,8,6,2,0,0,20,20,20,20,0,20,8,7,9,8,6
1,2,19,15,13,13,5,0,0.43,1,29,4,10,20,25,25,10,10,0,3,3,8,2,2,2,5,4,2,31,18,4,1,1,1,6,4,15,7,3,5,9,9,9,9,3,7,9,1,9,9,9,9,2,7,6,16,16,20,16,16,16,25,10,25,15,5,20,4,8,2,9,9,1,9,8,10,8,7,7,7,3,0,9,3,2,10,25,25,15,15,10,2,8,9,2,9,1,0,0,5,15,25,25,20,10,2,8,8,2,8
1,2,19,15,12,12,6,0,0.09,1,30,4,15,15,25,10,15,20,0,3,5,6,2,3,2,2,2,2,31,18,4,1,1,1,6,4,15,7,3,5,9,9,9,9,3,7,9,1,9,9,9,9,2,7,6,16,16,20,16,16,16,25,10,25,15,5,20,4,8,2,9,9,1,8,7,10,10,8,7,7,6,0,9,3,2,10,25,25,15,15,10,2,8,9,2,9,1,0,0,5,15,25,25,20,10,2,8,8,2,8
1,2,19,15,9,9,8,1,0.62,1,34,4,15,20,20,15,15,15,1,8,10,10,8,8,8,8,7,2,31,18,4,1,1,1,6,4,15,7,3,5,9,9,9,9,3,7,9,1,9,9,9,9,2,7,6,16,16,20,16,16,16,25,10,25,15,5,20,4,8,2,9,9,1,7,7,8,5,9,8,6,5,0,9,3,2,10,25,25,15,15,10,2,8,9,2,9,1,0,0,5,15,25,25,20,10,2,8,8,2,8
1,2,19,15,10,9,2,0,0.59,0,24,2,20,20,20,20,20,0,1,7,8,10,7,9,7,5,4,2,32,10,3,1,1,3,6,2,4,7,1,3,10,8,6,4,1,9,8,1,7,10,5,8,2,2,8,20,20,20,15,10,15,10,25,25,15,15,10,7,10,8,9,9,0,9,7,7,4,8,6,5,2,0,5,1,3,15,25,20,15,15,10,6,10,8,7,9,0,0,0,20,25,20,15,15,5,7,10,9,8,9
1,2,19,15,5,4,4,0,0.17,0,25,4,20,10,20,20,10,20,0,7,7,7,5,8,6,7,6,2,32,10,3,1,1,3,6,2,4,7,1,3,10,8,6,4,1,9,8,1,7,10,5,8,2,2,8,20,20,20,15,10,15,10,25,25,15,15,10,7,10,8,9,9,0,8,7,6,8,6,5,6,3,0,5,1,3,15,25,20,15,15,10,6,10,8,7,9,0,0,0,20,25,20,15,15,5,7,10,9,8,9
1,2,19,15,12,11,6,0,0.39,0,30,4,15,15,25,10,15,20,0,6,6,5,5,4,3,2,2,2,32,10,3,1,1,3,6,2,4,7,1,3,10,8,6,4,1,9,8,1,7,10,5,8,2,2,8,20,20,20,15,10,15,10,25,25,15,15,10,7,10,8,9,9,0,6,7,8,6,8,8,6,4,0,5,1,3,15,25,20,15,15,10,6,10,8,7,9,0,0,0,20,25,20,15,15,5,7,10,9,8,9
1,2,19,15,1,15,7,0,0.74,1,25,3,10,25,25,20,10,10,0,3,4,6,5,9,7,6,10,2,32,10,3,1,1,3,6,2,4,7,1,3,10,8,6,4,1,9,8,1,7,10,5,8,2,2,8,20,20,20,15,10,15,10,25,25,15,15,10,7,10,8,9,9,0,4,7,7,6,8,6,4,3,0,5,1,3,15,25,20,15,15,10,6,10,8,7,9,0,0,0,20,25,20,15,15,5,7,10,9,8,9
1,2,19,15,9,8,8,0,0.53,0,34,4,15,20,20,15,15,15,1,8,9,9,8,8,7,7,6,2,32,10,3,1,1,3,6,2,4,7,1,3,10,8,6,4,1,9,8,1,7,10,5,8,2,2,8,20,20,20,15,10,15,10,25,25,15,15,10,7,10,8,9,9,0,5,7,6,4,5,6,3,2,0,5,1,3,15,25,20,15,15,10,6,10,8,7,9,0,0,0,20,25,20,15,15,5,7,10,9,8,9
1,2,19,15,15,14,10,0,0.58,1,27,3,10,15,30,10,15,20,1,5,6,7,5,5,5,5,5,2,32,10,3,1,1,3,6,2,4,7,1,3,10,8,6,4,1,9,8,1,7,10,5,8,2,2,8,20,20,20,15,10,15,10,25,25,15,15,10,7,10,8,9,9,0,5,7,6,5,7,5,7,4,0,5,1,3,15,25,20,15,15,10,6,10,8,7,9,0,0,0,20,25,20,15,15,5,7,10,9,8,9
1,2,19,15,14,13,11,0,0.47,0,25,2,20,20,20,15,15,10,1,8,8,8,7,8,5,5,6,2,32,10,3,1,1,3,6,2,4,7,1,3,10,8,6,4,1,9,8,1,7,10,5,8,2,2,8,20,20,20,15,10,15,10,25,25,15,15,10,7,10,8,9,9,0,8,8,7,6,7,5,7,3,0,5,1,3,15,25,20,15,15,10,6,10,8,7,9,0,0,0,20,25,20,15,15,5,7,10,9,8,9
1,2,19,15,4,3,12,0,0.66,1,27,3,16,19,16,17,15,17,0,6,6,8,5,7,7,6,5,2,32,10,3,1,1,3,6,2,4,7,1,3,10,8,6,4,1,9,8,1,7,10,5,8,2,2,8,20,20,20,15,10,15,10,25,25,15,15,10,7,10,8,9,9,0,4,6,7,7,6,9,6,5,0,5,1,3,15,25,20,15,15,10,6,10,8,7,9,0,0,0,20,25,20,15,15,5,7,10,9,8,9
1,2,19,15,7,6,15,0,0.37,0,27,2,15,15,20,20,15,15,0,3,8,9,6,9,1,5,8,2,32,10,3,1,1,3,6,2,4,7,1,3,10,8,6,4,1,9,8,1,7,10,5,8,2,2,8,20,20,20,15,10,15,10,25,25,15,15,10,7,10,8,9,9,1,9,7,8,7,7,6,7,5,0,5,1,3,15,25,20,15,15,10,6,10,8,7,9,0,0,0,20,25,20,15,15,5,7,10,9,8,9
1,2,19,15,11,10,16,0,0.55,0,26,2,16,18,18,20,12,16,0,4,10,9,8,9,8,6,7,2,32,10,3,1,1,3,6,2,4,7,1,3,10,8,6,4,1,9,8,1,7,10,5,8,2,2,8,20,20,20,15,10,15,10,25,25,15,15,10,7,10,8,9,9,0,6,8,9,6,7,7,7,4,0,5,1,3,15,25,20,15,15,10,6,10,8,7,9,0,0,0,20,25,20,15,15,5,7,10,9,8,9
1,2,19,15,3,8,1,0,0.35,0,24,2,10,20,20,15,20,15,0,5,4,5,5,5,3,3,2,2,29,8,3,3,3,2,4,1,7,9,2,9,9,9,8,9,7,9,8,2,7,8,8,9,9,6,5,30,10,25,20,8,7,50,10,10,20,5,5,7,7,7,7,7,1,7,6,7,7,7,8,5,5,0,8,3,3,30,20,20,20,5,5,8,7,8,8,8,2,0,0,50,10,10,10,10,10,8,7,6,7,7
1,2,19,15,10,15,2,1,0.61,0,24,2,20,20,20,20,20,0,1,9,10,10,10,10,9,8,5,2,29,8,3,3,3,2,4,1,7,9,2,9,9,9,8,9,7,9,8,2,7,8,8,9,9,6,5,30,10,25,20,8,7,50,10,10,20,5,5,7,7,7,7,7,1,7,7,8,7,6,7,5,6,0,8,3,3,30,20,20,20,5,5,8,7,8,8,8,2,0,0,50,10,10,10,10,10,8,7,6,7,7
1,2,19,15,6,11,3,0,0.47,0,25,6,15,25,15,15,15,15,0,8,8,7,6,6,5,5,5,2,29,8,3,3,3,2,4,1,7,9,2,9,9,9,8,9,7,9,8,2,7,8,8,9,9,6,5,30,10,25,20,8,7,50,10,10,20,5,5,7,7,7,7,7,0,6,7,8,7,6,5,5,6,0,8,3,3,30,20,20,20,5,5,8,7,8,8,8,2,0,0,50,10,10,10,10,10,8,7,6,7,7
1,2,19,15,5,10,4,1,-0.22,0,25,4,20,10,20,20,10,20,1,8,8,8,8,8,5,8,5,2,29,8,3,3,3,2,4,1,7,9,2,9,9,9,8,9,7,9,8,2,7,8,8,9,9,6,5,30,10,25,20,8,7,50,10,10,20,5,5,7,7,7,7,7,1,8,7,6,6,7,8,7,5,0,8,3,3,30,20,20,20,5,5,8,7,8,8,8,2,0,0,50,10,10,10,10,10,8,7,6,7,7
1,2,19,15,13,3,5,1,0.23,0,29,4,10,20,25,25,10,10,1,7,6,8,5,5,4,7,5,2,29,8,3,3,3,2,4,1,7,9,2,9,9,9,8,9,7,9,8,2,7,8,8,9,9,6,5,30,10,25,20,8,7,50,10,10,20,5,5,7,7,7,7,7,1,8,7,7,8,8,6,7,6,0,8,3,3,30,20,20,20,5,5,8,7,8,8,8,2,0,0,50,10,10,10,10,10,8,7,6,7,7
1,2,19,15,12,2,6,0,0.19,0,30,4,15,15,25,10,15,20,1,8,7,7,8,8,8,7,6,2,29,8,3,3,3,2,4,1,7,9,2,9,9,9,8,9,7,9,8,2,7,8,8,9,9,6,5,30,10,25,20,8,7,50,10,10,20,5,5,7,7,7,7,7,0,7,7,7,7,7,6,6,6,0,8,3,3,30,20,20,20,5,5,8,7,8,8,8,2,0,0,50,10,10,10,10,10,8,7,6,7,7
1,2,19,15,1,6,7,0,0.57,1,25,3,10,25,25,20,10,10,1,5,3,9,10,9,7,7,8,2,29,8,3,3,3,2,4,1,7,9,2,9,9,9,8,9,7,9,8,2,7,8,8,9,9,6,5,30,10,25,20,8,7,50,10,10,20,5,5,7,7,7,7,7,0,6,7,7,7,6,5,5,6,0,8,3,3,30,20,20,20,5,5,8,7,8,8,8,2,0,0,50,10,10,10,10,10,8,7,6,7,7
1,2,19,15,9,14,8,0,0.23,0,34,4,15,20,20,15,15,15,1,9,9,9,9,10,8,8,7,2,29,8,3,3,3,2,4,1,7,9,2,9,9,9,8,9,7,9,8,2,7,8,8,9,9,6,5,30,10,25,20,8,7,50,10,10,20,5,5,7,7,7,7,7,0,6,7,6,5,5,5,5,4,0,8,3,3,30,20,20,20,5,5,8,7,8,8,8,2,0,0,50,10,10,10,10,10,8,7,6,7,7
1,2,19,15,15,5,10,0,0.3,1,27,3,10,15,30,10,15,20,1,8,5,7,7,7,6,5,5,2,29,8,3,3,3,2,4,1,7,9,2,9,9,9,8,9,7,9,8,2,7,8,8,9,9,6,5,30,10,25,20,8,7,50,10,10,20,5,5,7,7,7,7,7,0,5,6,5,5,5,5,5,5,0,8,3,3,30,20,20,20,5,5,8,7,8,8,8,2,0,0,50,10,10,10,10,10,8,7,6,7,7
1,2,19,15,14,4,11,0,0.6,0,25,2,20,20,20,15,15,10,0,9,5,7,8,6,6,6,5,2,29,8,3,3,3,2,4,1,7,9,2,9,9,9,8,9,7,9,8,2,7,8,8,9,9,6,5,30,10,25,20,8,7,50,10,10,20,5,5,7,7,7,7,7,0,5,6,6,7,6,6,5,5,0,8,3,3,30,20,20,20,5,5,8,7,8,8,8,2,0,0,50,10,10,10,10,10,8,7,6,7,7
1,2,19,15,4,9,12,0,0.59,1,27,3,16,19,16,17,15,17,1,9,7,8,8,8,6,7,5,2,29,8,3,3,3,2,4,1,7,9,2,9,9,9,8,9,7,9,8,2,7,8,8,9,9,6,5,30,10,25,20,8,7,50,10,10,20,5,5,7,7,7,7,7,0,5,5,5,5,5,6,7,7,0,8,3,3,30,20,20,20,5,5,8,7,8,8,8,2,0,0,50,10,10,10,10,10,8,7,6,7,7
1,2,19,15,7,12,15,0,0.45,0,27,2,15,15,20,20,15,15,1,7,6,8,7,9,4,7,8,2,29,8,3,3,3,2,4,1,7,9,2,9,9,9,8,9,7,9,8,2,7,8,8,9,9,6,5,30,10,25,20,8,7,50,10,10,20,5,5,7,7,7,7,7,0,6,6,7,6,6,5,5,5,0,8,3,3,30,20,20,20,5,5,8,7,8,8,8,2,0,0,50,10,10,10,10,10,8,7,6,7,7
1,2,19,15,3,1,1,0,0.16,0,24,2,10,20,20,15,20,15,0,7,6,8,5,7,1,5,5,2,30,10,6,1,1,2,4,2,2,10,10,10,10,10,10,10,2,4,10,7,5,5,2,5,10,10,7,30,0,30,30,10,0,0,30,30,0,30,10,10,10,10,10,10,0,10,10,10,10,10,1,10,2,0,6,3,2,50,5,30,10,0,5,4,5,10,10,10,3,2,1,50,5,30,15,5,5,5,6,8,10,7
1,2,19,15,10,8,2,1,0.12,0,24,2,20,20,20,20,20,0,1,8,10,10,9,9,9,8,5,2,30,10,6,1,1,2,4,2,2,10,10,10,10,10,10,10,2,4,10,7,5,5,2,5,10,10,7,30,0,30,30,10,0,0,30,30,0,30,10,10,10,10,10,10,1,10,8,10,8,10,2,2,1,0,6,3,2,50,5,30,10,0,5,4,5,10,10,10,3,2,1,50,5,30,15,5,5,5,6,8,10,7
1,2,19,15,6,4,3,1,0.16,1,25,6,15,25,15,15,15,15,1,9,8,8,8,8,8,7,6,2,30,10,6,1,1,2,4,2,2,10,10,10,10,10,10,10,2,4,10,7,5,5,2,5,10,10,7,30,0,30,30,10,0,0,30,30,0,30,10,10,10,10,10,10,1,10,10,10,10,10,2,10,5,0,6,3,2,50,5,30,10,0,5,4,5,10,10,10,3,2,1,50,5,30,15,5,5,5,6,8,10,7
1,2,19,15,5,3,4,1,0.27,0,25,4,20,10,20,20,10,20,1,9,8,8,9,7,8,8,8,2,30,10,6,1,1,2,4,2,2,10,10,10,10,10,10,10,2,4,10,7,5,5,2,5,10,10,7,30,0,30,30,10,0,0,30,30,0,30,10,10,10,10,10,10,1,10,10,10,10,10,10,10,5,0,6,3,2,50,5,30,10,0,5,4,5,10,10,10,3,2,1,50,5,30,15,5,5,5,6,8,10,7
1,2,19,15,13,11,5,0,0.11,0,29,4,10,20,25,25,10,10,0,3,5,4,5,2,3,6,4,2,30,10,6,1,1,2,4,2,2,10,10,10,10,10,10,10,2,4,10,7,5,5,2,5,10,10,7,30,0,30,30,10,0,0,30,30,0,30,10,10,10,10,10,10,1,10,10,10,10,8,10,10,6,0,6,3,2,50,5,30,10,0,5,4,5,10,10,10,3,2,1,50,5,30,15,5,5,5,6,8,10,7
1,2,19,15,1,14,7,1,0.12,0,25,3,10,25,25,20,10,10,1,10,9,10,10,10,10,10,10,2,30,10,6,1,1,2,4,2,2,10,10,10,10,10,10,10,2,4,10,7,5,5,2,5,10,10,7,30,0,30,30,10,0,0,30,30,0,30,10,10,10,10,10,10,1,8,10,10,2,8,1,8,1,0,6,3,2,50,5,30,10,0,5,4,5,10,10,10,3,2,1,50,5,30,15,5,5,5,6,8,10,7
1,2,19,15,9,7,8,0,-0.16,0,34,4,15,20,20,15,15,15,1,8,10,10,8,9,9,9,7,2,30,10,6,1,1,2,4,2,2,10,10,10,10,10,10,10,2,4,10,7,5,5,2,5,10,10,7,30,0,30,30,10,0,0,30,30,0,30,10,10,10,10,10,10,0,8,10,10,2,8,10,8,1,0,6,3,2,50,5,30,10,0,5,4,5,10,10,10,3,2,1,50,5,30,15,5,5,5,6,8,10,7
1,2,19,15,8,6,9,1,0.32,0,30,1,15,20,10,30,5,20,1,8,7,7,9,7,8,7,10,2,30,10,6,1,1,2,4,2,2,10,10,10,10,10,10,10,2,4,10,7,5,5,2,5,10,10,7,30,0,30,30,10,0,0,30,30,0,30,10,10,10,10,10,10,1,10,10,10,10,10,10,10,7,0,6,3,2,50,5,30,10,0,5,4,5,10,10,10,3,2,1,50,5,30,15,5,5,5,6,8,10,7
1,2,19,15,15,13,10,1,0.09,0,27,3,10,15,30,10,15,20,1,6,4,5,5,6,6,5,5,2,30,10,6,1,1,2,4,2,2,10,10,10,10,10,10,10,2,4,10,7,5,5,2,5,10,10,7,30,0,30,30,10,0,0,30,30,0,30,10,10,10,10,10,10,1,10,8,10,8,2,1,3,2,0,6,3,2,50,5,30,10,0,5,4,5,10,10,10,3,2,1,50,5,30,15,5,5,5,6,8,10,7
0,1,20,7,3,7,1,0,-0.46,0,26,4,40,20,20,20,0,0,1,7,7,9,7,8,3,7,8,2,26,10,2,1,9,5,4,1,2,1,1,1,9,9,9,2,1,8,9,6,8,10,10,10,5,1,4,19,19,19,19,5,19,60,6,6,20,1,7,9,10,9,10,4,0,1,10,9,10,6,1,7,1,0,4,3,1,19,19,19,19,5,19,9,10,10,9,4,0,0,0,20,20,20,20,5,15,9,10,10,9,4
0,1,20,7,3,3,2,0,0.65,1,25,2,30,30,40,0,0,0,0,7,8,8,7,6,5,8,6,1,26,10,2,1,9,5,4,1,2,1,1,1,9,9,9,2,1,8,9,6,8,10,10,10,5,1,4,19,19,19,19,5,19,60,6,6,20,1,7,9,10,9,10,4,0,1,10,10,7,10,1,7,6,1,4,3,1,19,19,19,19,5,19,9,10,10,9,4,0,0,0,20,20,20,20,5,15,9,10,10,9,4
0,1,20,7,3,2,4,1,0.59,1,23,2,30,0,30,15,15,10,1,5,8,7,6,8,5,6,5,2,26,10,2,1,9,5,4,1,2,1,1,1,9,9,9,2,1,8,9,6,8,10,10,10,5,1,4,19,19,19,19,5,19,60,6,6,20,1,7,9,10,9,10,4,1,5,10,9,8,5,5,6,6,0,4,3,1,19,19,19,19,5,19,9,10,10,9,4,0,0,0,20,20,20,20,5,15,9,10,10,9,4
0,1,20,7,3,1,5,0,0.07,0,27,4,20,14,18,16,16,16,0,5,8,9,6,8,6,7,3,2,26,10,2,1,9,5,4,1,2,1,1,1,9,9,9,2,1,8,9,6,8,10,10,10,5,1,4,19,19,19,19,5,19,60,6,6,20,1,7,9,10,9,10,4,0,5,5,4,2,8,1,5,5,0,4,3,1,19,19,19,19,5,19,9,10,10,9,4,0,0,0,20,20,20,20,5,15,9,10,10,9,4
0,1,20,7,3,6,6,0,0.24,0,24,4,15,15,20,15,15,20,0,4,5,6,4,5,3,3,4,2,26,10,2,1,9,5,4,1,2,1,1,1,9,9,9,2,1,8,9,6,8,10,10,10,5,1,4,19,19,19,19,5,19,60,6,6,20,1,7,9,10,9,10,4,0,1,9,8,1,10,1,1,5,0,4,3,1,19,19,19,19,5,19,9,10,10,9,4,0,0,0,20,20,20,20,5,15,9,10,10,9,4
0,1,20,7,3,5,7,0,-0.1,0,24,4,20,20,20,20,20,0,0,6,9,9,8,5,6,8,5,2,26,10,2,1,9,5,4,1,2,1,1,1,9,9,9,2,1,8,9,6,8,10,10,10,5,1,4,19,19,19,19,5,19,60,6,6,20,1,7,9,10,9,10,4,1,6,9,9,10,6,5,7,6,0,4,3,1,19,19,19,19,5,19,9,10,10,9,4,0,0,0,20,20,20,20,5,15,9,10,10,9,4
0,1,20,7,3,4,8,1,-0.06,0,36,4,18,10,18,18,18,18,1,6,9,8,7,8,5,7,6,2,26,10,2,1,9,5,4,1,2,1,1,1,9,9,9,2,1,8,9,6,8,10,10,10,5,1,4,19,19,19,19,5,19,60,6,6,20,1,7,9,10,9,10,4,1,6,8,10,8,6,6,7,6,0,4,3,1,19,19,19,19,5,19,9,10,10,9,4,0,0,0,20,20,20,20,5,15,9,10,10,9,4
0,1,20,7,1,1,2,0,0.72,1,25,2,30,30,40,0,0,0,1,6,8,5,6,5,7,7,6,2,26,10,2,7,4,5,4,3,2,5,4,8,8,9,9,6,1,3,9,7,9,9,9,10,7,6,7,30,10,20,10,10,20,40,15,5,30,5,5,8,9,8,9,9,0,5,8,8,7,7,6,6,5,0,5,3,1,30,10,20,10,10,20,8,8,8,8,9,0,0,0,40,5,10,10,10,25,8,8,9,8,9
0,1,20,7,1,7,4,1,0.61,1,23,2,30,0,30,15,15,10,1,6,6,6,6,6,6,5,5,2,26,10,2,7,4,5,4,3,2,5,4,8,8,9,9,6,1,3,9,7,9,9,9,10,7,6,7,30,10,20,10,10,20,40,15,5,30,5,5,8,9,8,9,9,1,8,8,7,8,7,8,9,8,0,5,3,1,30,10,20,10,10,20,8,8,8,8,9,0,0,0,40,5,10,10,10,25,8,8,9,8,9
0,1,20,7,1,6,5,0,0.63,0,27,4,20,14,18,16,16,16,0,6,8,8,8,8,7,7,6,2,26,10,2,7,4,5,4,3,2,5,4,8,8,9,9,6,1,3,9,7,9,9,9,10,7,6,7,30,10,20,10,10,20,40,15,5,30,5,5,8,9,8,9,9,0,7,8,8,8,6,7,6,7,0,5,3,1,30,10,20,10,10,20,8,8,8,8,9,0,0,0,40,5,10,10,10,25,8,8,9,8,9
0,1,20,7,1,4,6,0,0.47,0,24,4,15,15,20,15,15,20,0,6,6,6,6,5,3,3,3,2,26,10,2,7,4,5,4,3,2,5,4,8,8,9,9,6,1,3,9,7,9,9,9,10,7,6,7,30,10,20,10,10,20,40,15,5,30,5,5,8,9,8,9,9,0,8,7,7,5,7,4,5,4,0,5,3,1,30,10,20,10,10,20,8,8,8,8,9,0,0,0,40,5,10,10,10,25,8,8,9,8,9
0,1,20,7,1,3,7,0,0.31,0,24,4,20,20,20,20,20,0,0,7,8,8,9,9,8,7,5,2,26,10,2,7,4,5,4,3,2,5,4,8,8,9,9,6,1,3,9,7,9,9,9,10,7,6,7,30,10,20,10,10,20,40,15,5,30,5,5,8,9,8,9,9,1,7,7,6,8,7,8,8,7,0,5,3,1,30,10,20,10,10,20,8,8,8,8,9,0,0,0,40,5,10,10,10,25,8,8,9,8,9
0,1,20,7,1,2,8,0,-0.13,0,36,4,18,10,18,18,18,18,1,7,9,8,8,8,6,7,8,2,26,10,2,7,4,5,4,3,2,5,4,8,8,9,9,6,1,3,9,7,9,9,9,10,7,6,7,30,10,20,10,10,20,40,15,5,30,5,5,8,9,8,9,9,0,7,7,7,6,7,5,7,6,0,5,3,1,30,10,20,10,10,20,8,8,8,8,9,0,0,0,40,5,10,10,10,25,8,8,9,8,9
1,1,20,6,2,2,1,0,0.24,0,23,4,20,30,20,20,10,0,0,2,4,8,5,8,5,5,6,2,25,10,2,1,5,5,6,5,2,2,4,4,8,8,8,7,5,2,6,5,7,8,9,9,7,7,5,30,30,40,0,0,0,20,15,15,15,20,15,7,9,4,10,5,1,8,8,10,6,5,7,9,6,0,4,1,3,25,30,40,0,0,5,5,8,10,3,3,0,0,0,30,30,40,0,0,0,6,8,10,3,4
1,1,20,6,4,4,2,0,0.67,1,24,2,10,20,20,20,20,10,0,3,6,4,4,4,4,4,4,1,25,10,2,1,5,5,6,5,2,2,4,4,8,8,8,7,5,2,6,5,7,8,9,9,7,7,5,30,30,40,0,0,0,20,15,15,15,20,15,7,9,4,10,5,0,5,6,6,7,6,4,5,4,1,4,1,3,25,30,40,0,0,5,5,8,10,3,3,0,0,0,30,30,40,0,0,0,6,8,10,3,4
1,1,20,6,5,5,3,0,0.14,1,25,2,18,18,18,18,18,10,0,1,1,10,1,9,1,3,3,1,25,10,2,1,5,5,6,5,2,2,4,4,8,8,8,7,5,2,6,5,7,8,9,9,7,7,5,30,30,40,0,0,0,20,15,15,15,20,15,7,9,4,10,5,0,7,8,8,7,6,5,8,6,1,4,1,3,25,30,40,0,0,5,5,8,10,3,3,0,0,0,30,30,40,0,0,0,6,8,10,3,4
1,1,20,6,3,3,4,0,0.65,1,26,2,19,19,19,19,5,19,0,1,10,10,7,10,1,7,6,1,25,10,2,1,5,5,6,5,2,2,4,4,8,8,8,7,5,2,6,5,7,8,9,9,7,7,5,30,30,40,0,0,0,20,15,15,15,20,15,7,9,4,10,5,0,7,8,8,7,6,5,8,6,1,4,1,3,25,30,40,0,0,5,5,8,10,3,3,0,0,0,30,30,40,0,0,0,6,8,10,3,4
1,1,20,6,6,6,5,0,0.48,0,25,1,10,15,35,15,10,15,0,2,5,7,7,6,7,4,4,2,25,10,2,1,5,5,6,5,2,2,4,4,8,8,8,7,5,2,6,5,7,8,9,9,7,7,5,30,30,40,0,0,0,20,15,15,15,20,15,7,9,4,10,5,1,7,8,7,6,6,5,8,5,0,4,1,3,25,30,40,0,0,5,5,8,10,3,3,0,0,0,30,30,40,0,0,0,6,8,10,3,4
1,1,20,6,1,1,6,0,0.72,1,26,2,30,10,20,10,10,20,0,5,8,8,7,7,6,6,5,2,25,10,2,1,5,5,6,5,2,2,4,4,8,8,8,7,5,2,6,5,7,8,9,9,7,7,5,30,30,40,0,0,0,20,15,15,15,20,15,7,9,4,10,5,1,6,8,5,6,5,7,7,6,0,4,1,3,25,30,40,0,0,5,5,8,10,3,3,0,0,0,30,30,40,0,0,0,6,8,10,3,4
1,1,20,6,4,5,2,0,-0.06,0,24,2,10,20,20,20,20,10,0,6,7,7,5,6,6,7,7,2,24,2,4,1,1,5,7,3,2,10,9,10,9,9,8,7,4,5,8,5,7,6,6,8,3,2,5,20,20,20,20,20,0,30,10,10,30,10,10,7,8,7,8,7,0,4,7,9,5,8,5,6,5,0,4,1,3,20,20,20,20,10,10,7,9,8,7,6,0,0,0,30,20,20,20,5,5,6,9,8,7,5
1,1,20,6,5,6,3,0,-0.35,0,25,2,18,18,18,18,18,10,0,3,10,9,7,8,5,7,5,2,24,2,4,1,1,5,7,3,2,10,9,10,9,9,8,7,4,5,8,5,7,6,6,8,3,2,5,20,20,20,20,20,0,30,10,10,30,10,10,7,8,7,8,7,1,7,8,9,6,8,5,7,5,0,4,1,3,20,20,20,20,10,10,7,9,8,7,6,0,0,0,30,20,20,20,5,5,6,9,8,7,5
1,1,20,6,3,4,4,0,-0.1,0,26,2,19,19,19,19,5,19,1,6,9,9,10,6,5,7,6,2,24,2,4,1,1,5,7,3,2,10,9,10,9,9,8,7,4,5,8,5,7,6,6,8,3,2,5,20,20,20,20,20,0,30,10,10,30,10,10,7,8,7,8,7,0,6,9,9,8,5,6,8,5,0,4,1,3,20,20,20,20,10,10,7,9,8,7,6,0,0,0,30,20,20,20,5,5,6,9,8,7,5
1,1,20,6,6,1,5,1,0.05,0,25,1,10,15,35,15,10,15,1,8,7,8,8,7,6,6,7,2,24,2,4,1,1,5,7,3,2,10,9,10,9,9,8,7,4,5,8,5,7,6,6,8,3,2,5,20,20,20,20,20,0,30,10,10,30,10,10,7,8,7,8,7,1,7,9,9,7,9,7,8,5,0,4,1,3,20,20,20,20,10,10,7,9,8,7,6,0,0,0,30,20,20,20,5,5,6,9,8,7,5
1,1,20,6,1,2,6,0,0.31,0,26,2,30,10,20,10,10,20,1,7,7,6,8,7,8,8,7,2,24,2,4,1,1,5,7,3,2,10,9,10,9,9,8,7,4,5,8,5,7,6,6,8,3,2,5,20,20,20,20,20,0,30,10,10,30,10,10,7,8,7,8,7,0,7,8,8,9,9,8,7,5,0,4,1,3,20,20,20,20,10,10,7,9,8,7,6,0,0,0,30,20,20,20,5,5,6,9,8,7,5
0,2,21,22,12,21,1,0,0.17,0,25,4,15,30,20,20,10,5,0,10,5,5,5,7,8,1,0,2,26,8,3,3,3,2,7,2,2,8,1,4,10,8,7,10,5,7,9,1,3,9,7,5,1,7,5,25,25,25,12,3,10,35,10,10,25,5,15,7,9,6,8,4,0,6,9,10,8,6,5,7,4,0,6,1,3,30,20,20,10,10,10,7,10,8,6,5,0,5,1,40,15,20,10,5,10,7,9,8,6,5
0,2,21,22,12,18,2,0,0.04,0,26,4,25,20,20,20,5,10,0,6,7,7,7,5,5,6,5,2,26,8,3,3,3,2,7,2,2,8,1,4,10,8,7,10,5,7,9,1,3,9,7,5,1,7,5,25,25,25,12,3,10,35,10,10,25,5,15,7,9,6,8,4,0,2,8,6,2,3,2,3,3,0,6,1,3,30,20,20,10,10,10,7,10,8,6,5,0,5,1,40,15,20,10,5,10,7,9,8,6,5
0,2,21,22,12,11,3,1,0.69,0,26,2,25,25,25,13,12,0,1,9,9,10,9,9,7,10,10,1,26,8,3,3,3,2,7,2,2,8,1,4,10,8,7,10,5,7,9,1,3,9,7,5,1,7,5,25,25,25,12,3,10,35,10,10,25,5,15,7,9,6,8,4,1,9,10,8,9,7,8,9,9,1,6,1,3,30,20,20,10,10,10,7,10,8,6,5,0,5,1,40,15,20,10,5,10,7,9,8,6,5
0,2,21,22,12,17,5,0,0.24,0,23,2,23,14,19,16,10,18,1,8,7,7,8,6,6,6,6,2,26,8,3,3,3,2,7,2,2,8,1,4,10,8,7,10,5,7,9,1,3,9,7,5,1,7,5,25,25,25,12,3,10,35,10,10,25,5,15,7,9,6,8,4,0,8,7,6,7,6,6,7,5,0,6,1,3,30,20,20,10,10,10,7,10,8,6,5,0,5,1,40,15,20,10,5,10,7,9,8,6,5
0,2,21,22,12,10,6,1,0.36,0,29,2,30,20,20,20,10,0,1,10,8,9,9,9,9,9,5,2,26,8,3,3,3,2,7,2,2,8,1,4,10,8,7,10,5,7,9,1,3,9,7,5,1,7,5,25,25,25,12,3,10,35,10,10,25,5,15,7,9,6,8,4,1,9,7,9,9,7,8,8,8,0,6,1,3,30,20,20,10,10,10,7,10,8,6,5,0,5,1,40,15,20,10,5,10,7,9,8,6,5
0,2,21,22,12,2,10,1,0.36,0,24,2,20,15,20,20,15,10,1,8,10,8,9,8,7,8,8,1,26,8,3,3,3,2,7,2,2,8,1,4,10,8,7,10,5,7,9,1,3,9,7,5,1,7,5,25,25,25,12,3,10,35,10,10,25,5,15,7,9,6,8,4,1,8,10,10,10,6,8,8,9,1,6,1,3,30,20,20,10,10,10,7,10,8,6,5,0,5,1,40,15,20,10,5,10,7,9,8,6,5
0,2,21,22,12,12,11,0,-0.32,0,23,4,40,30,0,20,0,10,1,8,9,10,5,6,5,8,4,2,26,8,3,3,3,2,7,2,2,8,1,4,10,8,7,10,5,7,9,1,3,9,7,5,1,7,5,25,25,25,12,3,10,35,10,10,25,5,15,7,9,6,8,4,0,6,8,8,4,5,6,5,4,0,6,1,3,30,20,20,10,10,10,7,10,8,6,5,0,5,1,40,15,20,10,5,10,7,9,8,6,5
0,2,21,22,12,7,12,0,-0.14,0,23,4,25,15,20,20,10,10,0,6,7,10,7,6,6,7,2,2,26,8,3,3,3,2,7,2,2,8,1,4,10,8,7,10,5,7,9,1,3,9,7,5,1,7,5,25,25,25,12,3,10,35,10,10,25,5,15,7,9,6,8,4,0,5,6,6,5,7,7,4,4,0,6,1,3,30,20,20,10,10,10,7,10,8,6,5,0,5,1,40,15,20,10,5,10,7,9,8,6,5
0,2,21,22,12,13,16,1,-0.04,0,30,2,35,10,20,25,5,5,1,8,8,8,8,6,8,7,7,2,26,8,3,3,3,2,7,2,2,8,1,4,10,8,7,10,5,7,9,1,3,9,7,5,1,7,5,25,25,25,12,3,10,35,10,10,25,5,15,7,9,6,8,4,1,10,9,8,8,7,6,8,9,0,6,1,3,30,20,20,10,10,10,7,10,8,6,5,0,5,1,40,15,20,10,5,10,7,9,8,6,5
0,2,21,22,12,4,18,0,0.07,0,30,2,40,10,20,10,0,20,1,7,7,8,6,5,4,7,6,2,26,8,3,3,3,2,7,2,2,8,1,4,10,8,7,10,5,7,9,1,3,9,7,5,1,7,5,25,25,25,12,3,10,35,10,10,25,5,15,7,9,6,8,4,0,8,8,7,5,6,5,6,6,0,6,1,3,30,20,20,10,10,10,7,10,8,6,5,0,5,1,40,15,20,10,5,10,7,9,8,6,5
0,2,21,22,12,15,20,0,0.43,0,30,2,30,3,30,30,3,4,1,5,5,5,4,4,5,5,5,2,26,8,3,3,3,2,7,2,2,8,1,4,10,8,7,10,5,7,9,1,3,9,7,5,1,7,5,25,25,25,12,3,10,35,10,10,25,5,15,7,9,6,8,4,0,2,3,4,3,6,3,3,3,0,6,1,3,30,20,20,10,10,10,7,10,8,6,5,0,5,1,40,15,20,10,5,10,7,9,8,6,5
0,2,21,22,16,3,1,0,0.21,0,25,4,15,30,20,20,10,5,0,5,10,10,8,10,5,5,1,2,23,3,2,8,9,2,4,3,2,5,3,7,7,8,10,2,2,1,8,6,10,8,9,10,6,7,7,20,20,20,15,5,20,30,5,15,30,0,20,8,10,8,9,7,0,5,6,6,6,6,2,4,2,0,6,1,2,20,20,20,20,0,20,8,10,10,9,8,0,0,0,50,30,10,10,0,0,9,10,10,9,7
0,2,21,22,16,22,2,0,-0.04,0,26,4,25,20,20,20,5,10,1,6,8,8,8,5,6,7,6,2,23,3,2,8,9,2,4,3,2,5,3,7,7,8,10,2,2,1,8,6,10,8,9,10,6,7,7,20,20,20,15,5,20,30,5,15,30,0,20,8,10,8,9,7,0,4,9,6,3,4,2,3,2,0,6,1,2,20,20,20,20,0,20,8,10,10,9,8,0,0,0,50,30,10,10,0,0,9,10,10,9,7
0,2,21,22,16,15,3,0,0.24,1,26,2,25,25,25,13,12,0,0,5,7,7,6,9,3,5,5,2,23,3,2,8,9,2,4,3,2,5,3,7,7,8,10,2,2,1,8,6,10,8,9,10,6,7,7,20,20,20,15,5,20,30,5,15,30,0,20,8,10,8,9,7,1,8,9,9,6,5,5,7,6,0,6,1,2,20,20,20,20,0,20,8,10,10,9,8,0,0,0,50,30,10,10,0,0,9,10,10,9,7
0,2,21,22,16,2,4,0,0.06,0,24,6,30,30,30,5,2,3,1,7,7,8,7,8,7,8,8,2,23,3,2,8,9,2,4,3,2,5,3,7,7,8,10,2,2,1,8,6,10,8,9,10,6,7,7,20,20,20,15,5,20,30,5,15,30,0,20,8,10,8,9,7,0,8,9,7,6,6,4,6,4,0,6,1,2,20,20,20,20,0,20,8,10,10,9,8,0,0,0,50,30,10,10,0,0,9,10,10,9,7
0,2,21,22,16,21,5,0,0.38,1,23,2,23,14,19,16,10,18,0,6,8,7,6,9,6,6,6,2,23,3,2,8,9,2,4,3,2,5,3,7,7,8,10,2,2,1,8,6,10,8,9,10,6,7,7,20,20,20,15,5,20,30,5,15,30,0,20,8,10,8,9,7,1,9,8,7,8,3,3,6,4,0,6,1,2,20,20,20,20,0,20,8,10,10,9,8,0,0,0,50,30,10,10,0,0,9,10,10,9,7
0,2,21,22,16,14,6,0,0.55,1,29,2,30,20,20,20,10,0,0,2,5,4,1,4,2,1,3,2,23,3,2,8,9,2,4,3,2,5,3,7,7,8,10,2,2,1,8,6,10,8,9,10,6,7,7,20,20,20,15,5,20,30,5,15,30,0,20,8,10,8,9,7,1,10,10,7,8,5,5,8,5,0,6,1,2,20,20,20,20,0,20,8,10,10,9,8,0,0,0,50,30,10,10,0,0,9,10,10,9,7
0,2,21,22,16,4,7,0,0.81,0,22,4,20,5,25,25,5,20,0,6,8,7,4,5,5,7,1,2,23,3,2,8,9,2,4,3,2,5,3,7,7,8,10,2,2,1,8,6,10,8,9,10,6,7,7,20,20,20,15,5,20,30,5,15,30,0,20,8,10,8,9,7,0,9,7,6,6,6,2,3,2,0,6,1,2,20,20,20,20,0,20,8,10,10,9,8,0,0,0,50,30,10,10,0,0,9,10,10,9,7
0,2,21,22,16,13,9,0,0.34,1,22,2,30,10,20,15,15,10,0,3,7,10,8,7,6,7,6,2,23,3,2,8,9,2,4,3,2,5,3,7,7,8,10,2,2,1,8,6,10,8,9,10,6,7,7,20,20,20,15,5,20,30,5,15,30,0,20,8,10,8,9,7,1,6,7,10,9,10,5,7,7,0,6,1,2,20,20,20,20,0,20,8,10,10,9,8,0,0,0,50,30,10,10,0,0,9,10,10,9,7
0,2,21,22,16,6,10,0,0.33,1,24,2,20,15,20,20,15,10,1,6,7,6,7,6,5,6,5,2,23,3,2,8,9,2,4,3,2,5,3,7,7,8,10,2,2,1,8,6,10,8,9,10,6,7,7,20,20,20,15,5,20,30,5,15,30,0,20,8,10,8,9,7,0,3,4,4,4,4,0,5,2,0,6,1,2,20,20,20,20,0,20,8,10,10,9,8,0,0,0,50,30,10,10,0,0,9,10,10,9,7
0,2,21,22,16,16,11,0,0.02,0,23,4,40,30,0,20,0,10,0,4,5,9,7,8,5,2,2,2,23,3,2,8,9,2,4,3,2,5,3,7,7,8,10,2,2,1,8,6,10,8,9,10,6,7,7,20,20,20,15,5,20,30,5,15,30,0,20,8,10,8,9,7,0,4,8,9,4,5,2,5,4,0,6,1,2,20,20,20,20,0,20,8,10,10,9,8,0,0,0,50,30,10,10,0,0,9,10,10,9,7
0,2,21,22,16,11,12,0,0.46,0,23,4,25,15,20,20,10,10,0,4,7,6,4,6,7,8,7,2,23,3,2,8,9,2,4,3,2,5,3,7,7,8,10,2,2,1,8,6,10,8,9,10,6,7,7,20,20,20,15,5,20,30,5,15,30,0,20,8,10,8,9,7,0,8,7,8,8,6,4,7,5,0,6,1,2,20,20,20,20,0,20,8,10,10,9,8,0,0,0,50,30,10,10,0,0,9,10,10,9,7
0,2,21,22,16,5,13,0,-0.19,0,24,4,20,16,16,17,16,15,0,5,7,7,6,7,3,5,4,2,23,3,2,8,9,2,4,3,2,5,3,7,7,8,10,2,2,1,8,6,10,8,9,10,6,7,7,20,20,20,15,5,20,30,5,15,30,0,20,8,10,8,9,7,0,4,5,5,4,4,4,6,3,0,6,1,2,20,20,20,20,0,20,8,10,10,9,8,0,0,0,50,30,10,10,0,0,9,10,10,9,7
0,2,21,22,16,12,14,0,-0.09,0,23,4,15,25,20,10,10,20,1,6,7,7,9,7,8,7,5,2,23,3,2,8,9,2,4,3,2,5,3,7,7,8,10,2,2,1,8,6,10,8,9,10,6,7,7,20,20,20,15,5,20,30,5,15,30,0,20,8,10,8,9,7,0,7,8,9,7,4,4,6,4,0,6,1,2,20,20,20,20,0,20,8,10,10,9,8,0,0,0,50,30,10,10,0,0,9,10,10,9,7
0,2,21,22,16,17,16,0,0.18,1,30,2,35,10,20,25,5,5,0,5,8,5,8,6,7,6,8,2,23,3,2,8,9,2,4,3,2,5,3,7,7,8,10,2,2,1,8,6,10,8,9,10,6,7,7,20,20,20,15,5,20,30,5,15,30,0,20,8,10,8,9,7,1,10,9,9,8,7,5,8,6,0,6,1,2,20,20,20,20,0,20,8,10,10,9,8,0,0,0,50,30,10,10,0,0,9,10,10,9,7
0,2,21,22,16,1,17,0,0.65,1,30,2,25,20,20,20,0,15,0,6,6,7,8,10,1,6,6,2,23,3,2,8,9,2,4,3,2,5,3,7,7,8,10,2,2,1,8,6,10,8,9,10,6,7,7,20,20,20,15,5,20,30,5,15,30,0,20,8,10,8,9,7,1,7,8,9,5,7,5,6,7,0,6,1,2,20,20,20,20,0,20,8,10,10,9,8,0,0,0,50,30,10,10,0,0,9,10,10,9,7
0,2,21,22,16,8,18,0,0.25,1,30,2,40,10,20,10,0,20,0,3,6,2,2,2,1,3,7,2,23,3,2,8,9,2,4,3,2,5,3,7,7,8,10,2,2,1,8,6,10,8,9,10,6,7,7,20,20,20,15,5,20,30,5,15,30,0,20,8,10,8,9,7,1,8,7,7,6,7,4,8,5,0,6,1,2,20,20,20,20,0,20,8,10,10,9,8,0,0,0,50,30,10,10,0,0,9,10,10,9,7
0,2,21,22,16,10,19,0,0.46,1,28,2,20,20,20,20,0,20,0,2,7,7,8,6,6,5,6,2,23,3,2,8,9,2,4,3,2,5,3,7,7,8,10,2,2,1,8,6,10,8,9,10,6,7,7,20,20,20,15,5,20,30,5,15,30,0,20,8,10,8,9,7,0,8,9,7,6,5,5,6,5,0,6,1,2,20,20,20,20,0,20,8,10,10,9,8,0,0,0,50,30,10,10,0,0,9,10,10,9,7
0,2,21,22,16,19,20,0,0.44,1,30,2,30,3,30,30,3,4,0,4,5,5,8,5,4,6,4,2,23,3,2,8,9,2,4,3,2,5,3,7,7,8,10,2,2,1,8,6,10,8,9,10,6,7,7,20,20,20,15,5,20,30,5,15,30,0,20,8,10,8,9,7,1,7,8,9,7,6,5,7,6,0,6,1,2,20,20,20,20,0,20,8,10,10,9,8,0,0,0,50,30,10,10,0,0,9,10,10,9,7
0,2,21,22,16,18,21,0,0.44,0,27,1,40,20,20,20,0,0,0,6,6,6,8,5,5,7,7,2,23,3,2,8,9,2,4,3,2,5,3,7,7,8,10,2,2,1,8,6,10,8,9,10,6,7,7,20,20,20,15,5,20,30,5,15,30,0,20,8,10,8,9,7,1,8,9,8,7,6,5,7,6,0,6,1,2,20,20,20,20,0,20,8,10,10,9,8,0,0,0,50,30,10,10,0,0,9,10,10,9,7
0,2,21,22,16,7,22,0,0.54,1,25,2,70,0,15,15,0,0,0,4,6,8,7,8,8,6,9,2,23,3,2,8,9,2,4,3,2,5,3,7,7,8,10,2,2,1,8,6,10,8,9,10,6,7,7,20,20,20,15,5,20,30,5,15,30,0,20,8,10,8,9,7,1,10,7,5,5,5,9,7,4,0,6,1,2,20,20,20,20,0,20,8,10,10,9,8,0,0,0,50,30,10,10,0,0,9,10,10,9,7
0,2,21,22,9,18,1,0,-0.12,0,25,4,15,30,20,20,10,5,1,5,10,10,5,10,5,5,1,2,28,11,6,2,1,1,7,1,9,4,6,8,8,10,8,5,2,9,10,8,9,8,5,5,8,2,5,25,15,25,15,10,10,40,5,15,20,10,10,8,9,7,8,5,0,6,7,7,5,5,3,7,6,0,5,3,2,20,15,20,20,10,15,8,9,7,6,6,0,0,0,25,15,25,15,5,15,8,9,9,7,5
0,2,21,22,9,15,2,0,-0.05,0,26,4,25,20,20,20,5,10,1,7,7,7,7,7,7,8,5,2,28,11,6,2,1,1,7,1,9,4,6,8,8,10,8,5,2,9,10,8,9,8,5,5,8,2,5,25,15,25,15,10,10,40,5,15,20,10,10,8,9,7,8,5,0,4,6,6,4,6,7,7,7,0,5,3,2,20,15,20,20,10,15,8,9,7,6,6,0,0,0,25,15,25,15,5,15,8,9,9,7,5
0,2,21,22,9,17,4,0,-0.09,1,24,6,30,30,30,5,2,3,1,7,8,7,8,7,8,8,7,2,28,11,6,2,1,1,7,1,9,4,6,8,8,10,8,5,2,9,10,8,9,8,5,5,8,2,5,25,15,25,15,10,10,40,5,15,20,10,10,8,9,7,8,5,0,5,6,8,4,6,4,4,4,0,5,3,2,20,15,20,20,10,15,8,9,7,6,6,0,0,0,25,15,25,15,5,15,8,9,9,7,5
0,2,21,22,9,14,5,0,0.15,0,23,2,23,14,19,16,10,18,0,5,6,7,5,8,5,5,5,2,28,11,6,2,1,1,7,1,9,4,6,8,8,10,8,5,2,9,10,8,9,8,5,5,8,2,5,25,15,25,15,10,10,40,5,15,20,10,10,8,9,7,8,5,1,5,6,6,4,6,5,5,5,0,5,3,2,20,15,20,20,10,15,8,9,7,6,6,0,0,0,25,15,25,15,5,15,8,9,9,7,5
0,2,21,22,9,6,9,0,0.46,0,22,2,30,10,20,15,15,10,0,7,8,8,6,5,5,7,4,2,28,11,6,2,1,1,7,1,9,4,6,8,8,10,8,5,2,9,10,8,9,8,5,5,8,2,5,25,15,25,15,10,10,40,5,15,20,10,10,8,9,7,8,5,0,4,4,4,4,5,4,5,2,0,5,3,2,20,15,20,20,10,15,8,9,7,6,6,0,0,0,25,15,25,15,5,15,8,9,9,7,5
0,2,21,22,9,21,10,0,-0.27,0,24,2,20,15,20,20,15,10,0,6,6,7,5,5,2,5,2,2,28,11,6,2,1,1,7,1,9,4,6,8,8,10,8,5,2,9,10,8,9,8,5,5,8,2,5,25,15,25,15,10,10,40,5,15,20,10,10,8,9,7,8,5,0,4,6,5,5,5,4,5,6,0,5,3,2,20,15,20,20,10,15,8,9,7,6,6,0,0,0,25,15,25,15,5,15,8,9,9,7,5
0,2,21,22,9,9,11,0,-0.16,0,23,4,40,30,0,20,0,10,0,5,9,9,9,8,7,7,6,2,28,11,6,2,1,1,7,1,9,4,6,8,8,10,8,5,2,9,10,8,9,8,5,5,8,2,5,25,15,25,15,10,10,40,5,15,20,10,10,8,9,7,8,5,1,4,7,7,5,6,6,6,4,0,5,3,2,20,15,20,20,10,15,8,9,7,6,6,0,0,0,25,15,25,15,5,15,8,9,9,7,5
0,2,21,22,9,4,12,0,0.43,0,23,4,25,15,20,20,10,10,0,4,5,6,5,4,0,2,4,2,28,11,6,2,1,1,7,1,9,4,6,8,8,10,8,5,2,9,10,8,9,8,5,5,8,2,5,25,15,25,15,10,10,40,5,15,20,10,10,8,9,7,8,5,0,7,7,6,5,6,4,6,6,0,5,3,2,20,15,20,20,10,15,8,9,7,6,6,0,0,0,25,15,25,15,5,15,8,9,9,7,5
0,2,21,22,9,20,13,0,-0.19,0,24,4,20,16,16,17,16,15,0,5,9,9,7,8,3,5,4,2,28,11,6,2,1,1,7,1,9,4,6,8,8,10,8,5,2,9,10,8,9,8,5,5,8,2,5,25,15,25,15,10,10,40,5,15,20,10,10,8,9,7,8,5,0,4,7,7,6,6,6,6,5,0,5,3,2,20,15,20,20,10,15,8,9,7,6,6,0,0,0,25,15,25,15,5,15,8,9,9,7,5
0,2,21,22,9,5,14,0,-0.24,0,23,4,15,25,20,10,10,20,0,7,9,7,8,6,7,6,4,2,28,11,6,2,1,1,7,1,9,4,6,8,8,10,8,5,2,9,10,8,9,8,5,5,8,2,5,25,15,25,15,10,10,40,5,15,20,10,10,8,9,7,8,5,1,5,8,7,5,5,7,6,5,0,5,3,2,20,15,20,20,10,15,8,9,7,6,6,0,0,0,25,15,25,15,5,15,8,9,9,7,5
0,2,21,22,9,13,15,0,-0.34,0,24,2,20,20,20,20,10,10,0,4,5,8,6,8,1,5,5,2,28,11,6,2,1,1,7,1,9,4,6,8,8,10,8,5,2,9,10,8,9,8,5,5,8,2,5,25,15,25,15,10,10,40,5,15,20,10,10,8,9,7,8,5,1,4,6,6,7,5,5,7,4,0,5,3,2,20,15,20,20,10,15,8,9,7,6,6,0,0,0,25,15,25,15,5,15,8,9,9,7,5
0,2,21,22,9,16,17,0,0.44,0,30,2,25,20,20,20,0,15,0,6,7,7,7,6,5,7,6,2,28,11,6,2,1,1,7,1,9,4,6,8,8,10,8,5,2,9,10,8,9,8,5,5,8,2,5,25,15,25,15,10,10,40,5,15,20,10,10,8,9,7,8,5,0,7,6,6,6,4,5,4,7,0,5,3,2,20,15,20,20,10,15,8,9,7,6,6,0,0,0,25,15,25,15,5,15,8,9,9,7,5
0,2,21,22,9,1,18,0,-0.27,0,30,2,40,10,20,10,0,20,0,2,10,8,10,2,4,7,3,2,28,11,6,2,1,1,7,1,9,4,6,8,8,10,8,5,2,9,10,8,9,8,5,5,8,2,5,25,15,25,15,10,10,40,5,15,20,10,10,8,9,7,8,5,0,7,7,7,5,5,5,6,5,0,5,3,2,20,15,20,20,10,15,8,9,7,6,6,0,0,0,25,15,25,15,5,15,8,9,9,7,5
0,2,21,22,9,3,19,0,-0.1,0,28,2,20,20,20,20,0,20,0,2,9,9,8,8,6,5,6,2,28,11,6,2,1,1,7,1,9,4,6,8,8,10,8,5,2,9,10,8,9,8,5,5,8,2,5,25,15,25,15,10,10,40,5,15,20,10,10,8,9,7,8,5,1,7,7,7,8,5,6,7,7,0,5,3,2,20,15,20,20,10,15,8,9,7,6,6,0,0,0,25,15,25,15,5,15,8,9,9,7,5
0,2,21,22,9,12,20,0,0.67,0,30,2,30,3,30,30,3,4,1,4,7,7,7,7,7,7,4,2,28,11,6,2,1,1,7,1,9,4,6,8,8,10,8,5,2,9,10,8,9,8,5,5,8,2,5,25,15,25,15,10,10,40,5,15,20,10,10,8,9,7,8,5,0,6,7,6,6,6,5,6,5,0,5,3,2,20,15,20,20,10,15,8,9,7,6,6,0,0,0,25,15,25,15,5,15,8,9,9,7,5
0,2,21,22,9,11,21,0,0.49,0,27,1,40,20,20,20,0,0,0,5,6,7,7,6,5,8,3,2,28,11,6,2,1,1,7,1,9,4,6,8,8,10,8,5,2,9,10,8,9,8,5,5,8,2,5,25,15,25,15,10,10,40,5,15,20,10,10,8,9,7,8,5,0,7,4,4,4,4,4,4,2,0,5,3,2,20,15,20,20,10,15,8,9,7,6,6,0,0,0,25,15,25,15,5,15,8,9,9,7,5
0,2,21,22,9,22,22,0,0.37,0,25,2,70,0,15,15,0,0,0,2,7,6,6,6,7,5,5,2,28,11,6,2,1,1,7,1,9,4,6,8,8,10,8,5,2,9,10,8,9,8,5,5,8,2,5,25,15,25,15,10,10,40,5,15,20,10,10,8,9,7,8,5,0,6,6,6,6,6,6,5,2,0,5,3,2,20,15,20,20,10,15,8,9,7,6,6,0,0,0,25,15,25,15,5,15,8,9,9,7,5
0,2,21,22,8,17,1,0,0.36,0,25,4,15,30,20,20,10,5,0,5,10,10,5,5,1,3,1,2,26,11,2,3,1,1,3,1,9,7,7,8,8,8,8,10,7,5,8,6,7,8,8,8,6,6,6,10,30,20,15,15,10,20,15,20,20,15,10,7,9,9,8,8,0,6,8,8,8,8,6,7,6,0,7,1,2,10,20,20,20,15,15,7,10,8,9,8,0,2,1,15,20,15,20,15,15,7,9,8,9,8
0,2,21,22,8,14,2,0,-0.16,0,26,4,25,20,20,20,5,10,1,7,7,7,6,6,5,6,5,2,26,11,2,3,1,1,3,1,9,7,7,8,8,8,8,10,7,5,8,6,7,8,8,8,6,6,6,10,30,20,15,15,10,20,15,20,20,15,10,7,9,9,8,8,0,7,9,8,5,9,3,7,4,0,7,1,2,10,20,20,20,15,15,7,10,8,9,8,0,2,1,15,20,15,20,15,15,7,9,8,9,8
0,2,21,22,8,16,4,1,0.25,0,24,6,30,30,30,5,2,3,1,9,9,8,9,9,9,7,8,2,26,11,2,3,1,1,3,1,9,7,7,8,8,8,8,10,7,5,8,6,7,8,8,8,6,6,6,10,30,20,15,15,10,20,15,20,20,15,10,7,9,9,8,8,1,7,7,8,8,8,7,8,6,0,7,1,2,10,20,20,20,15,15,7,10,8,9,8,0,2,1,15,20,15,20,15,15,7,9,8,9,8
0,2,21,22,8,13,5,1,-0.18,1,23,2,23,14,19,16,10,18,1,6,7,7,5,7,5,6,7,2,26,11,2,3,1,1,3,1,9,7,7,8,8,8,8,10,7,5,8,6,7,8,8,8,6,6,6,10,30,20,15,15,10,20,15,20,20,15,10,7,9,9,8,8,1,8,8,9,9,9,6,8,5,0,7,1,2,10,20,20,20,15,15,7,10,8,9,8,0,2,1,15,20,15,20,15,15,7,9,8,9,8
0,2,21,22,8,6,6,0,-0.04,1,29,2,30,20,20,20,10,0,0,7,8,8,7,8,4,6,4,2,26,11,2,3,1,1,3,1,9,7,7,8,8,8,8,10,7,5,8,6,7,8,8,8,6,6,6,10,30,20,15,15,10,20,15,20,20,15,10,7,9,9,8,8,1,8,8,8,8,8,6,7,6,0,7,1,2,10,20,20,20,15,15,7,10,8,9,8,0,2,1,15,20,15,20,15,15,7,9,8,9,8
0,2,21,22,8,18,7,0,-0.06,0,22,4,20,5,25,25,5,20,0,6,7,7,8,6,6,7,4,2,26,11,2,3,1,1,3,1,9,7,7,8,8,8,8,10,7,5,8,6,7,8,8,8,6,6,6,10,30,20,15,15,10,20,15,20,20,15,10,7,9,9,8,8,1,8,8,8,8,8,8,8,6,0,7,1,2,10,20,20,20,15,15,7,10,8,9,8,0,2,1,15,20,15,20,15,15,7,9,8,9,8
0,2,21,22,8,1,8,1,0.33,1,32,2,50,0,10,30,0,10,1,7,7,6,6,6,6,6,6,2,26,11,2,3,1,1,3,1,9,7,7,8,8,8,8,10,7,5,8,6,7,8,8,8,6,6,6,10,30,20,15,15,10,20,15,20,20,15,10,7,9,9,8,8,1,8,9,9,10,10,8,8,6,0,7,1,2,10,20,20,20,15,15,7,10,8,9,8,0,2,1,15,20,15,20,15,15,7,9,8,9,8
0,2,21,22,8,5,9,0,-0.16,1,22,2,30,10,20,15,15,10,0,5,9,8,6,7,3,5,3,2,26,11,2,3,1,1,3,1,9,7,7,8,8,8,8,10,7,5,8,6,7,8,8,8,6,6,6,10,30,20,15,15,10,20,15,20,20,15,10,7,9,9,8,8,0,6,6,8,6,8,6,7,4,0,7,1,2,10,20,20,20,15,15,7,10,8,9,8,0,2,1,15,20,15,20,15,15,7,9,8,9,8
0,2,21,22,8,20,10,0,0.36,1,24,2,20,15,20,20,15,10,0,6,5,7,7,6,5,6,4,2,26,11,2,3,1,1,3,1,9,7,7,8,8,8,8,10,7,5,8,6,7,8,8,8,6,6,6,10,30,20,15,15,10,20,15,20,20,15,10,7,9,9,8,8,1,7,7,7,7,7,7,7,6,0,7,1,2,10,20,20,20,15,15,7,10,8,9,8,0,2,1,15,20,15,20,15,15,7,9,8,9,8
0,2,21,22,8,8,11,0,-0.37,0,23,4,40,30,0,20,0,10,1,6,10,10,9,8,7,7,4,2,26,11,2,3,1,1,3,1,9,7,7,8,8,8,8,10,7,5,8,6,7,8,8,8,6,6,6,10,30,20,15,15,10,20,15,20,20,15,10,7,9,9,8,8,0,7,7,8,8,8,5,7,7,0,7,1,2,10,20,20,20,15,15,7,10,8,9,8,0,2,1,15,20,15,20,15,15,7,9,8,9,8
0,2,21,22,8,3,12,0,-0.38,0,23,4,25,15,20,20,10,10,0,2,5,6,7,2,2,2,0,2,26,11,2,3,1,1,3,1,9,7,7,8,8,8,8,10,7,5,8,6,7,8,8,8,6,6,6,10,30,20,15,15,10,20,15,20,20,15,10,7,9,9,8,8,0,6,5,6,6,8,5,5,3,0,7,1,2,10,20,20,20,15,15,7,10,8,9,8,0,2,1,15,20,15,20,15,15,7,9,8,9,8
0,2,21,22,8,19,13,0,-0.47,0,24,4,20,16,16,17,16,15,0,7,8,8,7,8,5,5,5,2,26,11,2,3,1,1,3,1,9,7,7,8,8,8,8,10,7,5,8,6,7,8,8,8,6,6,6,10,30,20,15,15,10,20,15,20,20,15,10,7,9,9,8,8,1,7,7,7,8,7,6,7,6,0,7,1,2,10,20,20,20,15,15,7,10,8,9,8,0,2,1,15,20,15,20,15,15,7,9,8,9,8
0,2,21,22,8,15,17,0,-0.06,1,30,2,25,20,20,20,0,15,0,7,8,6,5,3,6,6,5,2,26,11,2,3,1,1,3,1,9,7,7,8,8,8,8,10,7,5,8,6,7,8,8,8,6,6,6,10,30,20,15,15,10,20,15,20,20,15,10,7,9,9,8,8,1,8,6,7,7,7,7,7,5,0,7,1,2,10,20,20,20,15,15,7,10,8,9,8,0,2,1,15,20,15,20,15,15,7,9,8,9,8
0,2,21,22,8,22,18,1,0.1,1,30,2,40,10,20,10,0,20,1,6,8,8,7,3,2,8,6,2,26,11,2,3,1,1,3,1,9,7,7,8,8,8,8,10,7,5,8,6,7,8,8,8,6,6,6,10,30,20,15,15,10,20,15,20,20,15,10,7,9,9,8,8,1,9,7,8,9,8,6,8,3,0,7,1,2,10,20,20,20,15,15,7,10,8,9,8,0,2,1,15,20,15,20,15,15,7,9,8,9,8
0,2,21,22,8,11,20,1,-0.06,1,30,2,30,3,30,30,3,4,1,6,6,6,6,5,5,6,6,2,26,11,2,3,1,1,3,1,9,7,7,8,8,8,8,10,7,5,8,6,7,8,8,8,6,6,6,10,30,20,15,15,10,20,15,20,20,15,10,7,9,9,8,8,1,8,8,9,9,9,7,7,6,0,7,1,2,10,20,20,20,15,15,7,10,8,9,8,0,2,1,15,20,15,20,15,15,7,9,8,9,8
0,2,21,22,8,10,21,1,-0.02,0,27,1,40,20,20,20,0,0,1,8,7,8,6,6,5,7,5,2,26,11,2,3,1,1,3,1,9,7,7,8,8,8,8,10,7,5,8,6,7,8,8,8,6,6,6,10,30,20,15,15,10,20,15,20,20,15,10,7,9,9,8,8,1,9,8,8,8,8,7,8,6,0,7,1,2,10,20,20,20,15,15,7,10,8,9,8,0,2,1,15,20,15,20,15,15,7,9,8,9,8
0,2,21,22,8,21,22,0,0.27,1,25,2,70,0,15,15,0,0,0,3,4,6,4,4,4,4,5,2,26,11,2,3,1,1,3,1,9,7,7,8,8,8,8,10,7,5,8,6,7,8,8,8,6,6,6,10,30,20,15,15,10,20,15,20,20,15,10,7,9,9,8,8,1,9,7,7,8,8,6,7,5,0,7,1,2,10,20,20,20,15,15,7,10,8,9,8,0,2,1,15,20,15,20,15,15,7,9,8,9,8
0,2,21,22,11,20,1,1,-0.15,1,25,4,15,30,20,20,10,5,1,5,10,10,10,10,3,4,1,2,25,4,4,9,6,2,7,4,4,4,1,7,9,8,8,6,3,8,7,7,8,8,5,5,7,5,6,15,20,25,20,10,10,35,10,15,20,10,10,5,9,7,8,7,1,5,9,9,7,7,5,7,3,0,8,3,3,20,20,20,15,15,10,6,10,8,8,8,2,3,1,15,15,20,15,20,15,6,9,8,8,8
0,2,21,22,11,17,2,1,-0.27,1,26,4,25,20,20,20,5,10,1,7,9,8,8,6,5,8,5,2,25,4,4,9,6,2,7,4,4,4,1,7,9,8,8,6,3,8,7,7,8,8,5,5,7,5,6,15,20,25,20,10,10,35,10,15,20,10,10,5,9,7,8,7,1,3,9,9,5,7,3,4,5,0,8,3,3,20,20,20,15,15,10,6,10,8,8,8,2,3,1,15,15,20,15,20,15,6,9,8,8,8
0,2,21,22,11,19,4,1,-0.17,0,24,6,30,30,30,5,2,3,1,9,8,9,9,9,8,8,7,2,25,4,4,9,6,2,7,4,4,4,1,7,9,8,8,6,3,8,7,7,8,8,5,5,7,5,6,15,20,25,20,10,10,35,10,15,20,10,10,5,9,7,8,7,1,5,7,8,7,8,6,5,5,0,8,3,3,20,20,20,15,15,10,6,10,8,8,8,2,3,1,15,15,20,15,20,15,6,9,8,8,8
0,2,21,22,11,16,5,1,0.3,0,23,2,23,14,19,16,10,18,1,7,8,7,7,6,6,7,6,2,25,4,4,9,6,2,7,4,4,4,1,7,9,8,8,6,3,8,7,7,8,8,5,5,7,5,6,15,20,25,20,10,10,35,10,15,20,10,10,5,9,7,8,7,1,7,9,8,9,7,7,8,3,0,8,3,3,20,20,20,15,15,10,6,10,8,8,8,2,3,1,15,15,20,15,20,15,6,9,8,8,8
0,2,21,22,11,9,6,1,0.51,0,29,2,30,20,20,20,10,0,1,8,8,9,9,8,7,8,6,2,25,4,4,9,6,2,7,4,4,4,1,7,9,8,8,6,3,8,7,7,8,8,5,5,7,5,6,15,20,25,20,10,10,35,10,15,20,10,10,5,9,7,8,7,1,7,8,7,7,7,5,5,3,0,8,3,3,20,20,20,15,15,10,6,10,8,8,8,2,3,1,15,15,20,15,20,15,6,9,8,8,8
0,2,21,22,11,21,7,0,0.48,1,22,4,20,5,25,25,5,20,0,7,9,9,9,9,5,8,6,2,25,4,4,9,6,2,7,4,4,4,1,7,9,8,8,6,3,8,7,7,8,8,5,5,7,5,6,15,20,25,20,10,10,35,10,15,20,10,10,5,9,7,8,7,1,6,6,7,7,7,5,5,3,0,8,3,3,20,20,20,15,15,10,6,10,8,8,8,2,3,1,15,15,20,15,20,15,6,9,8,8,8
0,2,21,22,11,4,8,1,0.37,0,32,2,50,0,10,30,0,10,1,7,7,6,7,6,6,6,6,2,25,4,4,9,6,2,7,4,4,4,1,7,9,8,8,6,3,8,7,7,8,8,5,5,7,5,6,15,20,25,20,10,10,35,10,15,20,10,10,5,9,7,8,7,1,4,9,9,7,8,4,7,5,0,8,3,3,20,20,20,15,15,10,6,10,8,8,8,2,3,1,15,15,20,15,20,15,6,9,8,8,8
0,2,21,22,11,8,9,1,0.2,0,22,2,30,10,20,15,15,10,1,7,8,8,9,9,7,7,8,2,25,4,4,9,6,2,7,4,4,4,1,7,9,8,8,6,3,8,7,7,8,8,5,5,7,5,6,15,20,25,20,10,10,35,10,15,20,10,10,5,9,7,8,7,1,6,8,9,9,9,8,7,4,0,8,3,3,20,20,20,15,15,10,6,10,8,8,8,2,3,1,15,15,20,15,20,15,6,9,8,8,8
0,2,21,22,11,1,10,0,0.04,0,24,2,20,15,20,20,15,10,0,7,7,7,8,5,5,6,6,2,25,4,4,9,6,2,7,4,4,4,1,7,9,8,8,6,3,8,7,7,8,8,5,5,7,5,6,15,20,25,20,10,10,35,10,15,20,10,10,5,9,7,8,7,1,4,9,4,7,8,4,6,5,0,8,3,3,20,20,20,15,15,10,6,10,8,8,8,2,3,1,15,15,20,15,20,15,6,9,8,8,8
0,2,21,22,11,11,11,0,-0.2,1,23,4,40,30,0,20,0,10,0,7,8,9,8,7,8,5,4,2,25,4,4,9,6,2,7,4,4,4,1,7,9,8,8,6,3,8,7,7,8,8,5,5,7,5,6,15,20,25,20,10,10,35,10,15,20,10,10,5,9,7,8,7,0,5,9,9,7,7,6,5,3,0,8,3,3,20,20,20,15,15,10,6,10,8,8,8,2,3,1,15,15,20,15,20,15,6,9,8,8,8
0,2,21,22,11,6,12,1,0.33,1,23,4,25,15,20,20,10,10,1,6,7,7,6,7,7,7,8,2,25,4,4,9,6,2,7,4,4,4,1,7,9,8,8,6,3,8,7,7,8,8,5,5,7,5,6,15,20,25,20,10,10,35,10,15,20,10,10,5,9,7,8,7,1,6,8,9,6,8,6,6,6,0,8,3,3,20,20,20,15,15,10,6,10,8,8,8,2,3,1,15,15,20,15,20,15,6,9,8,8,8
0,2,21,22,11,22,13,0,-0.3,1,24,4,20,16,16,17,16,15,0,6,9,9,7,9,5,5,4,2,25,4,4,9,6,2,7,4,4,4,1,7,9,8,8,6,3,8,7,7,8,8,5,5,7,5,6,15,20,25,20,10,10,35,10,15,20,10,10,5,9,7,8,7,1,6,8,8,7,7,7,6,4,0,8,3,3,20,20,20,15,15,10,6,10,8,8,8,2,3,1,15,15,20,15,20,15,6,9,8,8,8
0,2,21,22,11,7,14,0,0.11,1,23,4,15,25,20,10,10,20,0,6,8,7,7,6,6,7,5,2,25,4,4,9,6,2,7,4,4,4,1,7,9,8,8,6,3,8,7,7,8,8,5,5,7,5,6,15,20,25,20,10,10,35,10,15,20,10,10,5,9,7,8,7,1,6,9,8,8,7,6,7,3,0,8,3,3,20,20,20,15,15,10,6,10,8,8,8,2,3,1,15,15,20,15,20,15,6,9,8,8,8
0,2,21,22,11,12,16,1,0.02,0,30,2,35,10,20,25,5,5,1,7,7,6,7,6,7,5,7,2,25,4,4,9,6,2,7,4,4,4,1,7,9,8,8,6,3,8,7,7,8,8,5,5,7,5,6,15,20,25,20,10,10,35,10,15,20,10,10,5,9,7,8,7,1,8,8,9,8,8,7,5,2,0,8,3,3,20,20,20,15,15,10,6,10,8,8,8,2,3,1,15,15,20,15,20,15,6,9,8,8,8
0,2,21,22,11,18,17,1,0.3,0,30,2,25,20,20,20,0,15,1,7,7,8,8,5,6,7,5,2,25,4,4,9,6,2,7,4,4,4,1,7,9,8,8,6,3,8,7,7,8,8,5,5,7,5,6,15,20,25,20,10,10,35,10,15,20,10,10,5,9,7,8,7,1,9,9,9,8,8,8,8,4,0,8,3,3,20,20,20,15,15,10,6,10,8,8,8,2,3,1,15,15,20,15,20,15,6,9,8,8,8
0,2,21,22,11,3,18,1,-0.36,0,30,2,40,10,20,10,0,20,1,9,7,7,8,4,6,9,9,2,25,4,4,9,6,2,7,4,4,4,1,7,9,8,8,6,3,8,7,7,8,8,5,5,7,5,6,15,20,25,20,10,10,35,10,15,20,10,10,5,9,7,8,7,1,8,6,7,7,7,4,6,4,0,8,3,3,20,20,20,15,15,10,6,10,8,8,8,2,3,1,15,15,20,15,20,15,6,9,8,8,8
0,2,21,22,11,5,19,1,0.16,0,28,2,20,20,20,20,0,20,1,6,8,10,7,7,6,7,5,2,25,4,4,9,6,2,7,4,4,4,1,7,9,8,8,6,3,8,7,7,8,8,5,5,7,5,6,15,20,25,20,10,10,35,10,15,20,10,10,5,9,7,8,7,1,6,9,7,7,7,4,6,3,0,8,3,3,20,20,20,15,15,10,6,10,8,8,8,2,3,1,15,15,20,15,20,15,6,9,8,8,8
0,2,21,22,11,14,20,1,0.74,0,30,2,30,3,30,30,3,4,1,7,6,6,6,5,6,6,4,2,25,4,4,9,6,2,7,4,4,4,1,7,9,8,8,6,3,8,7,7,8,8,5,5,7,5,6,15,20,25,20,10,10,35,10,15,20,10,10,5,9,7,8,7,1,6,7,8,7,8,5,6,4,0,8,3,3,20,20,20,15,15,10,6,10,8,8,8,2,3,1,15,15,20,15,20,15,6,9,8,8,8
0,2,21,22,11,13,21,0,0.46,0,27,1,40,20,20,20,0,0,0,6,7,7,6,9,5,7,1,2,25,4,4,9,6,2,7,4,4,4,1,7,9,8,8,6,3,8,7,7,8,8,5,5,7,5,6,15,20,25,20,10,10,35,10,15,20,10,10,5,9,7,8,7,1,6,9,8,6,7,7,6,4,0,8,3,3,20,20,20,15,15,10,6,10,8,8,8,2,3,1,15,15,20,15,20,15,6,9,8,8,8
0,2,21,22,14,1,1,0,0.05,0,25,4,15,30,20,20,10,5,0,5,10,10,10,10,5,5,1,2,26,11,3,5,2,1,5,3,11,2,1,3,10,10,7,6,5,10,8,4,10,8,6,8,4,10,6,10,10,30,20,10,15,50,10,10,10,10,10,3,6,9,7,10,1,4,3,9,4,9,5,9,1,0,3,2,2,30,5,20,20,15,15,5,5,5,9,6,0,1,1,50,10,10,10,10,10,4,3,3,7,7
0,2,21,22,14,19,5,0,0.62,0,23,2,23,14,19,16,10,18,0,5,7,5,7,6,5,5,3,2,26,11,3,5,2,1,5,3,11,2,1,3,10,10,7,6,5,10,8,4,10,8,6,8,4,10,6,10,10,30,20,10,15,50,10,10,10,10,10,3,6,9,7,10,1,6,3,9,5,9,5,7,1,0,3,2,2,30,5,20,20,15,15,5,5,5,9,6,0,1,1,50,10,10,10,10,10,4,3,3,7,7
0,2,21,22,14,7,8,0,0.2,0,32,2,50,0,10,30,0,10,0,3,6,5,6,5,4,4,6,2,26,11,3,5,2,1,5,3,11,2,1,3,10,10,7,6,5,10,8,4,10,8,6,8,4,10,6,10,10,30,20,10,15,50,10,10,10,10,10,3,6,9,7,10,1,5,7,9,9,9,4,7,3,0,3,2,2,30,5,20,20,15,15,5,5,5,9,6,0,1,1,50,10,10,10,10,10,4,3,3,7,7
0,2,21,22,14,11,9,0,0.17,0,22,2,30,10,20,15,15,10,0,4,8,9,9,5,4,7,3,2,26,11,3,5,2,1,5,3,11,2,1,3,10,10,7,6,5,10,8,4,10,8,6,8,4,10,6,10,10,30,20,10,15,50,10,10,10,10,10,3,6,9,7,10,1,7,4,6,7,7,5,5,2,0,3,2,2,30,5,20,20,15,15,5,5,5,9,6,0,1,1,50,10,10,10,10,10,4,3,3,7,7
0,2,21,22,14,4,10,0,0.46,0,24,2,20,15,20,20,15,10,0,6,5,5,6,4,3,4,4,2,26,11,3,5,2,1,5,3,11,2,1,3,10,10,7,6,5,10,8,4,10,8,6,8,4,10,6,10,10,30,20,10,15,50,10,10,10,10,10,3,6,9,7,10,0,3,7,8,5,9,5,7,2,0,3,2,2,30,5,20,20,15,15,5,5,5,9,6,0,1,1,50,10,10,10,10,10,4,3,3,7,7
0,2,21,22,14,9,12,1,0.43,0,23,4,25,15,20,20,10,10,1,4,5,7,6,4,3,7,2,2,26,11,3,5,2,1,5,3,11,2,1,3,10,10,7,6,5,10,8,4,10,8,6,8,4,10,6,10,10,30,20,10,15,50,10,10,10,10,10,3,6,9,7,10,1,7,5,3,3,7,5,7,2,0,3,2,2,30,5,20,20,15,15,5,5,5,9,6,0,1,1,50,10,10,10,10,10,4,3,3,7,7
0,2,21,22,14,3,13,0,0.01,0,24,4,20,16,16,17,16,15,0,4,8,8,7,8,4,4,5,2,26,11,3,5,2,1,5,3,11,2,1,3,10,10,7,6,5,10,8,4,10,8,6,8,4,10,6,10,10,30,20,10,15,50,10,10,10,10,10,3,6,9,7,10,0,2,6,6,3,7,3,4,1,0,3,2,2,30,5,20,20,15,15,5,5,5,9,6,0,1,1,50,10,10,10,10,10,4,3,3,7,7
0,2,21,22,14,10,14,0,0.27,0,23,4,15,25,20,10,10,20,0,6,7,6,4,6,4,5,3,2,26,11,3,5,2,1,5,3,11,2,1,3,10,10,7,6,5,10,8,4,10,8,6,8,4,10,6,10,10,30,20,10,15,50,10,10,10,10,10,3,6,9,7,10,0,5,2,6,3,2,3,4,2,0,3,2,2,30,5,20,20,15,15,5,5,5,9,6,0,1,1,50,10,10,10,10,10,4,3,3,7,7
0,2,21,22,14,6,18,0,-0.2,0,30,2,40,10,20,10,0,20,0,1,9,3,6,2,1,4,7,2,26,11,3,5,2,1,5,3,11,2,1,3,10,10,7,6,5,10,8,4,10,8,6,8,4,10,6,10,10,30,20,10,15,50,10,10,10,10,10,3,6,9,7,10,1,10,5,7,5,8,5,4,5,0,3,2,2,30,5,20,20,15,15,5,5,5,9,6,0,1,1,50,10,10,10,10,10,4,3,3,7,7
0,2,21,22,14,8,19,0,0.38,0,28,2,20,20,20,20,0,20,0,2,7,7,8,7,6,5,5,2,26,11,3,5,2,1,5,3,11,2,1,3,10,10,7,6,5,10,8,4,10,8,6,8,4,10,6,10,10,30,20,10,15,50,10,10,10,10,10,3,6,9,7,10,1,10,5,8,10,5,5,7,2,0,3,2,2,30,5,20,20,15,15,5,5,5,9,6,0,1,1,50,10,10,10,10,10,4,3,3,7,7
0,2,21,22,14,17,20,0,0.73,0,30,2,30,3,30,30,3,4,0,4,5,6,6,4,4,5,4,2,26,11,3,5,2,1,5,3,11,2,1,3,10,10,7,6,5,10,8,4,10,8,6,8,4,10,6,10,10,30,20,10,15,50,10,10,10,10,10,3,6,9,7,10,0,5,5,5,3,7,2,2,1,0,3,2,2,30,5,20,20,15,15,5,5,5,9,6,0,1,1,50,10,10,10,10,10,4,3,3,7,7
0,2,21,22,14,16,21,0,0.41,0,27,1,40,20,20,20,0,0,0,7,7,7,7,7,7,8,1,1,26,11,3,5,2,1,5,3,11,2,1,3,10,10,7,6,5,10,8,4,10,8,6,8,4,10,6,10,10,30,20,10,15,50,10,10,10,10,10,3,6,9,7,10,1,10,5,8,6,9,8,8,1,1,3,2,2,30,5,20,20,15,15,5,5,5,9,6,0,1,1,50,10,10,10,10,10,4,3,3,7,7
0,2,21,22,3,12,1,0,0.42,1,25,4,15,30,20,20,10,5,0,5,10,10,5,10,8,3,3,2,22,5,4,4,1,2,4,1,5,7,4,6,10,8,8,8,6,5,5,5,8,8,8,8,4,4,5,10,25,25,10,10,20,25,25,10,10,5,25,6,10,9,7,5,1,4,6,5,5,6,5,6,7,0,5,3,3,10,25,25,15,15,20,5,10,6,7,6,0,0,0,10,25,20,10,15,20,6,10,7,8,7
0,2,21,22,3,9,2,1,-0.15,1,26,4,25,20,20,20,5,10,1,6,8,9,8,8,8,8,6,2,22,5,4,4,1,2,4,1,5,7,4,6,10,8,8,8,6,5,5,5,8,8,8,8,4,4,5,10,25,25,10,10,20,25,25,10,10,5,25,6,10,9,7,5,1,5,7,5,4,5,4,6,7,0,5,3,3,10,25,25,15,15,20,5,10,6,7,6,0,0,0,10,25,20,10,15,20,6,10,7,8,7
0,2,21,22,3,2,3,0,0.78,0,26,2,25,25,25,13,12,0,0,4,10,9,7,6,4,7,6,2,22,5,4,4,1,2,4,1,5,7,4,6,10,8,8,8,6,5,5,5,8,8,8,8,4,4,5,10,25,25,10,10,20,25,25,10,10,5,25,6,10,9,7,5,0,7,6,5,5,5,4,5,4,0,5,3,3,10,25,25,15,15,20,5,10,6,7,6,0,0,0,10,25,20,10,15,20,6,10,7,8,7
0,2,21,22,3,1,6,0,0.27,0,29,2,30,20,20,20,10,0,0,6,9,9,6,8,7,3,6,2,22,5,4,4,1,2,4,1,5,7,4,6,10,8,8,8,6,5,5,5,8,8,8,8,4,4,5,10,25,25,10,10,20,25,25,10,10,5,25,6,10,9,7,5,0,5,4,6,6,5,4,4,5,0,5,3,3,10,25,25,15,15,20,5,10,6,7,6,0,0,0,10,25,20,10,15,20,6,10,7,8,7
0,2,21,22,3,3,11,0,-0.14,1,23,4,40,30,0,20,0,10,0,3,8,8,7,8,8,6,5,2,22,5,4,4,1,2,4,1,5,7,4,6,10,8,8,8,6,5,5,5,8,8,8,8,4,4,5,10,25,25,10,10,20,25,25,10,10,5,25,6,10,9,7,5,1,5,7,6,6,5,8,7,7,0,5,3,3,10,25,25,15,15,20,5,10,6,7,6,0,0,0,10,25,20,10,15,20,6,10,7,8,7
0,2,21,22,3,14,13,0,-0.24,1,24,4,20,16,16,17,16,15,0,3,8,8,8,8,3,2,6,2,22,5,4,4,1,2,4,1,5,7,4,6,10,8,8,8,6,5,5,5,8,8,8,8,4,4,5,10,25,25,10,10,20,25,25,10,10,5,25,6,10,9,7,5,1,5,7,6,6,4,5,6,6,0,5,3,3,10,25,25,15,15,20,5,10,6,7,6,0,0,0,10,25,20,10,15,20,6,10,7,8,7
0,2,21,22,3,10,17,0,0.2,0,30,2,25,20,20,20,0,15,0,2,7,7,3,6,1,5,6,2,22,5,4,4,1,2,4,1,5,7,4,6,10,8,8,8,6,5,5,5,8,8,8,8,4,4,5,10,25,25,10,10,20,25,25,10,10,5,25,6,10,9,7,5,1,5,5,5,4,5,5,5,4,0,5,3,3,10,25,25,15,15,20,5,10,6,7,6,0,0,0,10,25,20,10,15,20,6,10,7,8,7
0,2,21,22,3,17,18,0,0.12,0,30,2,40,10,20,10,0,20,0,1,10,8,1,8,1,5,7,2,22,5,4,4,1,2,4,1,5,7,4,6,10,8,8,8,6,5,5,5,8,8,8,8,4,4,5,10,25,25,10,10,20,25,25,10,10,5,25,6,10,9,7,5,1,6,7,7,5,5,5,7,4,0,5,3,3,10,25,25,15,15,20,5,10,6,7,6,0,0,0,10,25,20,10,15,20,6,10,7,8,7
0,2,21,22,3,6,20,0,0.34,0,30,2,30,3,30,30,3,4,0,4,7,6,3,6,2,5,3,2,22,5,4,4,1,2,4,1,5,7,4,6,10,8,8,8,6,5,5,5,8,8,8,8,4,4,5,10,25,25,10,10,20,25,25,10,10,5,25,6,10,9,7,5,0,4,5,5,4,4,3,4,4,0,5,3,3,10,25,25,15,15,20,5,10,6,7,6,0,0,0,10,25,20,10,15,20,6,10,7,8,7
0,2,21,22,3,5,21,0,0.09,0,27,1,40,20,20,20,0,0,0,5,10,10,8,6,5,8,5,2,22,5,4,4,1,2,4,1,5,7,4,6,10,8,8,8,6,5,5,5,8,8,8,8,4,4,5,10,25,25,10,10,20,25,25,10,10,5,25,6,10,9,7,5,1,5,7,5,4,4,4,5,5,0,5,3,3,10,25,25,15,15,20,5,10,6,7,6,0,0,0,10,25,20,10,15,20,6,10,7,8,7
0,2,21,22,2,11,1,0,0.35,1,25,4,15,30,20,20,10,5,0,5,10,10,5,5,1,3,3,2,22,5,4,1,1,2,7,3,10,7,10,5,6,3,8,6,7,6,3,5,8,10,9,10,6,3,8,20,20,10,15,5,30,40,10,10,10,10,20,3,9,9,9,7,1,6,7,8,7,7,5,6,6,0,8,1,1,10,20,10,20,10,30,3,8,9,8,8,0,0,0,15,15,15,15,15,25,6,9,5,7,5
0,2,21,22,2,8,2,0,0.03,1,26,4,25,20,20,20,5,10,1,7,8,8,7,8,9,7,6,2,22,5,4,1,1,2,7,3,10,7,10,5,6,3,8,6,7,6,3,5,8,10,9,10,6,3,8,20,20,10,15,5,30,40,10,10,10,10,20,3,9,9,9,7,0,6,8,7,7,8,5,5,5,0,8,1,1,10,20,10,20,10,30,3,8,9,8,8,0,0,0,15,15,15,15,15,25,6,9,5,7,5
0,2,21,22,2,10,4,1,0.26,0,24,6,30,30,30,5,2,3,1,6,6,6,7,5,7,8,7,2,22,5,4,1,1,2,7,3,10,7,10,5,6,3,8,6,7,6,3,5,8,10,9,10,6,3,8,20,20,10,15,5,30,40,10,10,10,10,20,3,9,9,9,7,1,7,8,8,9,8,8,8,6,1,8,1,1,10,20,10,20,10,30,3,8,9,8,8,0,0,0,15,15,15,15,15,25,6,9,5,7,5
0,2,21,22,2,22,6,0,-0.01,0,29,2,30,20,20,20,10,0,0,4,9,8,4,8,4,2,4,2,22,5,4,1,1,2,7,3,10,7,10,5,6,3,8,6,7,6,3,5,8,10,9,10,6,3,8,20,20,10,15,5,30,40,10,10,10,10,20,3,9,9,9,7,1,9,8,7,8,8,7,8,5,0,8,1,1,10,20,10,20,10,30,3,8,9,8,8,0,0,0,15,15,15,15,15,25,6,9,5,7,5
0,2,21,22,2,12,7,0,0.1,1,22,4,20,5,25,25,5,20,0,4,7,6,4,4,2,5,4,2,22,5,4,1,1,2,7,3,10,7,10,5,6,3,8,6,7,6,3,5,8,10,9,10,6,3,8,20,20,10,15,5,30,40,10,10,10,10,20,3,9,9,9,7,1,7,8,7,8,8,8,6,5,0,8,1,1,10,20,10,20,10,30,3,8,9,8,8,0,0,0,15,15,15,15,15,25,6,9,5,7,5
0,2,21,22,2,17,8,0,-0.58,0,32,2,50,0,10,30,0,10,0,5,6,5,5,5,3,5,5,2,22,5,4,1,1,2,7,3,10,7,10,5,6,3,8,6,7,6,3,5,8,10,9,10,6,3,8,20,20,10,15,5,30,40,10,10,10,10,20,3,9,9,9,7,1,9,9,8,10,8,7,8,5,0,8,1,1,10,20,10,20,10,30,3,8,9,8,8,0,0,0,15,15,15,15,15,25,6,9,5,7,5
0,2,21,22,2,21,9,0,0.08,0,22,2,30,10,20,15,15,10,0,4,10,10,7,9,3,6,4,2,22,5,4,1,1,2,7,3,10,7,10,5,6,3,8,6,7,6,3,5,8,10,9,10,6,3,8,20,20,10,15,5,30,40,10,10,10,10,20,3,9,9,9,7,1,8,8,8,9,9,7,7,4,0,8,1,1,10,20,10,20,10,30,3,8,9,8,8,0,0,0,15,15,15,15,15,25,6,9,5,7,5
0,2,21,22,2,14,10,0,0.38,0,24,2,20,15,20,20,15,10,0,5,6,6,7,5,5,6,5,2,22,5,4,1,1,2,7,3,10,7,10,5,6,3,8,6,7,6,3,5,8,10,9,10,6,3,8,20,20,10,15,5,30,40,10,10,10,10,20,3,9,9,9,7,1,6,8,8,8,7,6,7,6,0,8,1,1,10,20,10,20,10,30,3,8,9,8,8,0,0,0,15,15,15,15,15,25,6,9,5,7,5
0,2,21,22,2,2,11,0,0.54,1,23,4,40,30,0,20,0,10,0,4,8,8,3,7,5,4,5,2,22,5,4,1,1,2,7,3,10,7,10,5,6,3,8,6,7,6,3,5,8,10,9,10,6,3,8,20,20,10,15,5,30,40,10,10,10,10,20,3,9,9,9,7,1,6,7,7,6,8,6,6,5,0,8,1,1,10,20,10,20,10,30,3,8,9,8,8,0,0,0,15,15,15,15,15,25,6,9,5,7,5
0,2,21,22,2,19,12,0,0.01,1,23,4,25,15,20,20,10,10,0,1,7,8,2,3,4,1,8,2,22,5,4,1,1,2,7,3,10,7,10,5,6,3,8,6,7,6,3,5,8,10,9,10,6,3,8,20,20,10,15,5,30,40,10,10,10,10,20,3,9,9,9,7,1,6,7,7,8,8,7,7,5,0,8,1,1,10,20,10,20,10,30,3,8,9,8,8,0,0,0,15,15,15,15,15,25,6,9,5,7,5
0,2,21,22,2,13,13,0,0.05,1,24,4,20,16,16,17,16,15,0,3,8,8,7,8,3,3,3,2,22,5,4,1,1,2,7,3,10,7,10,5,6,3,8,6,7,6,3,5,8,10,9,10,6,3,8,20,20,10,15,5,30,40,10,10,10,10,20,3,9,9,9,7,1,6,7,7,8,7,6,7,5,1,8,1,1,10,20,10,20,10,30,3,8,9,8,8,0,0,0,15,15,15,15,15,25,6,9,5,7,5
0,2,21,22,2,20,14,1,0.18,1,23,4,15,25,20,10,10,20,1,7,8,7,7,7,7,7,6,2,22,5,4,1,1,2,7,3,10,7,10,5,6,3,8,6,7,6,3,5,8,10,9,10,6,3,8,20,20,10,15,5,30,40,10,10,10,10,20,3,9,9,9,7,1,7,8,7,7,7,6,6,4,1,8,1,1,10,20,10,20,10,30,3,8,9,8,8,0,0,0,15,15,15,15,15,25,6,9,5,7,5
0,2,21,22,2,6,15,0,-0.2,0,24,2,20,20,20,20,10,10,0,5,8,8,7,8,2,6,5,2,22,5,4,1,1,2,7,3,10,7,10,5,6,3,8,6,7,6,3,5,8,10,9,10,6,3,8,20,20,10,15,5,30,40,10,10,10,10,20,3,9,9,9,7,1,7,8,7,8,8,8,7,5,0,8,1,1,10,20,10,20,10,30,3,8,9,8,8,0,0,0,15,15,15,15,15,25,6,9,5,7,5
0,2,21,22,2,3,16,0,0.13,0,30,2,35,10,20,25,5,5,0,4,6,7,4,5,2,4,7,2,22,5,4,1,1,2,7,3,10,7,10,5,6,3,8,6,7,6,3,5,8,10,9,10,6,3,8,20,20,10,15,5,30,40,10,10,10,10,20,3,9,9,9,7,1,7,8,8,7,7,9,8,6,0,8,1,1,10,20,10,20,10,30,3,8,9,8,8,0,0,0,15,15,15,15,15,25,6,9,5,7,5
0,2,21,22,2,9,17,0,0.1,0,30,2,25,20,20,20,0,15,0,3,8,8,5,6,4,6,5,2,22,5,4,1,1,2,7,3,10,7,10,5,6,3,8,6,7,6,3,5,8,10,9,10,6,3,8,20,20,10,15,5,30,40,10,10,10,10,20,3,9,9,9,7,0,7,8,6,6,7,5,6,5,0,8,1,1,10,20,10,20,10,30,3,8,9,8,8,0,0,0,15,15,15,15,15,25,6,9,5,7,5
0,2,21,22,2,16,18,0,0.23,0,30,2,40,10,20,10,0,20,0,1,10,8,1,8,1,5,7,2,22,5,4,1,1,2,7,3,10,7,10,5,6,3,8,6,7,6,3,5,8,10,9,10,6,3,8,20,20,10,15,5,30,40,10,10,10,10,20,3,9,9,9,7,0,7,7,8,6,7,5,7,5,0,8,1,1,10,20,10,20,10,30,3,8,9,8,8,0,0,0,15,15,15,15,15,25,6,9,5,7,5
0,2,21,22,2,18,19,0,0.29,0,28,2,20,20,20,20,0,20,0,4,7,7,7,7,6,4,4,2,22,5,4,1,1,2,7,3,10,7,10,5,6,3,8,6,7,6,3,5,8,10,9,10,6,3,8,20,20,10,15,5,30,40,10,10,10,10,20,3,9,9,9,7,1,7,8,8,8,7,8,8,5,0,8,1,1,10,20,10,20,10,30,3,8,9,8,8,0,0,0,15,15,15,15,15,25,6,9,5,7,5
0,2,21,22,2,5,20,0,-0.2,0,30,2,30,3,30,30,3,4,0,4,7,6,3,6,2,5,3,2,22,5,4,1,1,2,7,3,10,7,10,5,6,3,8,6,7,6,3,5,8,10,9,10,6,3,8,20,20,10,15,5,30,40,10,10,10,10,20,3,9,9,9,7,0,6,8,8,8,7,6,5,3,0,8,1,1,10,20,10,20,10,30,3,8,9,8,8,0,0,0,15,15,15,15,15,25,6,9,5,7,5
0,2,21,22,2,4,21,0,-0.32,0,27,1,40,20,20,20,0,0,0,4,9,9,7,7,6,7,5,2,22,5,4,1,1,2,7,3,10,7,10,5,6,3,8,6,7,6,3,5,8,10,9,10,6,3,8,20,20,10,15,5,30,40,10,10,10,10,20,3,9,9,9,7,0,6,8,7,6,6,6,5,4,0,8,1,1,10,20,10,20,10,30,3,8,9,8,8,0,0,0,15,15,15,15,15,25,6,9,5,7,5
0,2,21,22,2,15,22,0,0.01,0,25,2,70,0,15,15,0,0,0,3,7,6,4,8,1,4,5,2,22,5,4,1,1,2,7,3,10,7,10,5,6,3,8,6,7,6,3,5,8,10,9,10,6,3,8,20,20,10,15,5,30,40,10,10,10,10,20,3,9,9,9,7,1,8,8,7,7,7,7,8,5,0,8,1,1,10,20,10,20,10,30,3,8,9,8,8,0,0,0,15,15,15,15,15,25,6,9,5,7,5
1,2,21,22,15,3,3,0,0.36,1,23,4,20,10,10,30,15,15,1,4,4,7,5,3,3,5,5,2,22,5,4,7,1,1,5,1,1,6,6,7,10,8,8,3,3,6,10,8,10,10,10,10,10,1,7,20,5,25,25,5,20,15,10,15,25,15,25,7,9,9,9,7,0,5,7,8,4,6,6,5,1,0,4,1,2,25,5,25,15,0,30,8,9,9,8,9,2,1,1,20,10,25,20,5,20,8,9,8,9,10
1,2,21,22,16,4,6,0,0.81,0,23,2,20,20,20,15,5,20,0,9,7,6,6,6,2,3,2,2,22,5,4,7,1,1,5,1,1,6,6,7,10,8,8,3,3,6,10,8,10,10,10,10,10,1,7,20,5,25,25,5,20,15,10,15,25,15,25,7,9,9,9,7,0,6,8,7,4,5,5,7,1,0,4,1,2,25,5,25,15,0,30,8,9,9,8,9,2,1,1,20,10,25,20,5,20,8,9,8,9,10
1,2,21,22,18,6,8,0,0.62,1,27,4,58,5,8,10,7,12,1,7,8,8,7,8,7,7,7,2,22,5,4,7,1,1,5,1,1,6,6,7,10,8,8,3,3,6,10,8,10,10,10,10,10,1,7,20,5,25,25,5,20,15,10,15,25,15,25,7,9,9,9,7,0,8,8,8,6,6,4,7,6,0,4,1,2,25,5,25,15,0,30,8,9,9,8,9,2,1,1,20,10,25,20,5,20,8,9,8,9,10
1,2,21,22,1,11,9,0,0.56,0,30,3,15,20,20,20,5,10,0,5,4,6,5,4,3,4,5,2,22,5,4,7,1,1,5,1,1,6,6,7,10,8,8,3,3,6,10,8,10,10,10,10,10,1,7,20,5,25,25,5,20,15,10,15,25,15,25,7,9,9,9,7,0,7,8,7,8,7,6,6,1,0,4,1,2,25,5,25,15,0,30,8,9,9,8,9,2,1,1,20,10,25,20,5,20,8,9,8,9,10
1,2,21,22,8,18,13,0,-0.06,0,26,2,10,30,20,15,15,10,1,8,8,8,8,8,8,8,6,2,22,5,4,7,1,1,5,1,1,6,6,7,10,8,8,3,3,6,10,8,10,10,10,10,10,1,7,20,5,25,25,5,20,15,10,15,25,15,25,7,9,9,9,7,0,6,7,7,8,6,6,7,4,0,4,1,2,25,5,25,15,0,30,8,9,9,8,9,2,1,1,20,10,25,20,5,20,8,9,8,9,10
1,2,21,22,4,14,14,0,0.73,0,22,2,10,20,15,20,15,20,1,6,8,9,9,7,7,8,6,2,22,5,4,7,1,1,5,1,1,6,6,7,10,8,8,3,3,6,10,8,10,10,10,10,10,1,7,20,5,25,25,5,20,15,10,15,25,15,25,7,9,9,9,7,0,7,9,9,8,9,8,8,5,0,4,1,2,25,5,25,15,0,30,8,9,9,8,9,2,1,1,20,10,25,20,5,20,8,9,8,9,10
1,2,21,22,5,15,15,0,0.14,1,27,4,10,25,20,20,5,20,0,4,2,6,4,6,8,4,2,2,22,5,4,7,1,1,5,1,1,6,6,7,10,8,8,3,3,6,10,8,10,10,10,10,10,1,7,20,5,25,25,5,20,15,10,15,25,15,25,7,9,9,9,7,0,4,8,8,4,5,7,4,7,0,4,1,2,25,5,25,15,0,30,8,9,9,8,9,2,1,1,20,10,25,20,5,20,8,9,8,9,10
1,2,21,22,11,21,16,0,0.48,1,25,4,15,20,25,20,10,10,1,6,6,7,7,7,5,5,3,2,22,5,4,7,1,1,5,1,1,6,6,7,10,8,8,3,3,6,10,8,10,10,10,10,10,1,7,20,5,25,25,5,20,15,10,15,25,15,25,7,9,9,9,7,0,7,9,9,9,9,5,8,6,0,4,1,2,25,5,25,15,0,30,8,9,9,8,9,2,1,1,20,10,25,20,5,20,8,9,8,9,10
1,2,21,22,17,5,17,0,0.78,0,24,2,10,15,30,20,15,10,1,8,8,8,8,9,9,9,7,2,22,5,4,7,1,1,5,1,1,6,6,7,10,8,8,3,3,6,10,8,10,10,10,10,10,1,7,20,5,25,25,5,20,15,10,15,25,15,25,7,9,9,9,7,0,5,8,7,8,5,4,7,1,0,4,1,2,25,5,25,15,0,30,8,9,9,8,9,2,1,1,20,10,25,20,5,20,8,9,8,9,10
1,2,21,22,13,1,19,0,0.62,0,24,6,50,20,10,5,10,5,0,5,5,8,6,8,3,3,3,2,22,5,4,7,1,1,5,1,1,6,6,7,10,8,8,3,3,6,10,8,10,10,10,10,10,1,7,20,5,25,25,5,20,15,10,15,25,15,25,7,9,9,9,7,0,5,7,7,7,4,2,6,1,0,4,1,2,25,5,25,15,0,30,8,9,9,8,9,2,1,1,20,10,25,20,5,20,8,9,8,9,10
1,2,21,22,2,12,22,0,0.1,1,22,4,20,20,10,15,5,30,1,7,8,7,8,8,8,6,5,2,22,5,4,7,1,1,5,1,1,6,6,7,10,8,8,3,3,6,10,8,10,10,10,10,10,1,7,20,5,25,25,5,20,15,10,15,25,15,25,7,9,9,9,7,0,4,7,6,4,4,2,5,4,0,4,1,2,25,5,25,15,0,30,8,9,9,8,9,2,1,1,20,10,25,20,5,20,8,9,8,9,10
1,2,21,22,21,11,1,0,0.1,0,28,4,10,20,30,10,10,20,1,5,8,7,5,3,3,5,5,2,24,5,2,5,1,1,7,4,2,6,4,4,5,7,8,8,9,6,7,4,9,9,9,9,6,3,7,20,15,20,20,15,10,20,30,10,20,10,10,5,7,6,5,7,0,6,7,6,5,3,3,5,3,0,6,1,2,20,20,20,20,10,10,5,6,5,6,4,0,0,0,20,20,20,20,10,10,6,5,6,5,4
1,2,21,22,12,2,2,1,0.36,0,26,3,25,25,25,12,3,10,1,8,10,10,10,6,8,8,9,1,24,5,2,5,1,1,7,4,2,6,4,4,5,7,8,8,9,6,7,4,9,9,9,9,6,3,7,20,15,20,20,15,10,20,30,10,20,10,10,5,7,6,5,7,1,8,10,8,9,8,7,8,8,1,6,1,2,20,20,20,20,10,10,5,6,5,6,4,0,0,0,20,20,20,20,10,10,6,5,6,5,4
1,2,21,22,15,5,3,0,0.52,0,23,4,20,10,10,30,15,15,0,3,5,5,5,3,2,4,5,2,24,5,2,5,1,1,7,4,2,6,4,4,5,7,8,8,9,6,7,4,9,9,9,9,6,3,7,20,15,20,20,15,10,20,30,10,20,10,10,5,7,6,5,7,0,7,8,7,7,5,3,7,5,0,6,1,2,20,20,20,20,10,10,5,6,5,6,4,0,0,0,20,20,20,20,10,10,6,5,6,5,4
1,2,21,22,22,12,5,0,0.02,1,23,2,20,20,20,20,5,15,0,3,8,8,4,4,6,6,5,2,24,5,2,5,1,1,7,4,2,6,4,4,5,7,8,8,9,6,7,4,9,9,9,9,6,3,7,20,15,20,20,15,10,20,30,10,20,10,10,5,7,6,5,7,1,7,6,6,7,5,4,7,4,0,6,1,2,20,20,20,20,10,10,5,6,5,6,4,0,0,0,20,20,20,20,10,10,6,5,6,5,4
1,2,21,22,16,6,6,0,0.33,1,23,2,20,20,20,15,5,20,0,3,4,4,4,4,0,5,2,2,24,5,2,5,1,1,7,4,2,6,4,4,5,7,8,8,9,6,7,4,9,9,9,9,6,3,7,20,15,20,20,15,10,20,30,10,20,10,10,5,7,6,5,7,1,6,7,6,7,6,5,6,5,0,6,1,2,20,20,20,20,10,10,5,6,5,6,4,0,0,0,20,20,20,20,10,10,6,5,6,5,4
1,2,21,22,10,22,7,0,-0.11,1,23,2,20,20,20,15,10,15,0,4,5,8,9,7,3,7,4,2,24,5,2,5,1,1,7,4,2,6,4,4,5,7,8,8,9,6,7,4,9,9,9,9,6,3,7,20,15,20,20,15,10,20,30,10,20,10,10,5,7,6,5,7,1,6,7,7,6,5,3,4,2,0,6,1,2,20,20,20,20,10,10,5,6,5,6,4,0,0,0,20,20,20,20,10,10,6,5,6,5,4
1,2,21,22,18,8,8,0,0.21,0,27,4,58,5,8,10,7,12,0,5,7,7,7,7,6,4,4,2,24,5,2,5,1,1,7,4,2,6,4,4,5,7,8,8,9,6,7,4,9,9,9,9,6,3,7,20,15,20,20,15,10,20,30,10,20,10,10,5,7,6,5,7,0,7,5,5,6,5,3,6,2,0,6,1,2,20,20,20,20,10,10,5,6,5,6,4,0,0,0,20,20,20,20,10,10,6,5,6,5,4
1,2,21,22,1,13,9,0,0.13,0,30,3,15,20,20,20,5,10,0,5,4,3,6,5,4,6,9,2,24,5,2,5,1,1,7,4,2,6,4,4,5,7,8,8,9,6,7,4,9,9,9,9,6,3,7,20,15,20,20,15,10,20,30,10,20,10,10,5,7,6,5,7,0,6,7,5,7,5,2,6,3,0,6,1,2,20,20,20,20,10,10,5,6,5,6,4,0,0,0,20,20,20,20,10,10,6,5,6,5,4
1,2,21,22,9,21,12,0,-0.27,0,28,6,25,15,25,15,10,10,0,4,6,5,5,5,4,5,6,2,24,5,2,5,1,1,7,4,2,6,4,4,5,7,8,8,9,6,7,4,9,9,9,9,6,3,7,20,15,20,20,15,10,20,30,10,20,10,10,5,7,6,5,7,0,6,6,7,5,5,2,5,2,0,6,1,2,20,20,20,20,10,10,5,6,5,6,4,0,0,0,20,20,20,20,10,10,6,5,6,5,4
1,2,21,22,8,20,13,0,0.36,1,26,2,10,30,20,15,15,10,1,7,7,7,7,7,7,7,6,2,24,5,2,5,1,1,7,4,2,6,4,4,5,7,8,8,9,6,7,4,9,9,9,9,6,3,7,20,15,20,20,15,10,20,30,10,20,10,10,5,7,6,5,7,0,6,5,7,7,6,5,6,4,0,6,1,2,20,20,20,20,10,10,5,6,5,6,4,0,0,0,20,20,20,20,10,10,6,5,6,5,4
1,2,21,22,4,16,14,0,0.13,1,22,2,10,20,15,20,15,20,0,5,9,8,7,8,6,6,5,2,24,5,2,5,1,1,7,4,2,6,4,4,5,7,8,8,9,6,7,4,9,9,9,9,6,3,7,20,15,20,20,15,10,20,30,10,20,10,10,5,7,6,5,7,1,6,7,8,7,5,3,7,4,0,6,1,2,20,20,20,20,10,10,5,6,5,6,4,0,0,0,20,20,20,20,10,10,6,5,6,5,4
1,2,21,22,5,17,15,0,0.19,0,27,4,10,25,20,20,5,20,0,2,6,7,2,5,4,4,8,2,24,5,2,5,1,1,7,4,2,6,4,4,5,7,8,8,9,6,7,4,9,9,9,9,6,3,7,20,15,20,20,15,10,20,30,10,20,10,10,5,7,6,5,7,0,5,3,2,4,2,1,4,4,0,6,1,2,20,20,20,20,10,10,5,6,5,6,4,0,0,0,20,20,20,20,10,10,6,5,6,5,4
1,2,21,22,11,1,16,0,0.04,0,25,4,15,20,25,20,10,10,1,4,9,4,7,8,4,6,5,2,24,5,2,5,1,1,7,4,2,6,4,4,5,7,8,8,9,6,7,4,9,9,9,9,6,3,7,20,15,20,20,15,10,20,30,10,20,10,10,5,7,6,5,7,0,7,7,7,8,5,5,6,6,0,6,1,2,20,20,20,20,10,10,5,6,5,6,4,0,0,0,20,20,20,20,10,10,6,5,6,5,4
1,2,21,22,17,7,17,0,0.14,1,24,2,10,15,30,20,15,10,0,6,7,7,6,9,6,6,6,2,24,5,2,5,1,1,7,4,2,6,4,4,5,7,8,8,9,6,7,4,9,9,9,9,6,3,7,20,15,20,20,15,10,20,30,10,20,10,10,5,7,6,5,7,0,6,7,5,6,7,3,5,3,0,6,1,2,20,20,20,20,10,10,5,6,5,6,4,0,0,0,20,20,20,20,10,10,6,5,6,5,4
1,2,21,22,14,4,18,0,0.46,0,26,3,10,10,30,20,10,15,0,3,7,8,5,9,5,7,2,2,24,5,2,5,1,1,7,4,2,6,4,4,5,7,8,8,9,6,7,4,9,9,9,9,6,3,7,20,15,20,20,15,10,20,30,10,20,10,10,5,7,6,5,7,0,6,5,5,6,4,3,4,4,0,6,1,2,20,20,20,20,10,10,5,6,5,6,4,0,0,0,20,20,20,20,10,10,6,5,6,5,4
1,2,21,22,13,3,19,0,0.34,0,24,6,50,20,10,5,10,5,0,3,5,6,2,8,1,2,3,2,24,5,2,5,1,1,7,4,2,6,4,4,5,7,8,8,9,6,7,4,9,9,9,9,6,3,7,20,15,20,20,15,10,20,30,10,20,10,10,5,7,6,5,7,0,5,5,6,3,5,2,3,4,0,6,1,2,20,20,20,20,10,10,5,6,5,6,4,0,0,0,20,20,20,20,10,10,6,5,6,5,4
1,2,21,22,2,14,22,0,0.38,0,22,4,20,20,10,15,5,30,1,6,8,8,8,7,6,7,6,2,24,5,2,5,1,1,7,4,2,6,4,4,5,7,8,8,9,6,7,4,9,9,9,9,6,3,7,20,15,20,20,15,10,20,30,10,20,10,10,5,7,6,5,7,0,5,6,6,7,5,5,6,5,0,6,1,2,20,20,20,20,10,10,5,6,5,6,4,0,0,0,20,20,20,20,10,10,6,5,6,5,4
1,2,21,22,21,3,1,0,0.03,0,28,4,10,20,30,10,10,20,1,7,5,6,5,5,6,6,3,2,24,5,2,7,1,1,7,2,4,10,2,2,5,5,4,7,5,4,7,4,3,4,5,5,2,1,6,20,20,20,20,10,10,20,20,10,20,25,5,8,8,8,9,6,0,4,8,7,5,8,2,7,2,0,4,3,3,20,15,20,15,15,15,9,7,9,8,7,1,1,1,20,20,20,20,10,10,9,9,9,9,9
1,2,21,22,22,4,5,0,-0.33,1,23,2,20,20,20,20,5,15,0,7,6,7,5,5,5,6,5,2,24,5,2,7,1,1,7,2,4,10,2,2,5,5,4,7,5,4,7,4,3,4,5,5,2,1,6,20,20,20,20,10,10,20,20,10,20,25,5,8,8,8,9,6,0,8,4,5,8,7,2,5,8,0,4,3,3,20,15,20,15,15,15,9,7,9,8,7,1,1,1,20,20,20,20,10,10,9,9,9,9,9
1,2,21,22,1,5,9,0,-0.13,0,30,3,15,20,20,20,5,10,0,5,5,5,4,3,3,4,6,2,24,5,2,7,1,1,7,2,4,10,2,2,5,5,4,7,5,4,7,4,3,4,5,5,2,1,6,20,20,20,20,10,10,20,20,10,20,25,5,8,8,8,9,6,0,8,8,7,6,7,2,7,7,0,4,3,3,20,15,20,15,15,15,9,7,9,8,7,1,1,1,20,20,20,20,10,10,9,9,9,9,9
1,2,21,22,6,10,10,0,-0.12,1,23,2,20,25,25,30,5,5,0,7,7,4,6,5,1,5,5,2,24,5,2,7,1,1,7,2,4,10,2,2,5,5,4,7,5,4,7,4,3,4,5,5,2,1,6,20,20,20,20,10,10,20,20,10,20,25,5,8,8,8,9,6,1,8,6,6,9,8,4,8,7,0,4,3,3,20,15,20,15,15,15,9,7,9,8,7,1,1,1,20,20,20,20,10,10,9,9,9,9,9
1,2,21,22,20,2,11,0,0.4,1,26,2,40,5,30,15,5,5,0,6,7,7,6,7,5,6,8,2,24,5,2,7,1,1,7,2,4,10,2,2,5,5,4,7,5,4,7,4,3,4,5,5,2,1,6,20,20,20,20,10,10,20,20,10,20,25,5,8,8,8,9,6,0,8,10,9,6,9,5,8,1,0,4,3,3,20,15,20,15,15,15,9,7,9,8,7,1,1,1,20,20,20,20,10,10,9,9,9,9,9
1,2,21,22,9,13,12,0,-0.34,0,28,6,25,15,25,15,10,10,1,4,6,6,7,5,5,7,4,2,24,5,2,7,1,1,7,2,4,10,2,2,5,5,4,7,5,4,7,4,3,4,5,5,2,1,6,20,20,20,20,10,10,20,20,10,20,25,5,8,8,8,9,6,0,4,5,8,6,8,1,5,5,0,4,3,3,20,15,20,15,15,15,9,7,9,8,7,1,1,1,20,20,20,20,10,10,9,9,9,9,9
1,2,21,22,4,8,14,1,-0.14,1,22,2,10,20,15,20,15,20,1,10,8,8,8,9,7,8,6,2,24,5,2,7,1,1,7,2,4,10,2,2,5,5,4,7,5,4,7,4,3,4,5,5,2,1,6,20,20,20,20,10,10,20,20,10,20,25,5,8,8,8,9,6,1,7,7,7,7,7,4,7,5,1,4,3,3,20,15,20,15,15,15,9,7,9,8,7,1,1,1,20,20,20,20,10,10,9,9,9,9,9
1,2,21,22,5,9,15,0,0.62,0,27,4,10,25,20,20,5,20,1,3,2,4,5,7,4,5,5,2,24,5,2,7,1,1,7,2,4,10,2,2,5,5,4,7,5,4,7,4,3,4,5,5,2,1,6,20,20,20,20,10,10,20,20,10,20,25,5,8,8,8,9,6,0,3,7,7,4,6,1,5,5,0,4,3,3,20,15,20,15,15,15,9,7,9,8,7,1,1,1,20,20,20,20,10,10,9,9,9,9,9
1,2,21,22,2,6,22,0,-0.2,0,22,4,20,20,10,15,5,30,1,7,8,7,8,8,8,7,5,2,24,5,2,7,1,1,7,2,4,10,2,2,5,5,4,7,5,4,7,4,3,4,5,5,2,1,6,20,20,20,20,10,10,20,20,10,20,25,5,8,8,8,9,6,0,5,8,8,7,8,2,6,5,0,4,3,3,20,15,20,15,15,15,9,7,9,8,7,1,1,1,20,20,20,20,10,10,9,9,9,9,9
1,2,21,22,21,22,1,1,0.52,0,28,4,10,20,30,10,10,20,1,7,3,6,7,6,3,7,2,2,30,8,2,3,4,2,4,1,7,10,5,8,10,4,3,5,1,1,2,4,3,6,3,9,10,6,8,35,10,20,25,5,5,30,10,10,30,10,10,9,8,10,8,7,1,6,6,6,6,6,7,6,6,0,8,1,2,30,10,20,30,0,10,8,6,8,9,5,2,2,1,40,0,10,30,0,20,8,6,9,10,7
1,2,21,22,12,13,2,1,-0.04,0,26,3,25,25,25,12,3,10,1,10,9,8,8,7,6,8,9,2,30,8,2,3,4,2,4,1,7,10,5,8,10,4,3,5,1,1,2,4,3,6,3,9,10,6,8,35,10,20,25,5,5,30,10,10,30,10,10,9,8,10,8,7,1,8,8,8,8,6,8,7,7,0,8,1,2,30,10,20,30,0,10,8,6,8,9,5,2,2,1,40,0,10,30,0,20,8,6,9,10,7
1,2,21,22,15,16,3,0,-0.05,0,23,4,20,10,10,30,15,15,1,6,6,6,7,3,5,6,5,2,30,8,2,3,4,2,4,1,7,10,5,8,10,4,3,5,1,1,2,4,3,6,3,9,10,6,8,35,10,20,25,5,5,30,10,10,30,10,10,9,8,10,8,7,0,6,6,7,5,6,6,5,6,0,8,1,2,30,10,20,30,0,10,8,6,8,9,5,2,2,1,40,0,10,30,0,20,8,6,9,10,7
1,2,21,22,22,1,5,1,0,1,23,2,20,20,20,20,5,15,1,7,5,7,7,7,9,5,7,2,30,8,2,3,4,2,4,1,7,10,5,8,10,4,3,5,1,1,2,4,3,6,3,9,10,6,8,35,10,20,25,5,5,30,10,10,30,10,10,9,8,10,8,7,1,8,7,7,9,6,6,8,8,0,8,1,2,30,10,20,30,0,10,8,6,8,9,5,2,2,1,40,0,10,30,0,20,8,6,9,10,7
1,2,21,22,16,17,6,0,0.18,1,23,2,20,20,20,15,5,20,1,10,9,9,8,7,5,8,6,2,30,8,2,3,4,2,4,1,7,10,5,8,10,4,3,5,1,1,2,4,3,6,3,9,10,6,8,35,10,20,25,5,5,30,10,10,30,10,10,9,8,10,8,7,0,5,8,5,8,6,7,6,8,0,8,1,2,30,10,20,30,0,10,8,6,8,9,5,2,2,1,40,0,10,30,0,20,8,6,9,10,7
1,2,21,22,18,19,8,0,-0.07,0,27,4,58,5,8,10,7,12,0,6,7,8,7,7,6,6,5,2,30,8,2,3,4,2,4,1,7,10,5,8,10,4,3,5,1,1,2,4,3,6,3,9,10,6,8,35,10,20,25,5,5,30,10,10,30,10,10,9,8,10,8,7,0,5,3,5,6,8,5,4,4,0,8,1,2,30,10,20,30,0,10,8,6,8,9,5,2,2,1,40,0,10,30,0,20,8,6,9,10,7
1,2,21,22,1,2,9,0,0.05,0,30,3,15,20,20,20,5,10,0,5,5,7,7,5,4,6,8,2,30,8,2,3,4,2,4,1,7,10,5,8,10,4,3,5,1,1,2,4,3,6,3,9,10,6,8,35,10,20,25,5,5,30,10,10,30,10,10,9,8,10,8,7,1,6,8,8,6,6,5,6,6,0,8,1,2,30,10,20,30,0,10,8,6,8,9,5,2,2,1,40,0,10,30,0,20,8,6,9,10,7
1,2,21,22,20,21,11,0,0.18,1,26,2,40,5,30,15,5,5,0,6,5,8,5,8,6,6,8,2,30,8,2,3,4,2,4,1,7,10,5,8,10,4,3,5,1,1,2,4,3,6,3,9,10,6,8,35,10,20,25,5,5,30,10,10,30,10,10,9,8,10,8,7,0,5,6,5,7,6,6,5,4,0,8,1,2,30,10,20,30,0,10,8,6,8,9,5,2,2,1,40,0,10,30,0,20,8,6,9,10,7
1,2,21,22,4,5,14,1,-0.16,1,22,2,10,20,15,20,15,20,1,10,8,9,9,7,8,9,7,2,30,8,2,3,4,2,4,1,7,10,5,8,10,4,3,5,1,1,2,4,3,6,3,9,10,6,8,35,10,20,25,5,5,30,10,10,30,10,10,9,8,10,8,7,1,7,8,8,8,6,9,7,7,0,8,1,2,30,10,20,30,0,10,8,6,8,9,5,2,2,1,40,0,10,30,0,20,8,6,9,10,7
1,2,21,22,5,6,15,0,0,0,27,4,10,25,20,20,5,20,1,8,3,7,6,8,6,6,7,2,30,8,2,3,4,2,4,1,7,10,5,8,10,4,3,5,1,1,2,4,3,6,3,9,10,6,8,35,10,20,25,5,5,30,10,10,30,10,10,9,8,10,8,7,0,6,5,5,6,6,6,6,6,0,8,1,2,30,10,20,30,0,10,8,6,8,9,5,2,2,1,40,0,10,30,0,20,8,6,9,10,7
1,2,21,22,11,12,16,1,0.02,0,25,4,15,20,25,20,10,10,1,8,8,9,8,8,7,5,2,2,30,8,2,3,4,2,4,1,7,10,5,8,10,4,3,5,1,1,2,4,3,6,3,9,10,6,8,35,10,20,25,5,5,30,10,10,30,10,10,9,8,10,8,7,1,7,7,6,7,6,7,5,7,0,8,1,2,30,10,20,30,0,10,8,6,8,9,5,2,2,1,40,0,10,30,0,20,8,6,9,10,7
1,2,21,22,17,18,17,0,0.38,1,24,2,10,15,30,20,15,10,1,9,8,8,9,8,8,7,6,2,30,8,2,3,4,2,4,1,7,10,5,8,10,4,3,5,1,1,2,4,3,6,3,9,10,6,8,35,10,20,25,5,5,30,10,10,30,10,10,9,8,10,8,7,0,4,6,6,6,7,6,4,7,0,8,1,2,30,10,20,30,0,10,8,6,8,9,5,2,2,1,40,0,10,30,0,20,8,6,9,10,7
1,2,21,22,13,14,19,0,0.05,0,24,6,50,20,10,5,10,5,0,6,5,8,8,7,2,6,5,2,30,8,2,3,4,2,4,1,7,10,5,8,10,4,3,5,1,1,2,4,3,6,3,9,10,6,8,35,10,20,25,5,5,30,10,10,30,10,10,9,8,10,8,7,1,5,6,7,7,6,6,6,6,0,8,1,2,30,10,20,30,0,10,8,6,8,9,5,2,2,1,40,0,10,30,0,20,8,6,9,10,7
1,2,21,22,2,3,22,0,0.13,0,22,4,20,20,10,15,5,30,1,7,8,8,7,7,9,8,6,2,30,8,2,3,4,2,4,1,7,10,5,8,10,4,3,5,1,1,2,4,3,6,3,9,10,6,8,35,10,20,25,5,5,30,10,10,30,10,10,9,8,10,8,7,0,4,6,7,4,5,2,4,7,0,8,1,2,30,10,20,30,0,10,8,6,8,9,5,2,2,1,40,0,10,30,0,20,8,6,9,10,7
1,2,21,22,21,13,1,1,0.23,0,28,4,10,20,30,10,10,20,1,8,5,8,6,8,5,5,2,2,30,8,2,8,8,1,6,1,7,10,8,4,10,3,2,2,5,1,9,6,4,6,7,10,4,1,7,40,10,20,10,0,20,30,20,20,0,10,20,10,10,10,10,10,1,5,5,7,7,7,9,6,7,0,3,3,2,40,10,20,10,0,20,8,9,10,10,8,2,0,0,40,10,20,10,0,20,8,9,9,9,9
1,2,21,22,12,4,2,0,0.07,0,26,3,25,25,25,12,3,10,0,8,8,7,5,6,5,6,6,2,30,8,2,8,8,1,6,1,7,10,8,4,10,3,2,2,5,1,9,6,4,6,7,10,4,1,7,40,10,20,10,0,20,30,20,20,0,10,20,10,10,10,10,10,1,7,7,8,6,5,4,7,6,0,3,3,2,40,10,20,10,0,20,8,9,10,10,8,2,0,0,40,10,20,10,0,20,8,9,9,9,9
1,2,21,22,15,7,3,1,-0.2,0,23,4,20,10,10,30,15,15,1,5,3,5,5,2,2,4,4,2,30,8,2,8,8,1,6,1,7,10,8,4,10,3,2,2,5,1,9,6,4,6,7,10,4,1,7,40,10,20,10,0,20,30,20,20,0,10,20,10,10,10,10,10,1,9,9,9,5,8,5,7,7,0,3,3,2,40,10,20,10,0,20,8,9,10,10,8,2,0,0,40,10,20,10,0,20,8,9,9,9,9
1,2,21,22,22,14,5,0,-0.1,1,23,2,20,20,20,20,5,15,0,5,3,4,6,4,4,5,5,2,30,8,2,8,8,1,6,1,7,10,8,4,10,3,2,2,5,1,9,6,4,6,7,10,4,1,7,40,10,20,10,0,20,30,20,20,0,10,20,10,10,10,10,10,1,8,2,3,8,2,1,4,4,0,3,3,2,40,10,20,10,0,20,8,9,10,10,8,2,0,0,40,10,20,10,0,20,8,9,9,9,9
1,2,21,22,16,8,6,0,0.25,1,23,2,20,20,20,15,5,20,1,8,7,7,6,7,4,8,5,2,30,8,2,8,8,1,6,1,7,10,8,4,10,3,2,2,5,1,9,6,4,6,7,10,4,1,7,40,10,20,10,0,20,30,20,20,0,10,20,10,10,10,10,10,0,3,6,2,2,2,1,3,7,0,3,3,2,40,10,20,10,0,20,8,9,10,10,8,2,0,0,40,10,20,10,0,20,8,9,9,9,9
1,2,21,22,10,2,7,0,0.29,1,23,2,20,20,20,15,10,15,0,6,6,6,6,5,5,8,6,2,30,8,2,8,8,1,6,1,7,10,8,4,10,3,2,2,5,1,9,6,4,6,7,10,4,1,7,40,10,20,10,0,20,30,20,20,0,10,20,10,10,10,10,10,0,7,7,5,3,3,3,4,6,0,3,3,2,40,10,20,10,0,20,8,9,10,10,8,2,0,0,40,10,20,10,0,20,8,9,9,9,9
1,2,21,22,18,10,8,0,-0.1,0,27,4,58,5,8,10,7,12,0,6,8,8,7,6,7,6,6,2,30,8,2,8,8,1,6,1,7,10,8,4,10,3,2,2,5,1,9,6,4,6,7,10,4,1,7,40,10,20,10,0,20,30,20,20,0,10,20,10,10,10,10,10,1,6,4,4,6,4,3,5,6,0,3,3,2,40,10,20,10,0,20,8,9,10,10,8,2,0,0,40,10,20,10,0,20,8,9,9,9,9
1,2,21,22,1,15,9,0,-0.01,0,30,3,15,20,20,20,5,10,1,7,4,6,5,6,3,4,5,2,30,8,2,8,8,1,6,1,7,10,8,4,10,3,2,2,5,1,9,6,4,6,7,10,4,1,7,40,10,20,10,0,20,30,20,20,0,10,20,10,10,10,10,10,0,5,6,5,2,2,1,4,5,0,3,3,2,40,10,20,10,0,20,8,9,10,10,8,2,0,0,40,10,20,10,0,20,8,9,9,9,9
1,2,21,22,20,12,11,0,0.27,1,26,2,40,5,30,15,5,5,0,6,7,8,5,7,6,6,8,2,30,8,2,8,8,1,6,1,7,10,8,4,10,3,2,2,5,1,9,6,4,6,7,10,4,1,7,40,10,20,10,0,20,30,20,20,0,10,20,10,10,10,10,10,0,3,5,4,2,3,1,3,4,0,3,3,2,40,10,20,10,0,20,8,9,10,10,8,2,0,0,40,10,20,10,0,20,8,9,9,9,9
1,2,21,22,9,1,12,0,-0.27,0,28,6,25,15,25,15,10,10,0,7,7,7,5,5,5,6,5,2,30,8,2,8,8,1,6,1,7,10,8,4,10,3,2,2,5,1,9,6,4,6,7,10,4,1,7,40,10,20,10,0,20,30,20,20,0,10,20,10,10,10,10,10,0,2,10,8,10,2,4,7,3,0,3,3,2,40,10,20,10,0,20,8,9,10,10,8,2,0,0,40,10,20,10,0,20,8,9,9,9,9
1,2,21,22,8,22,13,1,0.1,1,26,2,10,30,20,15,15,10,1,9,7,8,9,8,6,8,3,2,30,8,2,8,8,1,6,1,7,10,8,4,10,3,2,2,5,1,9,6,4,6,7,10,4,1,7,40,10,20,10,0,20,30,20,20,0,10,20,10,10,10,10,10,1,6,8,8,7,3,2,8,6,0,3,3,2,40,10,20,10,0,20,8,9,10,10,8,2,0,0,40,10,20,10,0,20,8,9,9,9,9
1,2,21,22,11,3,16,1,-0.36,0,25,4,15,20,25,20,10,10,1,8,6,7,7,7,4,6,4,2,30,8,2,8,8,1,6,1,7,10,8,4,10,3,2,2,5,1,9,6,4,6,7,10,4,1,7,40,10,20,10,0,20,30,20,20,0,10,20,10,10,10,10,10,1,9,7,7,8,4,6,9,9,0,3,3,2,40,10,20,10,0,20,8,9,10,10,8,2,0,0,40,10,20,10,0,20,8,9,9,9,9
1,2,21,22,17,9,17,0,0.33,1,24,2,10,15,30,20,15,10,0,8,7,7,6,8,7,6,4,2,30,8,2,8,8,1,6,1,7,10,8,4,10,3,2,2,5,1,9,6,4,6,7,10,4,1,7,40,10,20,10,0,20,30,20,20,0,10,20,10,10,10,10,10,0,1,5,3,1,1,1,2,5,0,3,3,2,40,10,20,10,0,20,8,9,10,10,8,2,0,0,40,10,20,10,0,20,8,9,9,9,9
1,2,21,22,14,6,18,0,-0.2,0,26,3,10,10,30,20,10,15,1,10,5,7,5,8,5,4,5,2,30,8,2,8,8,1,6,1,7,10,8,4,10,3,2,2,5,1,9,6,4,6,7,10,4,1,7,40,10,20,10,0,20,30,20,20,0,10,20,10,10,10,10,10,0,1,9,3,6,2,1,4,7,0,3,3,2,40,10,20,10,0,20,8,9,10,10,8,2,0,0,40,10,20,10,0,20,8,9,9,9,9
1,2,21,22,13,5,19,0,0.09,0,24,6,50,20,10,5,10,5,0,7,5,8,6,8,2,5,2,2,30,8,2,8,8,1,6,1,7,10,8,4,10,3,2,2,5,1,9,6,4,6,7,10,4,1,7,40,10,20,10,0,20,30,20,20,0,10,20,10,10,10,10,10,0,2,5,5,3,2,1,3,4,0,3,3,2,40,10,20,10,0,20,8,9,10,10,8,2,0,0,40,10,20,10,0,20,8,9,9,9,9
1,2,21,22,3,17,21,0,0.12,0,22,4,10,25,25,10,10,20,1,6,7,7,5,5,5,7,4,2,30,8,2,8,8,1,6,1,7,10,8,4,10,3,2,2,5,1,9,6,4,6,7,10,4,1,7,40,10,20,10,0,20,30,20,20,0,10,20,10,10,10,10,10,0,1,10,8,1,8,1,5,7,0,3,3,2,40,10,20,10,0,20,8,9,10,10,8,2,0,0,40,10,20,10,0,20,8,9,9,9,9
1,2,21,22,2,16,22,0,0.23,0,22,4,20,20,10,15,5,30,0,7,7,8,6,7,5,7,5,2,30,8,2,8,8,1,6,1,7,10,8,4,10,3,2,2,5,1,9,6,4,6,7,10,4,1,7,40,10,20,10,0,20,30,20,20,0,10,20,10,10,10,10,10,0,1,10,8,1,8,1,5,7,0,3,3,2,40,10,20,10,0,20,8,9,10,10,8,2,0,0,40,10,20,10,0,20,8,9,9,9,9
1,2,21,22,21,15,1,0,0.43,0,28,4,10,20,30,10,10,20,0,5,5,5,5,5,5,5,2,2,28,8,2,2,3,1,7,1,7,8,5,6,9,7,7,4,8,8,7,7,8,8,10,10,8,2,5,20,20,20,20,0,20,35,10,10,15,20,10,7,10,8,9,9,0,1,6,6,4,6,4,3,2,0,6,1,2,20,15,20,25,5,5,6,8,8,8,8,1,0,0,30,10,20,30,5,5,7,9,8,7,8
1,2,21,22,15,9,3,0,0.17,0,23,4,20,10,10,30,15,15,1,4,5,5,5,3,3,5,4,2,28,8,2,2,3,1,7,1,7,8,5,6,9,7,7,4,8,8,7,7,8,8,10,10,8,2,5,20,20,20,20,0,20,35,10,10,15,20,10,7,10,8,9,9,0,6,8,6,5,8,5,4,4,0,6,1,2,20,15,20,25,5,5,6,8,8,8,8,1,0,0,30,10,20,30,5,5,7,9,8,7,8
1,2,21,22,22,16,5,0,0.34,1,23,2,20,20,20,20,5,15,0,8,2,5,5,5,5,5,2,2,28,8,2,2,3,1,7,1,7,8,5,6,9,7,7,4,8,8,7,7,8,8,10,10,8,2,5,20,20,20,20,0,20,35,10,10,15,20,10,7,10,8,9,9,0,7,7,6,5,6,4,5,3,0,6,1,2,20,15,20,25,5,5,6,8,8,8,8,1,0,0,30,10,20,30,5,5,7,9,8,7,8
1,2,21,22,16,10,6,0,0.46,1,23,2,20,20,20,15,5,20,0,8,9,7,6,5,5,6,5,2,28,8,2,2,3,1,7,1,7,8,5,6,9,7,7,4,8,8,7,7,8,8,10,10,8,2,5,20,20,20,20,0,20,35,10,10,15,20,10,7,10,8,9,9,0,2,7,7,8,6,6,5,6,0,6,1,2,20,15,20,25,5,5,6,8,8,8,8,1,0,0,30,10,20,30,5,5,7,9,8,7,8
1,2,21,22,18,12,8,1,0.49,0,27,4,58,5,8,10,7,12,1,6,7,7,8,7,6,6,5,2,28,8,2,2,3,1,7,1,7,8,5,6,9,7,7,4,8,8,7,7,8,8,10,10,8,2,5,20,20,20,20,0,20,35,10,10,15,20,10,7,10,8,9,9,1,5,7,6,6,6,6,5,6,0,6,1,2,20,15,20,25,5,5,6,8,8,8,8,1,0,0,30,10,20,30,5,5,7,9,8,7,8
1,2,21,22,6,22,10,1,0.48,1,23,2,20,25,25,30,5,5,1,7,8,8,7,7,6,6,5,2,28,8,2,2,3,1,7,1,7,8,5,6,9,7,7,4,8,8,7,7,8,8,10,10,8,2,5,20,20,20,20,0,20,35,10,10,15,20,10,7,10,8,9,9,1,7,7,8,8,7,6,6,5,0,6,1,2,20,15,20,25,5,5,6,8,8,8,8,1,0,0,30,10,20,30,5,5,7,9,8,7,8
1,2,21,22,20,14,11,0,-0.07,1,26,2,40,5,30,15,5,5,0,6,8,7,6,7,5,6,8,2,28,8,2,2,3,1,7,1,7,8,5,6,9,7,7,4,8,8,7,7,8,8,10,10,8,2,5,20,20,20,20,0,20,35,10,10,15,20,10,7,10,8,9,9,0,5,7,8,6,7,5,6,6,0,6,1,2,20,15,20,25,5,5,6,8,8,8,8,1,0,0,30,10,20,30,5,5,7,9,8,7,8
1,2,21,22,9,3,12,0,-0.1,0,28,6,25,15,25,15,10,10,1,7,7,7,8,5,6,7,7,2,28,8,2,2,3,1,7,1,7,8,5,6,9,7,7,4,8,8,7,7,8,8,10,10,8,2,5,20,20,20,20,0,20,35,10,10,15,20,10,7,10,8,9,9,0,2,9,9,8,8,6,5,6,0,6,1,2,20,15,20,25,5,5,6,8,8,8,8,1,0,0,30,10,20,30,5,5,7,9,8,7,8
1,2,21,22,5,21,15,0,0.4,0,27,4,10,25,20,20,5,20,1,7,6,8,8,8,3,7,2,2,28,8,2,2,3,1,7,1,7,8,5,6,9,7,7,4,8,8,7,7,8,8,10,10,8,2,5,20,20,20,20,0,20,35,10,10,15,20,10,7,10,8,9,9,0,3,7,6,8,9,5,5,4,0,6,1,2,20,15,20,25,5,5,6,8,8,8,8,1,0,0,30,10,20,30,5,5,7,9,8,7,8
1,2,21,22,11,5,16,1,0.16,0,25,4,15,20,25,20,10,10,1,6,9,7,7,7,4,6,3,2,28,8,2,2,3,1,7,1,7,8,5,6,9,7,7,4,8,8,7,7,8,8,10,10,8,2,5,20,20,20,20,0,20,35,10,10,15,20,10,7,10,8,9,9,1,6,8,10,7,7,6,7,5,0,6,1,2,20,15,20,25,5,5,6,8,8,8,8,1,0,0,30,10,20,30,5,5,7,9,8,7,8
1,2,21,22,17,11,17,0,0.36,1,24,2,10,15,30,20,15,10,0,8,8,6,7,7,6,6,5,2,28,8,2,2,3,1,7,1,7,8,5,6,9,7,7,4,8,8,7,7,8,8,10,10,8,2,5,20,20,20,20,0,20,35,10,10,15,20,10,7,10,8,9,9,0,6,8,8,9,7,7,5,5,0,6,1,2,20,15,20,25,5,5,6,8,8,8,8,1,0,0,30,10,20,30,5,5,7,9,8,7,8
1,2,21,22,14,8,18,0,0.38,0,26,3,10,10,30,20,10,15,1,10,5,8,10,5,5,7,2,2,28,8,2,2,3,1,7,1,7,8,5,6,9,7,7,4,8,8,7,7,8,8,10,10,8,2,5,20,20,20,20,0,20,35,10,10,15,20,10,7,10,8,9,9,0,2,7,7,8,7,6,5,5,0,6,1,2,20,15,20,25,5,5,6,8,8,8,8,1,0,0,30,10,20,30,5,5,7,9,8,7,8
1,2,21,22,13,7,19,0,0.45,0,24,6,50,20,10,5,10,5,0,4,6,7,7,8,4,6,3,2,28,8,2,2,3,1,7,1,7,8,5,6,9,7,7,4,8,8,7,7,8,8,10,10,8,2,5,20,20,20,20,0,20,35,10,10,15,20,10,7,10,8,9,9,1,5,7,7,7,8,6,6,5,0,6,1,2,20,15,20,25,5,5,6,8,8,8,8,1,0,0,30,10,20,30,5,5,7,9,8,7,8
1,2,21,22,2,18,22,0,0.29,0,22,4,20,20,10,15,5,30,1,7,8,8,8,7,8,8,5,2,28,8,2,2,3,1,7,1,7,8,5,6,9,7,7,4,8,8,7,7,8,8,10,10,8,2,5,20,20,20,20,0,20,35,10,10,15,20,10,7,10,8,9,9,0,4,7,7,7,7,6,4,4,0,6,1,2,20,15,20,25,5,5,6,8,8,8,8,1,0,0,30,10,20,30,5,5,7,9,8,7,8
1,2,21,22,15,6,3,0,0.83,0,23,4,20,10,10,30,15,15,1,6,3,5,3,3,3,4,4,2,25,18,2,1,1,1,2,1,15,8,2,5,10,10,10,7,1,9,8,3,7,9,10,10,7,3,10,70,0,15,15,0,0,50,0,0,30,0,20,8,7,6,7,7,0,7,5,5,4,5,1,4,6,0,5,1,2,70,0,15,10,0,5,9,3,7,6,9,2,0,0,70,0,20,10,0,0,8,5,7,6,7
1,2,21,22,16,7,6,0,0.54,1,23,2,20,20,20,15,5,20,1,10,7,5,5,5,9,7,4,2,25,18,2,1,1,1,2,1,15,8,2,5,10,10,10,7,1,9,8,3,7,9,10,10,7,3,10,70,0,15,15,0,0,50,0,0,30,0,20,8,7,6,7,7,0,4,6,8,7,8,8,6,9,0,5,1,2,70,0,15,10,0,5,9,3,7,6,9,2,0,0,70,0,20,10,0,0,8,5,7,6,7
1,2,21,22,18,9,8,1,0.59,0,27,4,58,5,8,10,7,12,1,7,7,7,8,7,8,7,6,2,25,18,2,1,1,1,2,1,15,8,2,5,10,10,10,7,1,9,8,3,7,9,10,10,7,3,10,70,0,15,15,0,0,50,0,0,30,0,20,8,7,6,7,7,1,8,7,8,9,8,8,8,6,0,5,1,2,70,0,15,10,0,5,9,3,7,6,9,2,0,0,70,0,20,10,0,0,8,5,7,6,7
1,2,21,22,1,14,9,0,0.43,0,30,3,15,20,20,20,5,10,0,6,5,4,3,6,5,3,6,2,25,18,2,1,1,1,2,1,15,8,2,5,10,10,10,7,1,9,8,3,7,9,10,10,7,3,10,70,0,15,15,0,0,50,0,0,30,0,20,8,7,6,7,7,1,6,9,9,9,8,8,7,6,0,5,1,2,70,0,15,10,0,5,9,3,7,6,9,2,0,0,70,0,20,10,0,0,8,5,7,6,7
1,2,21,22,6,19,10,0,0.47,1,23,2,20,25,25,30,5,5,1,8,7,6,7,7,2,6,4,2,25,18,2,1,1,1,2,1,15,8,2,5,10,10,10,7,1,9,8,3,7,9,10,10,7,3,10,70,0,15,15,0,0,50,0,0,30,0,20,8,7,6,7,7,0,5,8,8,7,7,8,6,7,0,5,1,2,70,0,15,10,0,5,9,3,7,6,9,2,0,0,70,0,20,10,0,0,8,5,7,6,7
1,2,21,22,9,22,12,0,0.37,0,28,6,25,15,25,15,10,10,0,6,6,6,6,6,6,5,2,2,25,18,2,1,1,1,2,1,15,8,2,5,10,10,10,7,1,9,8,3,7,9,10,10,7,3,10,70,0,15,15,0,0,50,0,0,30,0,20,8,7,6,7,7,0,2,7,6,6,6,7,5,5,0,5,1,2,70,0,15,10,0,5,9,3,7,6,9,2,0,0,70,0,20,10,0,0,8,5,7,6,7
1,2,21,22,8,21,13,0,0.27,1,26,2,10,30,20,15,15,10,1,9,7,7,8,8,6,7,5,2,25,18,2,1,1,1,2,1,15,8,2,5,10,10,10,7,1,9,8,3,7,9,10,10,7,3,10,70,0,15,15,0,0,50,0,0,30,0,20,8,7,6,7,7,0,3,4,6,4,4,4,4,5,0,5,1,2,70,0,15,10,0,5,9,3,7,6,9,2,0,0,70,0,20,10,0,0,8,5,7,6,7
1,2,21,22,4,17,14,0,0.45,1,22,2,10,20,15,20,15,20,1,8,9,9,7,6,7,7,4.5,2,25,18,2,1,1,1,2,1,15,8,2,5,10,10,10,7,1,9,8,3,7,9,10,10,7,3,10,70,0,15,15,0,0,50,0,0,30,0,20,8,7,6,7,7,0,3,3,9,6,9,6,6,3,0,5,1,2,70,0,15,10,0,5,9,3,7,6,9,2,0,0,70,0,20,10,0,0,8,5,7,6,7
1,2,21,22,5,18,15,0,0.35,0,27,4,10,25,20,20,5,20,1,7,2,6,5,8,3,7,2,2,25,18,2,1,1,1,2,1,15,8,2,5,10,10,10,7,1,9,8,3,7,9,10,10,7,3,10,70,0,15,15,0,0,50,0,0,30,0,20,8,7,6,7,7,0,2,7,9,8,7,8,6,6,0,5,1,2,70,0,15,10,0,5,9,3,7,6,9,2,0,0,70,0,20,10,0,0,8,5,7,6,7
1,2,21,22,2,15,22,0,0.01,0,22,4,20,20,10,15,5,30,1,8,8,7,7,7,7,8,5,2,25,18,2,1,1,1,2,1,15,8,2,5,10,10,10,7,1,9,8,3,7,9,10,10,7,3,10,70,0,15,15,0,0,50,0,0,30,0,20,8,7,6,7,7,0,3,7,6,4,8,1,4,5,0,5,1,2,70,0,15,10,0,5,9,3,7,6,9,2,0,0,70,0,20,10,0,0,8,5,7,6,7
